truth,k,est,test,rate,no_p,converged,b_x
logit,0,ML,EDGE.poly3.u.Grule,0.059,0,,0.602853868491474
logit,0,ML,EDGE.sym.u.Grule,0.044,0,,0.602853868491474
logit,0,ML,EDGE.poly3.sc.Grule,0.056,0,,0.602853868491474
logit,0,ML,EDGE.sym.sc.Grule,0.05,0,,0.602853868491474
logit,0,ML,Stk.joint,0.064,0,,0.602853868491474
logit,0,ML,Stk.sym1,0.045,0,,0.602853868491474
logit,0,ML,GiViTI,0.049,0,,0.602853868491474
logit,0,ML,Cubic.LR,0.051,0,,0.602853868491474
logit,0,ML,HL.Grule,0.059,0,,0.602853868491474
logit,0,ML,HLF.Grule,0.059,0,,0.602853868491474
logit,0,ML,Stk.LR,0.061,0,,0.602853868491474
logit,0,robust,EDGE.poly3.u.Grule,0.059,0,1,0.603534442899864
logit,0,robust,EDGE.sym.u.Grule,0.164,0,1,0.603534442899864
logit,0,robust,EDGE.poly3.sc.Grule,0.619,0,1,0.603534442899864
logit,0,robust,EDGE.sym.sc.Grule,0.225,0,1,0.603534442899864
logit,0,robust,Stk.joint,0.199,0,1,0.603534442899864
logit,0,robust,Stk.sym1,0.223,0,1,0.603534442899864
logit,0,robust,GiViTI,0.054,0,1,0.603534442899864
logit,0,robust,Cubic.LR,0.053,0,1,0.603534442899864
logit,0,robust,HL.Grule,0.05,0,1,0.603534442899864
logit,0,robust,HLF.Grule,0.051,0,1,0.603534442899864
logit,0,robust,Stk.LR,0.067,0,1,0.603534442899864
logit,5,ML,EDGE.poly3.u.Grule,0.06,0,,0.591149767895531
logit,5,ML,EDGE.sym.u.Grule,0.055,0,,0.591149767895531
logit,5,ML,EDGE.poly3.sc.Grule,0.46,0,,0.591149767895531
logit,5,ML,EDGE.sym.sc.Grule,0.065,0,,0.591149767895531
logit,5,ML,Stk.joint,0.402,0,,0.591149767895531
logit,5,ML,Stk.sym1,0.375,0,,0.591149767895531
logit,5,ML,GiViTI,0.25,0,,0.591149767895531
logit,5,ML,Cubic.LR,0.319,0,,0.591149767895531
logit,5,ML,HL.Grule,0.05,0,,0.591149767895531
logit,5,ML,HLF.Grule,0.055,0,,0.591149767895531
logit,5,ML,Stk.LR,0.316,0,,0.591149767895531
logit,5,robust,EDGE.poly3.u.Grule,0.063,0,1,0.601306818118628
logit,5,robust,EDGE.sym.u.Grule,0.19,0,1,0.601306818118628
logit,5,robust,EDGE.poly3.sc.Grule,0.541,0,1,0.601306818118628
logit,5,robust,EDGE.sym.sc.Grule,0.234,0,1,0.601306818118628
logit,5,robust,Stk.joint,0.513,0,1,0.601306818118628
logit,5,robust,Stk.sym1,0.508,0,1,0.601306818118628
logit,5,robust,GiViTI,0.265,0,1,0.601306818118628
logit,5,robust,Cubic.LR,0.322,0,1,0.601306818118628
logit,5,robust,HL.Grule,0.055,0,1,0.601306818118628
logit,5,robust,HLF.Grule,0.053,0,1,0.601306818118628
logit,5,robust,Stk.LR,0.329,0,1,0.601306818118628
logit,10,ML,EDGE.poly3.u.Grule,0.089,0,,0.578579524487551
logit,10,ML,EDGE.sym.u.Grule,0.055,0,,0.578579524487551
logit,10,ML,EDGE.poly3.sc.Grule,0.659,0,,0.578579524487551
logit,10,ML,EDGE.sym.sc.Grule,0.077,0,,0.578579524487551
logit,10,ML,Stk.joint,0.609,0,,0.578579524487551
logit,10,ML,Stk.sym1,0.588,0,,0.578579524487551
logit,10,ML,GiViTI,0.379,0,,0.578579524487551
logit,10,ML,Cubic.LR,0.465,0,,0.578579524487551
logit,10,ML,HL.Grule,0.045,0,,0.578579524487551
logit,10,ML,HLF.Grule,0.046,0,,0.578579524487551
logit,10,ML,Stk.LR,0.472,0,,0.578579524487551
logit,10,robust,EDGE.poly3.u.Grule,0.087,0,1,0.59724423571019
logit,10,robust,EDGE.sym.u.Grule,0.218,0,1,0.59724423571019
logit,10,robust,EDGE.poly3.sc.Grule,0.56,0,1,0.59724423571019
logit,10,robust,EDGE.sym.sc.Grule,0.272,0,1,0.59724423571019
logit,10,robust,Stk.joint,0.701,0,1,0.59724423571019
logit,10,robust,Stk.sym1,0.686,0,1,0.59724423571019
logit,10,robust,GiViTI,0.4,0,1,0.59724423571019
logit,10,robust,Cubic.LR,0.466,0,1,0.59724423571019
logit,10,robust,HL.Grule,0.063,0,1,0.59724423571019
logit,10,robust,HLF.Grule,0.059,0,1,0.59724423571019
logit,10,robust,Stk.LR,0.482,0,1,0.59724423571019
logit,25,ML,EDGE.poly3.u.Grule,0.345,0,,0.541509563010661
logit,25,ML,EDGE.sym.u.Grule,0.105,0,,0.541509563010661
logit,25,ML,EDGE.poly3.sc.Grule,0.899,0,,0.541509563010661
logit,25,ML,EDGE.sym.sc.Grule,0.077,0,,0.541509563010661
logit,25,ML,Stk.joint,0.892,0,,0.541509563010661
logit,25,ML,Stk.sym1,0.882,0,,0.541509563010661
logit,25,ML,GiViTI,0.639,0,,0.541509563010661
logit,25,ML,Cubic.LR,0.773,0,,0.541509563010661
logit,25,ML,HL.Grule,0.114,0,,0.541509563010661
logit,25,ML,HLF.Grule,0.116,0,,0.541509563010661
logit,25,ML,Stk.LR,0.81,0,,0.541509563010661
logit,25,robust,EDGE.poly3.u.Grule,0.339,0,1,0.586090942407082
logit,25,robust,EDGE.sym.u.Grule,0.52,0,1,0.586090942407082
logit,25,robust,EDGE.poly3.sc.Grule,0.737,0,1,0.586090942407082
logit,25,robust,EDGE.sym.sc.Grule,0.543,0,1,0.586090942407082
logit,25,robust,Stk.joint,0.937,0,1,0.586090942407082
logit,25,robust,Stk.sym1,0.925,0,1,0.586090942407082
logit,25,robust,GiViTI,0.678,0,1,0.586090942407082
logit,25,robust,Cubic.LR,0.774,0,1,0.586090942407082
logit,25,robust,HL.Grule,0.171,0,1,0.586090942407082
logit,25,robust,HLF.Grule,0.14,0,1,0.586090942407082
logit,25,robust,Stk.LR,0.822,0,1,0.586090942407082
probit,0,ML,EDGE.poly3.u.Grule,0.071,0,,1.03444544554168
probit,0,ML,EDGE.sym.u.Grule,0.083,0,,1.03444544554168
probit,0,ML,EDGE.poly3.sc.Grule,0.056,0,,1.03444544554168
probit,0,ML,EDGE.sym.sc.Grule,0.109,0,,1.03444544554168
probit,0,ML,Stk.joint,0.067,0,,1.03444544554168
probit,0,ML,Stk.sym1,0.104,0,,1.03444544554168
probit,0,ML,GiViTI,0.048,0,,1.03444544554168
probit,0,ML,Cubic.LR,0.096,0,,1.03444544554168
probit,0,ML,HL.Grule,0.044,0,,1.03444544554168
probit,0,ML,HLF.Grule,0.052,0,,1.03444544554168
probit,0,ML,Stk.LR,0.089,0,,1.03444544554168
probit,0,robust,EDGE.poly3.u.Grule,0.064,0,1,1.02182980151355
probit,0,robust,EDGE.sym.u.Grule,0.263,0,1,1.02182980151355
probit,0,robust,EDGE.poly3.sc.Grule,0.686,0,1,1.02182980151355
probit,0,robust,EDGE.sym.sc.Grule,0.403,0,1,1.02182980151355
probit,0,robust,Stk.joint,0.39,0,1,1.02182980151355
probit,0,robust,Stk.sym1,0.413,0,1,1.02182980151355
probit,0,robust,GiViTI,0.061,0,1,1.02182980151355
probit,0,robust,Cubic.LR,0.095,0,1,1.02182980151355
probit,0,robust,HL.Grule,0.041,0,1,1.02182980151355
probit,0,robust,HLF.Grule,0.054,0,1,1.02182980151355
probit,0,robust,Stk.LR,0.107,0,1,1.02182980151355
probit,5,ML,EDGE.poly3.u.Grule,0.064,0,,1.01608654549588
probit,5,ML,EDGE.sym.u.Grule,0.059,0,,1.01608654549588
probit,5,ML,EDGE.poly3.sc.Grule,0.329,0,,1.01608654549588
probit,5,ML,EDGE.sym.sc.Grule,0.106,0,,1.01608654549588
probit,5,ML,Stk.joint,0.281,0,,1.01608654549588
probit,5,ML,Stk.sym1,0.246,0,,1.01608654549588
probit,5,ML,GiViTI,0.226,0,,1.01608654549588
probit,5,ML,Cubic.LR,0.271,0,,1.01608654549588
probit,5,ML,HL.Grule,0.043,0,,1.01608654549588
probit,5,ML,HLF.Grule,0.045,0,,1.01608654549588
probit,5,ML,Stk.LR,0.26,0,,1.01608654549588
probit,5,robust,EDGE.poly3.u.Grule,0.056,0,1,1.01614383022767
probit,5,robust,EDGE.sym.u.Grule,0.22,0,1,1.01614383022767
probit,5,robust,EDGE.poly3.sc.Grule,0.675,0,1,1.01614383022767
probit,5,robust,EDGE.sym.sc.Grule,0.354,0,1,1.01614383022767
probit,5,robust,Stk.joint,0.516,0,1,1.01614383022767
probit,5,robust,Stk.sym1,0.498,0,1,1.01614383022767
probit,5,robust,GiViTI,0.242,0,1,1.01614383022767
probit,5,robust,Cubic.LR,0.27,0,1,1.01614383022767
probit,5,robust,HL.Grule,0.042,0,1,1.01614383022767
probit,5,robust,HLF.Grule,0.047,0,1,1.01614383022767
probit,5,robust,Stk.LR,0.275,0,1,1.01614383022767
probit,10,ML,EDGE.poly3.u.Grule,0.07,0,,1.00332826091383
probit,10,ML,EDGE.sym.u.Grule,0.063,0,,1.00332826091383
probit,10,ML,EDGE.poly3.sc.Grule,0.472,0,,1.00332826091383
probit,10,ML,EDGE.sym.sc.Grule,0.124,0,,1.00332826091383
probit,10,ML,Stk.joint,0.415,0,,1.00332826091383
probit,10,ML,Stk.sym1,0.383,0,,1.00332826091383
probit,10,ML,GiViTI,0.311,0,,1.00332826091383
probit,10,ML,Cubic.LR,0.354,0,,1.00332826091383
probit,10,ML,HL.Grule,0.054,0,,1.00332826091383
probit,10,ML,HLF.Grule,0.064,0,,1.00332826091383
probit,10,ML,Stk.LR,0.371,0,,1.00332826091383
probit,10,robust,EDGE.poly3.u.Grule,0.058,0,1,1.01189009352729
probit,10,robust,EDGE.sym.u.Grule,0.211,0,1,1.01189009352729
probit,10,robust,EDGE.poly3.sc.Grule,0.654,0,1,1.01189009352729
probit,10,robust,EDGE.sym.sc.Grule,0.339,0,1,1.01189009352729
probit,10,robust,Stk.joint,0.608,0,1,1.01189009352729
probit,10,robust,Stk.sym1,0.585,0,1,1.01189009352729
probit,10,robust,GiViTI,0.322,0,1,1.01189009352729
probit,10,robust,Cubic.LR,0.354,0,1,1.01189009352729
probit,10,robust,HL.Grule,0.074,0,1,1.01189009352729
probit,10,robust,HLF.Grule,0.077,0,1,1.01189009352729
probit,10,robust,Stk.LR,0.388,0,1,1.01189009352729
probit,25,ML,EDGE.poly3.u.Grule,0.177,0,,0.95716748784395
probit,25,ML,EDGE.sym.u.Grule,0.101,0,,0.95716748784395
probit,25,ML,EDGE.poly3.sc.Grule,0.833,0,,0.95716748784395
probit,25,ML,EDGE.sym.sc.Grule,0.107,0,,0.95716748784395
probit,25,ML,Stk.joint,0.806,0,,0.95716748784395
probit,25,ML,Stk.sym1,0.76,0,,0.95716748784395
probit,25,ML,GiViTI,0.615,0,,0.95716748784395
probit,25,ML,Cubic.LR,0.659,0,,0.95716748784395
probit,25,ML,HL.Grule,0.149,0,,0.95716748784395
probit,25,ML,HLF.Grule,0.135,0,,0.95716748784395
probit,25,ML,Stk.LR,0.703,0,,0.95716748784395
probit,25,robust,EDGE.poly3.u.Grule,0.199,0,1,1.00155022341814
probit,25,robust,EDGE.sym.u.Grule,0.378,0,1,1.00155022341814
probit,25,robust,EDGE.poly3.sc.Grule,0.721,0,1,1.00155022341814
probit,25,robust,EDGE.sym.sc.Grule,0.431,0,1,1.00155022341814
probit,25,robust,Stk.joint,0.873,0,1,1.00155022341814
probit,25,robust,Stk.sym1,0.843,0,1,1.00155022341814
probit,25,robust,GiViTI,0.641,0,1,1.00155022341814
probit,25,robust,Cubic.LR,0.66,0,1,1.00155022341814
probit,25,robust,HL.Grule,0.259,0,1,1.00155022341814
probit,25,robust,HLF.Grule,0.179,0,1,1.00155022341814
probit,25,robust,Stk.LR,0.724,0,1,1.00155022341814
