cell,rep,id_ok,b0,bx,bd,max_eta_corrupt
clean,1,TRUE,-0.168528195249961,0.516994602761238,0.782707325838829,
clean,2,TRUE,0.0523978803748796,0.630711551545104,0.232064073908669,
clean,3,TRUE,-0.0144618837205509,0.65234675107608,0.340123265431311,
clean,4,TRUE,-0.0658094972770137,0.611268065540614,0.344893918800472,
clean,5,TRUE,-0.00651588757620563,0.575062879609504,0.675415390444864,
clean,6,TRUE,0.128894186530234,0.574423796711604,0.335378892951179,
clean,7,TRUE,0.245514319790726,0.562927148091885,0.257854618500494,
clean,8,TRUE,-0.0274441769447219,0.656623817136925,0.47340404669407,
clean,9,TRUE,-0.0703060491272062,0.673796890874691,0.906831932887368,
clean,10,TRUE,-0.0931807964644011,0.604568970105371,0.563254999658751,
clean,11,TRUE,-0.0346772815916002,0.616454045525507,0.465082597919993,
clean,12,TRUE,-0.158187218262083,0.617826673845395,0.727133714880574,
clean,13,TRUE,-0.142592784938405,0.513716168394422,0.387419822950582,
clean,14,TRUE,0.0518364446630274,0.630186453751676,0.373753965011105,
clean,15,TRUE,-0.139731142780581,0.672368719691044,0.72183811544084,
clean,16,TRUE,0.193635828914258,0.587839118376812,0.470901378030835,
clean,17,TRUE,0.0358970234819488,0.583418276242353,0.505863871043408,
clean,18,TRUE,0.0805918332756319,0.471392646980149,0.310752100318991,
clean,19,TRUE,0.0590611754896237,0.55648292220545,0.382970573606698,
clean,20,TRUE,0.290324371128849,0.639112149198719,0.213756256393395,
clean,21,TRUE,0.0444271669610234,0.571196895467632,0.404233724158343,
clean,22,TRUE,0.0586951682563804,0.627204079929001,0.446728990210198,
clean,23,TRUE,-0.0167874464901147,0.773243683865264,0.635270455169143,
clean,24,TRUE,-0.0643642196342138,0.588864571034315,0.783512137034301,
clean,25,TRUE,0.194844552370221,0.524608416644164,0.201626052385827,
clean,26,TRUE,0.00749015117755894,0.500770364354254,0.277088500302148,
clean,27,TRUE,0.16588970408149,0.609087026519755,0.344965853376812,
clean,28,TRUE,0.0682843316374341,0.639464272259493,0.784053977961478,
clean,29,TRUE,0.0585042022306562,0.623026435696269,0.715643539164257,
clean,30,TRUE,-0.0482630082510205,0.557881511016669,0.449241545311707,
clean,31,TRUE,-0.0773835921462606,0.525139596940847,0.616702453298002,
clean,32,TRUE,0.137176859602185,0.631608667781214,0.488871655465789,
clean,33,TRUE,-0.138429938068366,0.560726048337838,0.898553815528663,
clean,34,TRUE,-0.0592871647966432,0.44084019340453,0.602332918403463,
clean,35,TRUE,-0.0540462574452262,0.564315312167346,0.692150586699398,
clean,36,TRUE,-0.0786187726356336,0.655311004158728,0.603828619899294,
clean,37,TRUE,0.0685233994602809,0.562976683633608,0.347859395320209,
clean,38,TRUE,-0.261669195935282,0.67852989924148,0.814819602786403,
clean,39,TRUE,-0.0269591594723936,0.697754874166005,0.492725054934289,
clean,40,TRUE,-0.0276641614548885,0.557264041047484,0.323377405671539,
clean,41,TRUE,0.216795155845632,0.600467062523698,0.214220774821214,
clean,42,TRUE,0.0607511491272084,0.626683623742495,0.287024969811609,
clean,43,TRUE,0.0311283480031102,0.583660392079222,0.318239217169908,
clean,44,TRUE,0.0404075743460897,0.508063102645353,0.405027290533094,
clean,45,TRUE,0.0586216034976196,0.509781965464885,0.110759091698468,
clean,46,TRUE,-0.0271275524438942,0.622889771096788,0.532944239440321,
clean,47,TRUE,-0.195858921226622,0.55173279476733,0.817379322583385,
clean,48,TRUE,0.201492730992145,0.687219161296839,0.332177958005268,
clean,49,TRUE,-0.198829666502991,0.686011664509892,0.695919201138308,
clean,50,TRUE,0.0649804663323394,0.54687388232106,0.509830476129098,
clean,51,TRUE,0.0882167167294704,0.678157531793326,0.663261195488558,
clean,52,TRUE,0.173077495395565,0.463682576366099,0.185959975264519,
clean,53,TRUE,-0.0591405451307462,0.699812401732164,0.391572955587052,
clean,54,TRUE,0.114281881451004,0.594604483624491,0.353667947443074,
clean,55,TRUE,-0.0398681423630813,0.685888340023288,0.614515641898503,
clean,56,TRUE,-0.111568288998965,0.617189624381999,0.348176527795702,
clean,57,TRUE,-0.0322470712559209,0.621777984002487,0.712775798784281,
clean,58,TRUE,-0.118215041309319,0.711796174571191,0.604318603986606,
clean,59,TRUE,-0.171584364685427,0.709500199075003,0.987490654732916,
clean,60,TRUE,0.0814021149102213,0.627548578580169,0.250469134473618,
clean,61,TRUE,0.133195242968585,0.571518560307072,0.371847839405793,
clean,62,TRUE,-0.167394613167341,0.516335512097001,0.879982895505804,
clean,63,TRUE,0.287880511002118,0.602388767048599,-0.00981379906708777,
clean,64,TRUE,-0.157299838225115,0.701908871330454,0.773522270185936,
clean,65,TRUE,0.114672870994661,0.496471792154742,0.607053809163679,
clean,66,TRUE,-0.0618473167581288,0.657725238875877,0.699440334231794,
clean,67,TRUE,-0.0172602729891191,0.618620690823931,0.742261737258857,
clean,68,TRUE,-0.11843173395531,0.619579965633423,0.564459274846556,
clean,69,TRUE,0.244486922677821,0.621346462221626,0.212554498752853,
clean,70,TRUE,-0.0437096207289549,0.607877483039272,0.504325310447517,
clean,71,TRUE,0.0352892045511086,0.616994687882025,0.334184874028534,
clean,72,TRUE,0.249647567904211,0.571391045162609,0.238271974638479,
clean,73,TRUE,0.0193646137402431,0.648289031891608,0.512884901471365,
clean,74,TRUE,0.0487693887702291,0.642991199100739,0.427066443594697,
clean,75,TRUE,0.440302652222193,0.57251331524847,0.189671064748991,
clean,76,TRUE,0.18496164460358,0.710823903837718,0.244212178138989,
clean,77,TRUE,0.240063823593223,0.633173727219056,0.049191517391058,
clean,78,TRUE,-0.0370297306319976,0.644958997857623,0.450944104321841,
clean,79,TRUE,-0.0316159231043978,0.620915747764356,0.315217350101291,
clean,80,TRUE,-0.115149748874069,0.695308911113119,0.749951855094278,
clean,81,TRUE,0.156035181558693,0.550003311816701,0.590500063510733,
clean,82,TRUE,-0.136975229029435,0.659560544332899,0.762899335198901,
clean,83,TRUE,-0.243116998945393,0.523115757104393,0.716929323049263,
clean,84,TRUE,0.0239138228208167,0.583845804103819,0.501883796878075,
clean,85,TRUE,-0.207722734351408,0.470470028867648,0.657098055371773,
clean,86,TRUE,0.267495200834174,0.764840101746414,0.421685268768084,
clean,87,TRUE,-0.111075989502921,0.625351687032039,0.470156700678066,
clean,88,TRUE,-0.138620655423027,0.647127811639611,0.677067415177278,
clean,89,TRUE,0.112010449644578,0.605428532431683,0.266179164259621,
clean,90,TRUE,0.0341826232058285,0.563725754755867,0.627714036473598,
clean,91,TRUE,-0.241659007700463,0.750229287476287,0.87173378382163,
clean,92,TRUE,-0.0454280023150663,0.782220168460445,0.827498754304301,
clean,93,TRUE,-0.0070007112827632,0.635280172424672,0.598664650515051,
clean,94,TRUE,-0.192311774744545,0.656965115389357,0.927402288436282,
clean,95,TRUE,0.147337529456602,0.459617607620016,0.395868551938126,
clean,96,TRUE,-0.0126397968378104,0.66570545045106,0.51819805455006,
clean,97,TRUE,-0.0767707375360059,0.623367290261541,0.528272257052349,
clean,98,TRUE,-0.0925102136144518,0.637076202127345,0.488229226683263,
clean,99,TRUE,0.17829965540611,0.544192851343231,0.444525978354529,
clean,100,TRUE,0.0548339822231936,0.706773196628328,0.58471342422692,
x4,1,TRUE,-0.0336517338232872,0.540860956977155,0.851864782050881,5.46610652744227
x4,2,TRUE,-0.01474972218431,0.507364416373581,0.567423028474493,5.12333488147881
x4,3,TRUE,-0.105632391190374,0.644563649561394,0.790644261922151,5.98082964804283
x4,4,TRUE,0.232879926836507,0.629215064222416,0.307129456925836,6.97649143261742
x4,5,TRUE,0.0164170607238593,0.504202433789505,0.509486804281844,5.87541770739668
x4,6,TRUE,-0.266046244053548,0.587967045240212,0.859427883204068,3.18443407769292
x4,7,TRUE,-0.000861716727293968,0.471901908409486,0.309161887537624,5.2454463715707
x4,8,TRUE,-0.182521584094447,0.573318119530225,0.732151938438194,6.65969100967292
x4,9,TRUE,0.232835937650787,0.582854761419161,0.209840242485719,6.0242585875065
x4,10,TRUE,-0.097139506953481,0.612036997355241,0.59133868131193,4.59620600618831
x4,11,TRUE,-0.0830363130204752,0.60386113197167,0.352425128130927,6.14450684044099
x4,12,TRUE,-0.0751127481030284,0.498339331663244,0.532729405072477,5.49841134081728
x4,13,TRUE,0.0654638484722161,0.645314965024879,0.376018705306785,3.1222266823232
x4,14,TRUE,-0.0455437545022154,0.578934129160611,0.182212988815087,6.65684636987714
x4,15,TRUE,0.378724298065036,0.597956862776904,0.0141104619907165,6.40244025149151
x4,16,TRUE,0.216702213116362,0.693738169587804,0.258587930805218,6.74112602798512
x4,17,TRUE,0.0405830897364123,0.535288091141013,0.372373286352865,5.81221405898026
x4,18,TRUE,0.138727438618642,0.513959667573715,0.329642491687938,4.98573206373043
x4,19,TRUE,0.0665324518006766,0.599853660783205,0.439006792506761,2.84427291272192
x4,20,TRUE,-0.0557070412210117,0.581764032117387,0.622191383408118,3.84081492178046
x4,21,TRUE,0.157227437730371,0.513461136494601,0.362871481349473,4.82168967861978
x4,22,TRUE,0.0363566936004539,0.496859886649196,0.475439026441498,2.47826547226526
x4,23,TRUE,0.119198312806177,0.568734953384991,0.366391678634563,5.7034794994464
x4,24,TRUE,-0.170527422719051,0.51574901629463,0.879039715579738,4.30004320788571
x4,25,TRUE,-0.13321772372963,0.540277026401646,0.760822002089486,4.07130974064523
x4,26,TRUE,-0.188055172478196,0.661598705277114,0.300630468993211,6.40846818023341
x4,27,TRUE,0.160374196804891,0.606872221741947,-0.157293055250249,5.97744679625524
x4,28,TRUE,-0.120408753688036,0.564576739718849,0.622871928757688,6.87931190049562
x4,29,TRUE,-0.052719687851945,0.521205729685513,0.329625245615202,5.14954088216086
x4,30,TRUE,-0.0227096572197583,0.633512485385884,0.710123898543525,4.13969031365037
x4,31,TRUE,-0.0864365247644125,0.700216847259426,0.420274665853919,7.37061768827852
x4,32,TRUE,-0.326739597983108,0.566398461926692,0.702102715018217,5.22668813705404
x4,33,TRUE,0.286897360305157,0.660747813428197,0.392492260858503,7.19596709829813
x4,34,TRUE,0.184701040020628,0.53093835844373,0.145798674357976,6.45021922433629
x4,35,TRUE,-0.285328230559239,0.611938932801637,0.850111742344344,2.54392375177675
x4,36,TRUE,-0.170240064607083,0.678229966241499,0.588689340594475,6.60621172488233
x4,37,TRUE,0.100377105178504,0.487749652737778,0.300209226266492,5.77501497982657
x4,38,TRUE,0.0426354131623997,0.562074566369248,0.319959106652087,5.42534619825965
x4,39,TRUE,0.0680687228549734,0.575761460032682,0.364890835861795,6.97698115513317
x4,40,TRUE,-0.0518462722831707,0.554987155008165,0.536318629690254,6.07195230502555
x4,41,TRUE,-0.0963021224698164,0.562818435985574,0.609481958608282,6.47422653182855
x4,42,TRUE,-0.073022132750203,0.696440917530515,0.678064976981865,6.23592837205577
x4,43,TRUE,-0.178407005512451,0.682543494237314,0.387327516728138,5.78903121739659
x4,44,TRUE,0.197525389481721,0.740946471523295,0.41346680108206,8.72781636107558
x4,45,TRUE,0.0266261181192845,0.683248973447296,0.28768551516418,7.47213533951183
x4,46,TRUE,-0.00793295517865918,0.594694569123404,0.358045848785321,6.68947181203734
x4,47,TRUE,-0.0110782759462192,0.595474217358579,0.253104269026954,6.66568314913583
x4,48,TRUE,-0.273645867384316,0.504177850697597,0.811236722724268,5.57480508439006
x4,49,TRUE,0.137836916608964,0.613813271895549,0.192443087999721,3.25498201508537
x4,50,TRUE,0.236913842555073,0.54135150204569,0.616321146778325,6.22905009929793
x4,51,TRUE,-0.207455624457034,0.662984954522637,0.643244583949872,5.98638003208231
x4,52,TRUE,-0.0233829725281005,0.542727904918753,0.604064577344107,3.1287183112918
x4,53,TRUE,-0.0230476548555325,0.621639259589469,0.390506902603428,5.17425907079063
x4,54,TRUE,0.228730312473359,0.617390332392425,0.117003979261804,5.96578963133273
x4,55,TRUE,-0.0589861523937512,0.656730490496693,0.610687665967924,2.24865836409811
x4,56,TRUE,-0.132605237088598,0.493079664522964,0.481916391659584,4.47334409266983
x4,57,TRUE,0.0399009755480905,0.618309385102956,0.693346936771766,5.02623548643618
x4,58,TRUE,0.202007858515083,0.530775325809242,0.308044628023061,4.67002460739649
x4,59,TRUE,0.0898972877103875,0.663400104400132,0.596165133565441,5.19807842744897
x4,60,TRUE,0.104767735208465,0.631432608317458,0.25480527351611,7.19607637231258
x4,61,TRUE,0.0821848556650076,0.580130636292734,0.221986040923249,6.59321965483921
x4,62,TRUE,0.0577300264827744,0.542112476390092,0.187608957496196,4.99074860374346
x4,63,TRUE,0.106183935355294,0.664636024830917,0.321408009627188,5.44693431216038
x4,64,TRUE,0.164155476135394,0.545347409890801,0.217744108876064,2.74702225580113
x4,65,TRUE,-0.220945133923223,0.438647805146835,0.839399952173737,3.42646144139931
x4,66,TRUE,0.0467205130421574,0.50010179526349,0.567305374705905,5.66038529119339
x4,67,TRUE,0.145521064217858,0.581827531815702,0.47313038294195,3.85675366809739
x4,68,TRUE,-0.0198312730873485,0.466802228566721,0.319000136813972,3.81640027217756
x4,69,TRUE,0.134377256004398,0.480029125042802,0.559482870561086,3.42987168790703
x4,70,TRUE,0.164090776788419,0.510075600882984,0.220300713609032,4.35535654174405
x4,71,TRUE,0.184650553815552,0.667639872667901,0.49452423298085,7.46106212078816
x4,72,TRUE,0.0442607906429439,0.493292452728043,0.181968379024116,5.1164938650724
x4,73,TRUE,-0.0499833761058765,0.576285965181629,0.393025358795324,6.35494196839862
x4,74,TRUE,-0.0713462282345266,0.621394682731058,0.462029068082912,5.64247970996816
x4,75,TRUE,0.092900915041632,0.582177199807411,0.36001284056766,5.02715450515344
x4,76,TRUE,0.0196121638909593,0.506151856574717,0.48876148050231,5.64911835797475
x4,77,TRUE,-0.0851361614798135,0.525542663539259,0.441792637037123,5.21996658081
x4,78,TRUE,-0.0543464311775264,0.666340802747734,0.479403763420755,6.60659061627174
x4,79,TRUE,0.192445745467122,0.584345493785527,0.0967494411851001,6.80298828958107
x4,80,TRUE,-0.0312592853712304,0.583053030647109,0.18891325958852,3.70595287127263
x4,81,TRUE,0.168407420179369,0.526965065151349,0.323841594891808,3.84940801500354
x4,82,TRUE,-0.0670179350904562,0.519134200385559,0.370220109618597,4.69041642383215
x4,83,TRUE,-0.00689067795503533,0.57312568700798,0.430613564308679,4.8950812432443
x4,84,TRUE,0.282331400320684,0.569623509879852,0.26000166697689,4.65011389611414
x4,85,TRUE,0.0485829210921645,0.534469325393989,0.624481081911729,4.0198499509447
x4,86,TRUE,0.142433773046003,0.696896187544484,0.417792008673725,2.35177736579868
x4,87,TRUE,-0.0912496538350989,0.603849602630037,0.656619677808071,5.56939540858937
x4,88,TRUE,-0.130186085890009,0.441937649003491,0.791091264838597,4.70130045723795
x4,89,TRUE,0.149806387143673,0.571942682897716,0.386466135429655,6.2208484457706
x4,90,TRUE,0.00787311277378451,0.599101936047,0.620361705372558,6.52652677939194
x4,91,TRUE,0.29665000348797,0.667485000741794,0.132009967121669,6.56127270665354
x4,92,TRUE,0.093834813818128,0.570172087663343,0.242858940320922,6.48351611217
x4,93,TRUE,-0.0812270775762679,0.602142918586773,0.584329240740152,6.2321080538504
x4,94,TRUE,-0.0868444241165753,0.592743319516664,0.553110329930987,5.35764423485928
x4,95,TRUE,0.196955028446722,0.466697469189048,0.0868984227510582,5.26155146410581
x4,96,TRUE,-0.0234582927126147,0.587744518110677,0.614957526663649,3.47890137035496
x4,97,TRUE,0.0960171708359252,0.546167345137378,0.397021590802052,5.84751348362397
x4,98,TRUE,0.137466253692246,0.524815195979917,0.173398791669301,5.16182050872433
x4,99,TRUE,0.158206513392309,0.653023450809679,0.459801028828131,7.40309683161264
x4,100,TRUE,0.127591865178652,0.584860012709979,0.346196636421239,4.21452802419059
x8,1,TRUE,0.160786799292954,0.698700031548722,0.264675991745859,13.475416662697
x8,2,TRUE,0.0629910823908275,0.568634302869257,0.454632095309118,8.51805653319439
x8,3,TRUE,0.121727853128984,0.625630125665212,0.320508367649897,10.572951017676
x8,4,TRUE,0.232623420293262,0.50024771743202,0.1741462171487,11.0031117736786
x8,5,TRUE,0.16391392682692,0.480049292435757,0.289696081665742,10.1322113052212
x8,6,TRUE,0.224303367004746,0.672123616776737,0.19274790527483,13.4495036479089
x8,7,TRUE,0.0973335426778573,0.455060241049372,0.445962035740536,7.35167458034245
x8,8,TRUE,0.161549281636748,0.479001872533294,0.47557805843611,9.50057815846357
x8,9,TRUE,0.085508309375235,0.546811134530544,0.406791998123619,11.8863888537017
x8,10,TRUE,-0.0284344485680406,0.615678696664785,0.532113888686918,12.4719569187486
x8,11,TRUE,0.0286416567824552,0.519155591864695,0.633522053194253,9.01533009223399
x8,12,TRUE,0.0886681561507925,0.595952073008233,0.418132060413149,8.83156964535855
x8,13,TRUE,0.0732082586221325,0.537604308466107,0.487607294483402,10.6898393406931
x8,14,TRUE,0.0345992302514613,0.455528680311315,0.48401803330607,9.73173993102532
x8,15,TRUE,0.0245183285531451,0.606156014181611,0.594883369463059,7.87773024062364
x8,16,TRUE,0.307655474928047,0.513218353148026,0.277773192225961,10.8706714474924
x8,17,TRUE,0.087729764074798,0.56121491649559,0.42177921703215,12.2815252129147
x8,18,TRUE,-0.03876403184496,0.611138121156608,0.318940045757199,14.2997894753408
x8,19,TRUE,-0.0226590262912819,0.532058886035168,0.720492860288127,10.2132348310282
x8,20,TRUE,-0.351526610716188,0.512432309779689,0.791040558022022,10.1412262370084
x8,21,TRUE,0.146814128488648,0.429158663208431,0.177011299732161,8.89477490205146
x8,22,TRUE,-0.350895382144062,0.75613698364308,0.757022583946292,14.4059501064734
x8,23,TRUE,-0.22404556316404,0.521206160214206,0.774008348666046,10.5788708496987
x8,24,TRUE,-0.195223672717631,0.54392925844251,0.779793220917459,12.2944236506421
x8,25,TRUE,-0.53113493739649,0.622910357177331,1.09009116378592,11.9039034781004
x8,26,TRUE,0.114728074395608,0.552193923836218,0.445870090635405,6.25731818078491
x8,27,TRUE,0.0262682598478369,0.789670717561107,0.454696149924239,12.1832022291859
x8,28,TRUE,-0.030433096486226,0.665587693510132,0.800470814940147,16.4719803479317
x8,29,TRUE,0.0941453371529003,0.623019975912541,0.261459718011255,11.23231080117
x8,30,TRUE,-0.175798196094883,0.630155728793442,0.610675074965434,9.40160997846183
x8,31,TRUE,0.0716076885940657,0.556958602564574,0.287591669257398,11.6390961237962
x8,32,TRUE,-0.292580723588673,0.526830168693554,0.54610657737008,11.8450783720073
x8,33,TRUE,0.0185644225668026,0.506338891961174,0.580384207706453,7.2392142074113
x8,34,TRUE,0.0570165790099018,0.500341365470204,0.56575231180296,9.41100961356522
x8,35,TRUE,-0.0211367031626825,0.623542735513687,0.626419751951915,10.9425013670417
x8,36,TRUE,0.0200327825913958,0.567704604839796,0.467882501428044,12.6986668038208
x8,37,TRUE,-0.0250787442217754,0.550555015887533,0.309405299691502,11.3936728529932
x8,38,TRUE,-0.126774059937026,0.559800191488812,0.853810091354773,4.14335072583593
x8,39,TRUE,-0.0721162062982408,0.597724993607902,0.586826665589267,8.70967415462099
x8,40,TRUE,0.0146526522863054,0.605438588474711,0.1790322900097,10.3276817491171
x8,41,TRUE,-0.0400392435329085,0.481443634126335,0.378177891596423,7.44036756520778
x8,42,TRUE,0.11078258501892,0.55192823614539,0.172511366588982,11.4891102144167
x8,43,TRUE,-0.0398263398406653,0.528447362490636,0.454388065098634,10.5836019113306
x8,44,TRUE,-0.348375765377415,0.731489599831049,0.859638768903647,16.2619421146072
x8,45,TRUE,0.153701601895775,0.485551162177373,0.483469903393879,7.69289678856086
x8,46,TRUE,-0.0875905439431299,0.726082829602152,0.687109774776356,11.7496302823995
x8,47,TRUE,-0.165579692219422,0.595393347189763,0.553580131596062,13.8237726100685
x8,48,TRUE,-0.117722538227941,0.731880446396566,0.561089983531682,13.252478014133
x8,49,TRUE,0.161190155681407,0.607200120394948,0.491823865881997,11.0690320099619
x8,50,TRUE,-0.377691428108371,0.531104410324891,0.937798372564647,8.7723629492773
x8,51,TRUE,-0.062589649607162,0.515122495204972,0.477878004467593,9.98865188823767
x8,52,TRUE,0.0275067131250568,0.492292805510748,0.669450710300438,9.16172979476015
x8,53,TRUE,0.125659076197064,0.526640750255807,0.464980942475078,12.9141015105847
x8,54,TRUE,0.0357286398354196,0.577060831278208,0.400653045674684,10.8450551077051
x8,55,TRUE,0.0489858064251518,0.566206339694038,0.0775236681324513,10.6123684097409
x8,56,TRUE,-0.0905720610297997,0.653515204627829,0.669725391417847,15.2260406646488
x8,57,TRUE,-0.172750813678476,0.553276483495404,0.501235573967523,4.60709266457738
x8,58,TRUE,0.0209537211231054,0.581461271768225,0.546752224508547,12.7237342490928
x8,59,TRUE,-0.0699435088352161,0.631033253508722,0.540985252243523,15.5796403374822
x8,60,TRUE,-0.139563066693891,0.55679667740726,0.629528868559154,12.8810625674362
x8,61,TRUE,-0.315747983192055,0.465216135346286,1.13690343504699,10.7067095737319
x8,62,TRUE,0.00600827971388674,0.501749726396192,0.314479137881423,10.7987143262289
x8,63,TRUE,-0.0328521569068087,0.606679557453817,0.626057924381363,12.0207410019341
x8,64,TRUE,0.285705979008832,0.53985383857449,0.405895034652473,11.0566070692476
x8,65,TRUE,0.223678359081644,0.49052867440657,0.306317478159408,10.7323010015567
x8,66,TRUE,-0.070735537507672,0.631606232083952,0.607285573248503,13.7413474444204
x8,67,TRUE,-0.112911068333605,0.609753086370424,0.563707953900978,13.9905988014188
x8,68,TRUE,0.0236748875902119,0.604775524029135,0.500220429787355,11.8987667709216
x8,69,TRUE,-0.141642022359737,0.528270851385319,0.605258205428091,8.66409931877104
x8,70,TRUE,0.261678186443852,0.510362784688795,0.293179571645605,12.3187231389804
x8,71,TRUE,-0.0467482179746495,0.665920812130728,0.587323561714854,2.50594711137559
x8,72,TRUE,-0.185636830779313,0.540473010466858,0.66476079715101,12.5801367997166
x8,73,TRUE,0.0972533511815335,0.569522394991533,0.471740464473345,13.4331138819762
x8,74,TRUE,0.113615542766368,0.592738303941712,0.509018050851446,13.1914267242838
x8,75,TRUE,-0.039634003044956,0.635192171307386,0.33768014119857,13.7702116887156
x8,76,TRUE,-0.248917491218702,0.642080537613126,0.834529963368819,12.28980937908
x8,77,TRUE,0.12478436249256,0.56493842821434,0.388769327079284,11.99536622375
x8,78,TRUE,0.0296512751493331,0.537691149654883,0.503676890023418,10.5241137616551
x8,79,TRUE,0.247132164851113,0.61737922722562,0.338488885968045,13.360708611906
x8,80,TRUE,0.00975030775969535,0.554732627996763,0.558490634320051,9.61405687482025
x8,81,TRUE,-0.0774770838528821,0.613234243029999,0.739681316772314,6.87655634771522
x8,82,TRUE,-0.0295251919418404,0.480129144432015,0.72752886996681,10.5767025931176
x8,83,TRUE,0.00168907565274315,0.502921928876519,0.603705745162166,5.54352981612435
x8,84,TRUE,0.026670379085279,0.465040782720876,0.295349425424104,11.0579544891452
x8,85,TRUE,-0.199385149148915,0.50496777855553,0.646367755269919,9.08741921164384
x8,86,TRUE,-0.0928296538904413,0.508991489193269,0.715916679394847,9.9048073590593
x8,87,TRUE,0.0181563406015253,0.516914057746068,0.373876943259488,11.9385815129249
x8,88,TRUE,0.0673956642137631,0.576047064471517,0.525922415036273,6.09480288061808
x8,89,TRUE,-0.162041769632734,0.532921854051868,0.722710749244415,12.9284393173804
x8,90,TRUE,-0.03561141376236,0.496043334366184,0.335391035598344,8.70487615281485
x8,91,TRUE,0.0298350115930174,0.607715700851457,0.787685281905066,14.2829558480274
x8,92,TRUE,-0.0524321091123644,0.557337132159687,0.505244195534368,4.09841532955372
x8,93,TRUE,-0.273561289529637,0.657904498986432,0.958244455456665,7.11804487206832
x8,94,TRUE,-0.193722230001209,0.602165257353543,0.76949893899911,13.344747610985
x8,95,TRUE,-0.202568100464605,0.513313240538589,0.742470144799709,11.4213988748577
x8,96,TRUE,-0.0364652008601838,0.656302828151651,0.402739703560211,15.8027476760196
x8,97,TRUE,0.0696142554077859,0.813361410100933,0.750689495439808,12.4015443910826
x8,98,TRUE,0.127954488489119,0.625484484887216,0.197652353494799,13.8970971284512
x8,99,TRUE,-0.0727968750752093,0.7086261146152,0.41619843152579,15.8257557651746
x8,100,TRUE,-0.213369657250827,0.603186788015704,0.839187483369362,11.0985973263837
