cell,test,required,reps,degenerate_reps,max_abs_diff,na_mismatch,tol,ok,note
id_null_quad_n1000,EDGE.poly3.u.G10,TRUE,200,0,0,0,1e-08,TRUE,""
id_null_quad_n1000,EDGE.poly3.sc.G10,TRUE,200,0,0,0,1e-08,TRUE,""
id_null_quad_n1000,EDGE.poly2.u.G10,TRUE,200,0,0,0,1e-08,TRUE,""
id_null_quad_n1000,EDGE.poly2.sc.G10,TRUE,200,0,0,0,1e-08,TRUE,""
id_null_quad_n1000,EDGE.stk.u.G10,TRUE,200,0,0,0,1e-08,TRUE,""
id_null_quad_n1000,EDGE.stk.sc.G10,TRUE,200,0,0,0,1e-08,TRUE,""
id_null_quad_n1000,EDGE.sym.u.G10,TRUE,200,0,0,0,1e-08,TRUE,""
id_null_quad_n1000,EDGE.sym.sc.G10,TRUE,200,0,0,0,1e-08,TRUE,""
id_null_quad_n1000,EDGE.poly3.u.Grule,TRUE,200,0,0,0,1e-08,TRUE,""
id_null_quad_n1000,EDGE.poly3.sc.Grule,TRUE,200,0,0,0,1e-08,TRUE,""
id_null_quad_n1000,EDGE.poly2.u.Grule,TRUE,200,0,0,0,1e-08,TRUE,""
id_null_quad_n1000,EDGE.poly2.sc.Grule,TRUE,200,0,0,0,1e-08,TRUE,""
id_null_quad_n1000,EDGE.stk.u.Grule,TRUE,200,0,0,0,1e-08,TRUE,""
id_null_quad_n1000,EDGE.stk.sc.Grule,TRUE,200,0,0,0,1e-08,TRUE,""
id_null_quad_n1000,EDGE.sym.u.Grule,TRUE,200,0,0,0,1e-08,TRUE,""
id_null_quad_n1000,EDGE.sym.sc.Grule,TRUE,200,0,0,0,1e-08,TRUE,""
id_null_quad_n1000,Stk.joint,TRUE,200,0,0,0,1e-08,TRUE,""
id_null_quad_n1000,Stk.LR,FALSE,200,0,0,0,1e-06,TRUE,""
id_null_quad_n1000,Stk.marg,FALSE,200,0,0,0,1e-06,TRUE,""
id_null_quad_n1000,HL.G10,TRUE,200,0,0,0,1e-08,TRUE,""
id_null_quad_n1000,HLF.G10,TRUE,200,0,0,0,1e-08,TRUE,""
id_null_quad_n1000,HL.Grule,TRUE,200,0,0,0,1e-08,TRUE,""
id_null_quad_n1000,HLF.Grule,TRUE,200,0,0,0,1e-08,TRUE,""
id_null_quad_n1000,HL_w,TRUE,200,0,0,0,1e-08,TRUE,""
id_null_quad_n1000,PH,TRUE,200,0,0,0,1e-08,TRUE,""
id_null_quad_n1000,Tsiatis,TRUE,200,0,0,0,1e-08,TRUE,""
id_null_quad_n1000,Xie,TRUE,200,0,0,0,1e-08,TRUE,""
id_null_quad_n1000,PR,TRUE,200,0,,0,1e-08,TRUE,""
id_link_cloglog_n1000,EDGE.poly3.u.G10,TRUE,200,0,0,0,1e-08,TRUE,""
id_link_cloglog_n1000,EDGE.poly3.sc.G10,TRUE,200,0,0,0,1e-08,TRUE,""
id_link_cloglog_n1000,EDGE.poly2.u.G10,TRUE,200,0,0,0,1e-08,TRUE,""
id_link_cloglog_n1000,EDGE.poly2.sc.G10,TRUE,200,0,0,0,1e-08,TRUE,""
id_link_cloglog_n1000,EDGE.stk.u.G10,TRUE,200,0,0,0,1e-08,TRUE,""
id_link_cloglog_n1000,EDGE.stk.sc.G10,TRUE,200,0,0,0,1e-08,TRUE,""
id_link_cloglog_n1000,EDGE.sym.u.G10,TRUE,200,0,0,0,1e-08,TRUE,""
id_link_cloglog_n1000,EDGE.sym.sc.G10,TRUE,200,0,0,0,1e-08,TRUE,""
id_link_cloglog_n1000,EDGE.poly3.u.Grule,TRUE,200,0,0,0,1e-08,TRUE,""
id_link_cloglog_n1000,EDGE.poly3.sc.Grule,TRUE,200,0,0,0,1e-08,TRUE,""
id_link_cloglog_n1000,EDGE.poly2.u.Grule,TRUE,200,0,0,0,1e-08,TRUE,""
id_link_cloglog_n1000,EDGE.poly2.sc.Grule,TRUE,200,0,0,0,1e-08,TRUE,""
id_link_cloglog_n1000,EDGE.stk.u.Grule,TRUE,200,0,0,0,1e-08,TRUE,""
id_link_cloglog_n1000,EDGE.stk.sc.Grule,TRUE,200,0,0,0,1e-08,TRUE,""
id_link_cloglog_n1000,EDGE.sym.u.Grule,TRUE,200,0,0,0,1e-08,TRUE,""
id_link_cloglog_n1000,EDGE.sym.sc.Grule,TRUE,200,0,0,0,1e-08,TRUE,""
id_link_cloglog_n1000,Stk.joint,TRUE,200,0,0,0,1e-08,TRUE,""
id_link_cloglog_n1000,Stk.LR,FALSE,200,0,0,0,1e-06,TRUE,""
id_link_cloglog_n1000,Stk.marg,FALSE,200,0,0,0,1e-06,TRUE,""
id_link_cloglog_n1000,HL.G10,TRUE,200,0,0,0,1e-08,TRUE,""
id_link_cloglog_n1000,HLF.G10,TRUE,200,0,0,0,1e-08,TRUE,""
id_link_cloglog_n1000,HL.Grule,TRUE,200,0,0,0,1e-08,TRUE,""
id_link_cloglog_n1000,HLF.Grule,TRUE,200,0,0,0,1e-08,TRUE,""
id_link_cloglog_n1000,HL_w,TRUE,200,0,0,0,1e-08,TRUE,""
id_link_cloglog_n1000,PH,TRUE,200,0,0,0,1e-08,TRUE,""
id_link_cloglog_n1000,Tsiatis,TRUE,200,0,0,0,1e-08,TRUE,""
id_link_cloglog_n1000,Xie,TRUE,200,0,0,0,1e-08,TRUE,""
id_link_cloglog_n1000,PR,TRUE,200,0,0,0,1e-08,TRUE,""
id_crossover_n1000,EDGE.poly3.u.G10,TRUE,200,0,0,0,1e-08,TRUE,""
id_crossover_n1000,EDGE.poly3.sc.G10,TRUE,200,0,0,0,1e-08,TRUE,""
id_crossover_n1000,EDGE.poly2.u.G10,TRUE,200,0,0,0,1e-08,TRUE,""
id_crossover_n1000,EDGE.poly2.sc.G10,TRUE,200,0,0,0,1e-08,TRUE,""
id_crossover_n1000,EDGE.stk.u.G10,TRUE,200,0,0,0,1e-08,TRUE,""
id_crossover_n1000,EDGE.stk.sc.G10,TRUE,200,0,0,0,1e-08,TRUE,""
id_crossover_n1000,EDGE.sym.u.G10,TRUE,200,0,0,0,1e-08,TRUE,""
id_crossover_n1000,EDGE.sym.sc.G10,TRUE,200,0,0,0,1e-08,TRUE,""
id_crossover_n1000,EDGE.poly3.u.Grule,TRUE,200,0,0,0,1e-08,TRUE,""
id_crossover_n1000,EDGE.poly3.sc.Grule,TRUE,200,0,0,0,1e-08,TRUE,""
id_crossover_n1000,EDGE.poly2.u.Grule,TRUE,200,0,0,0,1e-08,TRUE,""
id_crossover_n1000,EDGE.poly2.sc.Grule,TRUE,200,0,0,0,1e-08,TRUE,""
id_crossover_n1000,EDGE.stk.u.Grule,TRUE,200,0,0,0,1e-08,TRUE,""
id_crossover_n1000,EDGE.stk.sc.Grule,TRUE,200,0,0,0,1e-08,TRUE,""
id_crossover_n1000,EDGE.sym.u.Grule,TRUE,200,0,0,0,1e-08,TRUE,""
id_crossover_n1000,EDGE.sym.sc.Grule,TRUE,200,0,0,0,1e-08,TRUE,""
id_crossover_n1000,Stk.joint,TRUE,200,0,0,0,1e-08,TRUE,""
id_crossover_n1000,Stk.LR,FALSE,200,0,0,0,1e-06,TRUE,""
id_crossover_n1000,Stk.marg,FALSE,200,0,0,0,1e-06,TRUE,""
id_crossover_n1000,HL.G10,TRUE,200,0,0,0,1e-08,TRUE,""
id_crossover_n1000,HLF.G10,TRUE,200,0,0,0,1e-08,TRUE,""
id_crossover_n1000,HL.Grule,TRUE,200,0,0,0,1e-08,TRUE,""
id_crossover_n1000,HLF.Grule,TRUE,200,0,0,0,1e-08,TRUE,""
id_crossover_n1000,HL_w,TRUE,200,0,0,0,1e-08,TRUE,""
id_crossover_n1000,PH,TRUE,200,0,0,0,1e-08,TRUE,""
id_crossover_n1000,Tsiatis,TRUE,200,0,0,0,1e-08,TRUE,""
id_crossover_n1000,Xie,TRUE,200,0,0,0,1e-08,TRUE,""
id_crossover_n1000,PR,TRUE,200,0,0,0,1e-08,TRUE,""
v_sparse49_n300,EDGE.poly3.u.G10,TRUE,200,0,0,0,1e-08,TRUE,""
v_sparse49_n300,EDGE.poly3.sc.G10,TRUE,200,0,0,0,1e-08,TRUE,""
v_sparse49_n300,EDGE.poly2.u.G10,TRUE,200,0,0,0,1e-08,TRUE,""
v_sparse49_n300,EDGE.poly2.sc.G10,TRUE,200,0,0,0,1e-08,TRUE,""
v_sparse49_n300,EDGE.stk.u.G10,TRUE,200,0,0,0,1e-08,TRUE,""
v_sparse49_n300,EDGE.stk.sc.G10,TRUE,200,0,0,0,1e-08,TRUE,""
v_sparse49_n300,EDGE.sym.u.G10,TRUE,200,0,0,0,1e-08,TRUE,""
v_sparse49_n300,EDGE.sym.sc.G10,TRUE,200,0,0,0,1e-08,TRUE,""
v_sparse49_n300,EDGE.poly3.u.Grule,TRUE,200,0,0,0,1e-08,TRUE,""
v_sparse49_n300,EDGE.poly3.sc.Grule,TRUE,200,0,0,0,1e-08,TRUE,""
v_sparse49_n300,EDGE.poly2.u.Grule,TRUE,200,0,0,0,1e-08,TRUE,""
v_sparse49_n300,EDGE.poly2.sc.Grule,TRUE,200,0,0,0,1e-08,TRUE,""
v_sparse49_n300,EDGE.stk.u.Grule,TRUE,200,0,0,0,1e-08,TRUE,""
v_sparse49_n300,EDGE.stk.sc.Grule,TRUE,200,0,0,0,1e-08,TRUE,""
v_sparse49_n300,EDGE.sym.u.Grule,TRUE,200,0,0,0,1e-08,TRUE,""
v_sparse49_n300,EDGE.sym.sc.Grule,TRUE,200,0,0,0,1e-08,TRUE,""
v_sparse49_n300,Stk.joint,TRUE,200,0,0,0,1e-08,TRUE,""
v_sparse49_n300,Stk.LR,FALSE,200,0,0,0,1e-06,TRUE,""
v_sparse49_n300,Stk.marg,FALSE,200,0,0,0,1e-06,TRUE,""
v_sparse49_n300,HL.G10,TRUE,200,0,0,0,1e-08,TRUE,""
v_sparse49_n300,HLF.G10,TRUE,200,0,0,0,1e-08,TRUE,""
v_sparse49_n300,HL.Grule,TRUE,200,0,0,0,1e-08,TRUE,""
v_sparse49_n300,HLF.Grule,TRUE,200,0,0,0,1e-08,TRUE,""
v_sparse49_n300,HL_w,TRUE,200,0,0,0,1e-08,TRUE,""
v_sparse49_n300,PH,TRUE,200,0,0,0,1e-08,TRUE,""
v_sparse49_n300,Tsiatis,TRUE,200,0,0,0,1e-08,TRUE,""
v_sparse49_n300,Xie,TRUE,200,0,0,0,1e-08,TRUE,""
v_sparse49_n300,PR,TRUE,200,0,,0,1e-08,TRUE,""
v_probit_auc_n2000,EDGE.poly3.u.G10,TRUE,200,0,0,0,1e-08,TRUE,""
v_probit_auc_n2000,EDGE.poly3.sc.G10,TRUE,200,0,0,0,1e-08,TRUE,""
v_probit_auc_n2000,EDGE.poly2.u.G10,TRUE,200,0,0,0,1e-08,TRUE,""
v_probit_auc_n2000,EDGE.poly2.sc.G10,TRUE,200,0,0,0,1e-08,TRUE,""
v_probit_auc_n2000,EDGE.stk.u.G10,TRUE,200,0,0,0,1e-08,TRUE,""
v_probit_auc_n2000,EDGE.stk.sc.G10,TRUE,200,0,0,0,1e-08,TRUE,""
v_probit_auc_n2000,EDGE.sym.u.G10,TRUE,200,0,0,0,1e-08,TRUE,""
v_probit_auc_n2000,EDGE.sym.sc.G10,TRUE,200,0,0,0,1e-08,TRUE,""
v_probit_auc_n2000,EDGE.poly3.u.Grule,TRUE,200,0,0,0,1e-08,TRUE,""
v_probit_auc_n2000,EDGE.poly3.sc.Grule,TRUE,200,0,0,0,1e-08,TRUE,""
v_probit_auc_n2000,EDGE.poly2.u.Grule,TRUE,200,0,0,0,1e-08,TRUE,""
v_probit_auc_n2000,EDGE.poly2.sc.Grule,TRUE,200,0,0,0,1e-08,TRUE,""
v_probit_auc_n2000,EDGE.stk.u.Grule,TRUE,200,0,0,0,1e-08,TRUE,""
v_probit_auc_n2000,EDGE.stk.sc.Grule,TRUE,200,0,0,0,1e-08,TRUE,""
v_probit_auc_n2000,EDGE.sym.u.Grule,TRUE,200,0,0,0,1e-08,TRUE,""
v_probit_auc_n2000,EDGE.sym.sc.Grule,TRUE,200,0,0,0,1e-08,TRUE,""
v_probit_auc_n2000,Stk.joint,TRUE,200,0,0,0,1e-08,TRUE,""
v_probit_auc_n2000,Stk.LR,FALSE,200,0,0,0,1e-06,TRUE,""
v_probit_auc_n2000,Stk.marg,FALSE,200,0,0,0,1e-06,TRUE,""
v_probit_auc_n2000,HL.G10,TRUE,200,0,0,0,1e-08,TRUE,""
v_probit_auc_n2000,HLF.G10,TRUE,200,0,0,0,1e-08,TRUE,""
v_probit_auc_n2000,HL.Grule,TRUE,200,0,0,0,1e-08,TRUE,""
v_probit_auc_n2000,HLF.Grule,TRUE,200,0,0,0,1e-08,TRUE,""
v_probit_auc_n2000,HL_w,TRUE,200,0,0,0,1e-08,TRUE,""
v_probit_auc_n2000,PH,TRUE,200,0,0,0,1e-08,TRUE,""
v_probit_auc_n2000,Tsiatis,TRUE,200,0,0,0,1e-08,TRUE,""
v_probit_auc_n2000,Xie,TRUE,200,0,0,0,1e-08,TRUE,""
v_probit_auc_n2000,PR,TRUE,200,0,0,0,1e-08,TRUE,""
"constructed, all y = 0, n = 200, set 1",every harness test NA; package def.gof (8) and gof_stukel (3) NA,TRUE,1,1,,,"",TRUE,"package: def.gof 8 of 8 NA with 8 def_degenerate warnings; gof_stukel 3 of 3 NA; for information HL 1, HL_F 0.265, Tsiatis 1, Xie 1"
"constructed, all y = 0, n = 200, set 2",every harness test NA; package def.gof (8) and gof_stukel (3) NA,TRUE,1,1,,,"",TRUE,"package: def.gof 8 of 8 NA with 8 def_degenerate warnings; gof_stukel 3 of 3 NA; for information HL 1, HL_F 0.265, Tsiatis 1, Xie 1"
"constructed, all y = 0, n = 200, set 3",every harness test NA; package def.gof (8) and gof_stukel (3) NA,TRUE,1,1,,,"",TRUE,"package: def.gof 8 of 8 NA with 8 def_degenerate warnings; gof_stukel 3 of 3 NA; for information HL 1, HL_F 0.265, Tsiatis 1, Xie 1"
"constructed, all y = 1, n = 200, set 4",every harness test NA; package def.gof (8) and gof_stukel (3) NA,TRUE,1,1,,,"",TRUE,"package: def.gof 8 of 8 NA with 8 def_degenerate warnings; gof_stukel 3 of 3 NA; for information HL 1, HL_F 0.265, Tsiatis 1, Xie 1"
"constructed, all y = 1, n = 200, set 5",every harness test NA; package def.gof (8) and gof_stukel (3) NA,TRUE,1,1,,,"",TRUE,"package: def.gof 8 of 8 NA with 8 def_degenerate warnings; gof_stukel 3 of 3 NA; for information HL 1, HL_F 0.265, Tsiatis 1, Xie 1"
"constructed, all y = 1, n = 200, set 6",every harness test NA; package def.gof (8) and gof_stukel (3) NA,TRUE,1,1,,,"",TRUE,"package: def.gof 8 of 8 NA with 8 def_degenerate warnings; gof_stukel 3 of 3 NA; for information HL 1, HL_F 0.265, Tsiatis 1, Xie 1"
"constructed, Stukel half-column 1.6e-7 long, G = 20",EDGE.stk.unit,TRUE,1,0,0,0,1e-8,TRUE,"the tiny half-column is kept and every column scaled to unit length, in harness and package (E8.3)"
"constructed, Stukel half-column 1.6e-7 long, G = 20",EDGE.stk.score,TRUE,1,0,0,0,1e-8,TRUE,"the tiny half-column is kept and every column scaled to unit length, in harness and package (E8.3)"
"probe: R2 construction (package test), G = 20, stukel",def.gof unit p finite = harness three-column value; score df 3 = harness,TRUE,1,0,0,,1e-10,TRUE,"package unit S 1.2850859905 p 0.4169424779, harness S 1.2850859905 p 0.4169424779 (3 columns); score S 268.744712 df 3, harness df 3"
"probe: no event, n = 200",def.gof NA with def_degenerate (4 bases x 2 forms); gof_stukel NA (3 forms),TRUE,1,0,,,1e-10,TRUE,def.gof 8 of 8 NA with 8 def_degenerate warnings; gof_stukel 3 of 3 NA
"probe: flat fit (two events at mirrored x), n = 200, G = 10",stukel and sym score NA with def_no_information; joint Stukel NA; harness NA with flag.info_guard,TRUE,1,0,,,1e-10,TRUE,"package score NA/NA, joint NA, warnings def_few_events, def_no_information; harness NA/NA/NA, flag.info_guard 1"
