cell,n,test,power
probit_base_n9400,9400,EDGE.poly3.u.Grule,0.484
probit_base_n9400,9400,EDGE.sym.u.Grule,0.553
probit_base_n9400,9400,HL.Grule,0.037
probit_base_n9400,9400,HLF.Grule,0.069
probit_base_n9400,9400,GiViTI,0.216
probit_base_n9400,9400,Stk.joint,0.4905
probit_base_n9400,9400,Stk.sym1,0.571
probit_base_n9400,9400,Cubic.LR,0.5175
probit_base_n16000,16000,EDGE.poly3.u.Grule,0.744
probit_base_n16000,16000,EDGE.sym.u.Grule,0.853
probit_base_n16000,16000,HL.Grule,0.037
probit_base_n16000,16000,HLF.Grule,0.076
probit_base_n16000,16000,GiViTI,0.4475
probit_base_n16000,16000,Stk.joint,0.7455
probit_base_n16000,16000,Stk.sym1,0.842
probit_base_n16000,16000,Cubic.LR,0.787
cauchit_base_n2400,2400,EDGE.poly3.u.Grule,0.471
cauchit_base_n2400,2400,EDGE.sym.u.Grule,0.5755
cauchit_base_n2400,2400,HL.Grule,0.103
cauchit_base_n2400,2400,HLF.Grule,0.0915
cauchit_base_n2400,2400,GiViTI,0.228
cauchit_base_n2400,2400,Stk.joint,0.473
cauchit_base_n2400,2400,Stk.sym1,0.569
cauchit_base_n2400,2400,Cubic.LR,0.4225
cauchit_base_n4000,4000,EDGE.poly3.u.Grule,0.7335
cauchit_base_n4000,4000,EDGE.sym.u.Grule,0.789
cauchit_base_n4000,4000,HL.Grule,0.137
cauchit_base_n4000,4000,HLF.Grule,0.115
cauchit_base_n4000,4000,GiViTI,0.412
cauchit_base_n4000,4000,Stk.joint,0.7375
cauchit_base_n4000,4000,Stk.sym1,0.8115
cauchit_base_n4000,4000,Cubic.LR,0.6935
t4_base_n20000,20000,EDGE.poly3.u.Grule,0.3035
t4_base_n20000,20000,EDGE.sym.u.Grule,0.345
t4_base_n20000,20000,HL.Grule,0.08
t4_base_n20000,20000,HLF.Grule,0.0575
t4_base_n20000,20000,GiViTI,0.169
t4_base_n20000,20000,Stk.joint,0.2995
t4_base_n20000,20000,Stk.sym1,0.3475
t4_base_n20000,20000,Cubic.LR,0.281
loglog_base_n610,610,EDGE.poly3.u.Grule,0.4705
loglog_base_n610,610,EDGE.sym.u.Grule,0.2095
loglog_base_n610,610,HL.Grule,0.1175
loglog_base_n610,610,HLF.Grule,0.1495
loglog_base_n610,610,GiViTI,0.5745
loglog_base_n610,610,Stk.joint,0.466
loglog_base_n610,610,Stk.sym1,0.2125
loglog_base_n610,610,Cubic.LR,0.559
loglog_base_n1000,1000,EDGE.poly3.u.Grule,0.7125
loglog_base_n1000,1000,EDGE.sym.u.Grule,0.3335
loglog_base_n1000,1000,HL.Grule,0.1475
loglog_base_n1000,1000,HLF.Grule,0.192
loglog_base_n1000,1000,GiViTI,0.793
loglog_base_n1000,1000,Stk.joint,0.7265
loglog_base_n1000,1000,Stk.sym1,0.318
loglog_base_n1000,1000,Cubic.LR,0.7745
probit_auc_n3500,3500,EDGE.poly3.u.Grule,0.47
probit_auc_n3500,3500,EDGE.sym.u.Grule,0.096
probit_auc_n3500,3500,HL.Grule,0.004
probit_auc_n3500,3500,HLF.Grule,0.0565
probit_auc_n3500,3500,GiViTI,0.211
probit_auc_n3500,3500,Stk.joint,0.448
probit_auc_n3500,3500,Stk.sym1,0.6015
probit_auc_n3500,3500,Cubic.LR,0.6035
probit_auc_n5900,5900,EDGE.poly3.u.Grule,0.7355
probit_auc_n5900,5900,EDGE.sym.u.Grule,0.506
probit_auc_n5900,5900,HL.Grule,0.0015
probit_auc_n5900,5900,HLF.Grule,0.048
probit_auc_n5900,5900,GiViTI,0.4775
probit_auc_n5900,5900,Stk.joint,0.72
probit_auc_n5900,5900,Stk.sym1,0.831
probit_auc_n5900,5900,Cubic.LR,0.798
cauchit_auc_n460,460,EDGE.poly3.u.Grule,0.4605
cauchit_auc_n460,460,EDGE.sym.u.Grule,0.4705
cauchit_auc_n460,460,HL.Grule,0.1895
cauchit_auc_n460,460,HLF.Grule,0.183
cauchit_auc_n460,460,GiViTI,0.1985
cauchit_auc_n460,460,Stk.joint,0.4755
cauchit_auc_n460,460,Stk.sym1,0.5155
cauchit_auc_n460,460,Cubic.LR,0.357
cauchit_auc_n760,760,EDGE.poly3.u.Grule,0.6395
cauchit_auc_n760,760,EDGE.sym.u.Grule,0.659
cauchit_auc_n760,760,HL.Grule,0.276
cauchit_auc_n760,760,HLF.Grule,0.2315
cauchit_auc_n760,760,GiViTI,0.315
cauchit_auc_n760,760,Stk.joint,0.66
cauchit_auc_n760,760,Stk.sym1,0.728
cauchit_auc_n760,760,Cubic.LR,0.5175
t4_auc_n4700,4700,EDGE.poly3.u.Grule,0.451
t4_auc_n4700,4700,EDGE.sym.u.Grule,0.5035
t4_auc_n4700,4700,HL.Grule,0.3625
t4_auc_n4700,4700,HLF.Grule,0.083
t4_auc_n4700,4700,GiViTI,0.188
t4_auc_n4700,4700,Stk.joint,0.449
t4_auc_n4700,4700,Stk.sym1,0.559
t4_auc_n4700,4700,Cubic.LR,0.405
t4_auc_n7800,7800,EDGE.poly3.u.Grule,0.635
t4_auc_n7800,7800,EDGE.sym.u.Grule,0.673
t4_auc_n7800,7800,HL.Grule,0.57
t4_auc_n7800,7800,HLF.Grule,0.1385
t4_auc_n7800,7800,GiViTI,0.331
t4_auc_n7800,7800,Stk.joint,0.6325
t4_auc_n7800,7800,Stk.sym1,0.74
t4_auc_n7800,7800,Cubic.LR,0.574
loglog_auc_n380,380,EDGE.poly3.u.Grule,0.3195
loglog_auc_n380,380,EDGE.sym.u.Grule,0.0495
loglog_auc_n380,380,HL.Grule,0.1835
loglog_auc_n380,380,HLF.Grule,0.181
loglog_auc_n380,380,GiViTI,0.467
loglog_auc_n380,380,Stk.joint,0.3805
loglog_auc_n380,380,Stk.sym1,0.0635
loglog_auc_n380,380,Cubic.LR,0.527
loglog_auc_n640,640,EDGE.poly3.u.Grule,0.6185
loglog_auc_n640,640,EDGE.sym.u.Grule,0.058
loglog_auc_n640,640,HL.Grule,0.249
loglog_auc_n640,640,HLF.Grule,0.222
loglog_auc_n640,640,GiViTI,0.7645
loglog_auc_n640,640,Stk.joint,0.6585
loglog_auc_n640,640,Stk.sym1,0.0545
loglog_auc_n640,640,Cubic.LR,0.805
probit_e12_n4300,4300,EDGE.poly3.u.Grule,0.457
probit_e12_n4300,4300,EDGE.sym.u.Grule,0.4305
probit_e12_n4300,4300,HL.Grule,0.0025
probit_e12_n4300,4300,HLF.Grule,0.0595
probit_e12_n4300,4300,GiViTI,0.6095
probit_e12_n4300,4300,Stk.joint,0.4845
probit_e12_n4300,4300,Stk.sym1,0.6095
probit_e12_n4300,4300,Cubic.LR,0.573
probit_e12_n7200,7200,EDGE.poly3.u.Grule,0.7325
probit_e12_n7200,7200,EDGE.sym.u.Grule,0.7355
probit_e12_n7200,7200,HL.Grule,0.001
probit_e12_n7200,7200,HLF.Grule,0.062
probit_e12_n7200,7200,GiViTI,0.8565
probit_e12_n7200,7200,Stk.joint,0.762
probit_e12_n7200,7200,Stk.sym1,0.8535
probit_e12_n7200,7200,Cubic.LR,0.803
cauchit_e12_n6400,6400,EDGE.poly3.u.Grule,0.464
cauchit_e12_n6400,6400,EDGE.sym.u.Grule,0.5005
cauchit_e12_n6400,6400,HL.Grule,0.076
cauchit_e12_n6400,6400,HLF.Grule,0.075
cauchit_e12_n6400,6400,GiViTI,0.5255
cauchit_e12_n6400,6400,Stk.joint,0.531
cauchit_e12_n6400,6400,Stk.sym1,0.531
cauchit_e12_n6400,6400,Cubic.LR,0.441
cauchit_e12_n11000,11000,EDGE.poly3.u.Grule,0.729
cauchit_e12_n11000,11000,EDGE.sym.u.Grule,0.747
cauchit_e12_n11000,11000,HL.Grule,0.09
cauchit_e12_n11000,11000,HLF.Grule,0.0815
cauchit_e12_n11000,11000,GiViTI,0.7575
cauchit_e12_n11000,11000,Stk.joint,0.76
cauchit_e12_n11000,11000,Stk.sym1,0.76
cauchit_e12_n11000,11000,Cubic.LR,0.711
t4_e12_n8700,8700,EDGE.poly3.u.Grule,0.466
t4_e12_n8700,8700,EDGE.sym.u.Grule,0.53
t4_e12_n8700,8700,HL.Grule,0.2985
t4_e12_n8700,8700,HLF.Grule,0.09
t4_e12_n8700,8700,GiViTI,0.526
t4_e12_n8700,8700,Stk.joint,0.4725
t4_e12_n8700,8700,Stk.sym1,0.56
t4_e12_n8700,8700,Cubic.LR,0.474
t4_e12_n15000,15000,EDGE.poly3.u.Grule,0.6835
t4_e12_n15000,15000,EDGE.sym.u.Grule,0.757
t4_e12_n15000,15000,HL.Grule,0.383
t4_e12_n15000,15000,HLF.Grule,0.1055
t4_e12_n15000,15000,GiViTI,0.761
t4_e12_n15000,15000,Stk.joint,0.7015
t4_e12_n15000,15000,Stk.sym1,0.7765
t4_e12_n15000,15000,Cubic.LR,0.6835
loglog_e12_n1000,1000,EDGE.poly3.u.Grule,0.407
loglog_e12_n1000,1000,EDGE.sym.u.Grule,0.004
loglog_e12_n1000,1000,HL.Grule,5e-04
loglog_e12_n1000,1000,HLF.Grule,0.0925
loglog_e12_n1000,1000,GiViTI,0.6285
loglog_e12_n1000,1000,Stk.joint,0.3465
loglog_e12_n1000,1000,Stk.sym1,0.513
loglog_e12_n1000,1000,Cubic.LR,0.5925
loglog_e12_n1700,1700,EDGE.poly3.u.Grule,0.642
loglog_e12_n1700,1700,EDGE.sym.u.Grule,0.1105
loglog_e12_n1700,1700,HL.Grule,5e-04
loglog_e12_n1700,1700,HLF.Grule,0.115
loglog_e12_n1700,1700,GiViTI,0.883
loglog_e12_n1700,1700,Stk.joint,0.699
loglog_e12_n1700,1700,Stk.sym1,0.844
loglog_e12_n1700,1700,Cubic.LR,0.849
quad_0.01_n200,200,EDGE.poly3.u.Grule,0.056
quad_0.01_n200,200,EDGE.sym.u.Grule,0.0703
quad_0.01_n200,200,HL.Grule,0.0754
quad_0.01_n200,200,HLF.Grule,0.0482
quad_0.01_n200,200,GiViTI,0.0606
quad_0.01_n200,200,Stk.joint,0.0575
quad_0.01_n200,200,Stk.sym1,0.0597
quad_0.01_n200,200,Cubic.LR,0.0656
quad_0.02_n200,200,EDGE.poly3.u.Grule,0.1534
quad_0.02_n200,200,EDGE.sym.u.Grule,0.2058
quad_0.02_n200,200,HL.Grule,0.1832
quad_0.02_n200,200,HLF.Grule,0.0917
quad_0.02_n200,200,GiViTI,0.179
quad_0.02_n200,200,Stk.joint,0.1723
quad_0.02_n200,200,Stk.sym1,0.1919
quad_0.02_n200,200,Cubic.LR,0.1516
quad_0.03_n200,200,EDGE.poly3.u.Grule,0.2724
quad_0.03_n200,200,EDGE.sym.u.Grule,0.3467
quad_0.03_n200,200,HL.Grule,0.2959
quad_0.03_n200,200,HLF.Grule,0.1456
quad_0.03_n200,200,GiViTI,0.325
quad_0.03_n200,200,Stk.joint,0.3059
quad_0.03_n200,200,Stk.sym1,0.3437
quad_0.03_n200,200,Cubic.LR,0.2613
quad_0.05_n200,200,EDGE.poly3.u.Grule,0.4865
quad_0.05_n200,200,EDGE.sym.u.Grule,0.5545
quad_0.05_n200,200,HL.Grule,0.4868
quad_0.05_n200,200,HLF.Grule,0.2553
quad_0.05_n200,200,GiViTI,0.5519
quad_0.05_n200,200,Stk.joint,0.5322
quad_0.05_n200,200,Stk.sym1,0.5856
quad_0.05_n200,200,Cubic.LR,0.4705
quad_0.1_n200,200,EDGE.poly3.u.Grule,0.804
quad_0.1_n200,200,EDGE.sym.u.Grule,0.8401
quad_0.1_n200,200,HL.Grule,0.7879
quad_0.1_n200,200,HLF.Grule,0.5491
quad_0.1_n200,200,GiViTI,0.8458
quad_0.1_n200,200,Stk.joint,0.8415
quad_0.1_n200,200,Stk.sym1,0.8743
quad_0.1_n200,200,Cubic.LR,0.7945
quad_0.2_n200,200,EDGE.poly3.u.Grule,0.9737
quad_0.2_n200,200,EDGE.sym.u.Grule,0.9779
quad_0.2_n200,200,HL.Grule,0.9616
quad_0.2_n200,200,HLF.Grule,0.8531
quad_0.2_n200,200,GiViTI,0.9818
quad_0.2_n200,200,Stk.joint,0.9822
quad_0.2_n200,200,Stk.sym1,0.9878
quad_0.2_n200,200,Cubic.LR,0.9697
quad_0.4_n200,200,EDGE.poly3.u.Grule,0.999
quad_0.4_n200,200,EDGE.sym.u.Grule,0.9988
quad_0.4_n200,200,HL.Grule,0.9983
quad_0.4_n200,200,HLF.Grule,0.9906
quad_0.4_n200,200,GiViTI,0.9995
quad_0.4_n200,200,Stk.joint,0.9993
quad_0.4_n200,200,Stk.sym1,0.9996
quad_0.4_n200,200,Cubic.LR,0.9993
quad_0.01_n500,500,EDGE.poly3.u.Grule,0.0664
quad_0.01_n500,500,EDGE.sym.u.Grule,0.081
quad_0.01_n500,500,HL.Grule,0.0916
quad_0.01_n500,500,HLF.Grule,0.0576
quad_0.01_n500,500,GiViTI,0.0664
quad_0.01_n500,500,Stk.joint,0.0722
quad_0.01_n500,500,Stk.sym1,0.0734
quad_0.01_n500,500,Cubic.LR,0.072
quad_0.02_n500,500,EDGE.poly3.u.Grule,0.312
quad_0.02_n500,500,EDGE.sym.u.Grule,0.3488
quad_0.02_n500,500,HL.Grule,0.2768
quad_0.02_n500,500,HLF.Grule,0.1364
quad_0.02_n500,500,GiViTI,0.3618
quad_0.02_n500,500,Stk.joint,0.3362
quad_0.02_n500,500,Stk.sym1,0.3388
quad_0.02_n500,500,Cubic.LR,0.2996
quad_0.03_n500,500,EDGE.poly3.u.Grule,0.5766
quad_0.03_n500,500,EDGE.sym.u.Grule,0.6042
quad_0.03_n500,500,HL.Grule,0.497
quad_0.03_n500,500,HLF.Grule,0.2682
quad_0.03_n500,500,GiViTI,0.6372
quad_0.03_n500,500,Stk.joint,0.6084
quad_0.03_n500,500,Stk.sym1,0.6214
quad_0.03_n500,500,Cubic.LR,0.5694
quad_0.05_n500,500,EDGE.poly3.u.Grule,0.8634
quad_0.05_n500,500,EDGE.sym.u.Grule,0.8678
quad_0.05_n500,500,HL.Grule,0.7818
quad_0.05_n500,500,HLF.Grule,0.5168
quad_0.05_n500,500,GiViTI,0.904
quad_0.05_n500,500,Stk.joint,0.8836
quad_0.05_n500,500,Stk.sym1,0.8978
quad_0.05_n500,500,Cubic.LR,0.8616
quad_0.1_n500,500,EDGE.poly3.u.Grule,0.9952
quad_0.1_n500,500,EDGE.sym.u.Grule,0.9934
quad_0.1_n500,500,HL.Grule,0.9826
quad_0.1_n500,500,HLF.Grule,0.8884
quad_0.1_n500,500,GiViTI,0.997
quad_0.1_n500,500,Stk.joint,0.9962
quad_0.1_n500,500,Stk.sym1,0.996
quad_0.1_n500,500,Cubic.LR,0.9952
quad_0.2_n500,500,EDGE.poly3.u.Grule,1
quad_0.2_n500,500,EDGE.sym.u.Grule,1
quad_0.2_n500,500,HL.Grule,1
quad_0.2_n500,500,HLF.Grule,0.997
quad_0.2_n500,500,GiViTI,1
quad_0.2_n500,500,Stk.joint,1
quad_0.2_n500,500,Stk.sym1,1
quad_0.2_n500,500,Cubic.LR,1
quad_0.4_n500,500,EDGE.poly3.u.Grule,1
quad_0.4_n500,500,EDGE.sym.u.Grule,1
quad_0.4_n500,500,HL.Grule,1
quad_0.4_n500,500,HLF.Grule,1
quad_0.4_n500,500,GiViTI,1
quad_0.4_n500,500,Stk.joint,1
quad_0.4_n500,500,Stk.sym1,1
quad_0.4_n500,500,Cubic.LR,1
quad_0.01_n1000,1000,EDGE.poly3.u.Grule,0.0808
quad_0.01_n1000,1000,EDGE.sym.u.Grule,0.1008
quad_0.01_n1000,1000,HL.Grule,0.1028
quad_0.01_n1000,1000,HLF.Grule,0.0576
quad_0.01_n1000,1000,GiViTI,0.0958
quad_0.01_n1000,1000,Stk.joint,0.0878
quad_0.01_n1000,1000,Stk.sym1,0.0898
quad_0.01_n1000,1000,Cubic.LR,0.08
quad_0.02_n1000,1000,EDGE.poly3.u.Grule,0.5382
quad_0.02_n1000,1000,EDGE.sym.u.Grule,0.5382
quad_0.02_n1000,1000,HL.Grule,0.3844
quad_0.02_n1000,1000,HLF.Grule,0.1806
quad_0.02_n1000,1000,GiViTI,0.6258
quad_0.02_n1000,1000,Stk.joint,0.5722
quad_0.02_n1000,1000,Stk.sym1,0.5472
quad_0.02_n1000,1000,Cubic.LR,0.534
quad_0.03_n1000,1000,EDGE.poly3.u.Grule,0.8624
quad_0.03_n1000,1000,EDGE.sym.u.Grule,0.8528
quad_0.03_n1000,1000,HL.Grule,0.6914
quad_0.03_n1000,1000,HLF.Grule,0.3716
quad_0.03_n1000,1000,GiViTI,0.9096
quad_0.03_n1000,1000,Stk.joint,0.8842
quad_0.03_n1000,1000,Stk.sym1,0.8708
quad_0.03_n1000,1000,Cubic.LR,0.8636
quad_0.05_n1000,1000,EDGE.poly3.u.Grule,0.9936
quad_0.05_n1000,1000,EDGE.sym.u.Grule,0.9898
quad_0.05_n1000,1000,HL.Grule,0.9496
quad_0.05_n1000,1000,HLF.Grule,0.7276
quad_0.05_n1000,1000,GiViTI,0.9972
quad_0.05_n1000,1000,Stk.joint,0.9956
quad_0.05_n1000,1000,Stk.sym1,0.9954
quad_0.05_n1000,1000,Cubic.LR,0.9934
quad_0.1_n1000,1000,EDGE.poly3.u.Grule,1
quad_0.1_n1000,1000,EDGE.sym.u.Grule,1
quad_0.1_n1000,1000,HL.Grule,0.9996
quad_0.1_n1000,1000,HLF.Grule,0.9844
quad_0.1_n1000,1000,GiViTI,1
quad_0.1_n1000,1000,Stk.joint,1
quad_0.1_n1000,1000,Stk.sym1,1
quad_0.1_n1000,1000,Cubic.LR,1
quad_0.2_n1000,1000,EDGE.poly3.u.Grule,1
quad_0.2_n1000,1000,EDGE.sym.u.Grule,1
quad_0.2_n1000,1000,HL.Grule,1
quad_0.2_n1000,1000,HLF.Grule,1
quad_0.2_n1000,1000,GiViTI,1
quad_0.2_n1000,1000,Stk.joint,1
quad_0.2_n1000,1000,Stk.sym1,1
quad_0.2_n1000,1000,Cubic.LR,1
quad_0.4_n1000,1000,EDGE.poly3.u.Grule,1
quad_0.4_n1000,1000,EDGE.sym.u.Grule,1
quad_0.4_n1000,1000,HL.Grule,1
quad_0.4_n1000,1000,HLF.Grule,1
quad_0.4_n1000,1000,GiViTI,1
quad_0.4_n1000,1000,Stk.joint,1
quad_0.4_n1000,1000,Stk.sym1,1
quad_0.4_n1000,1000,Cubic.LR,1
quad_0.01_n2000,2000,EDGE.poly3.u.Grule,0.1312
quad_0.01_n2000,2000,EDGE.sym.u.Grule,0.1456
quad_0.01_n2000,2000,HL.Grule,0.1184
quad_0.01_n2000,2000,HLF.Grule,0.065
quad_0.01_n2000,2000,GiViTI,0.1766
quad_0.01_n2000,2000,Stk.joint,0.1432
quad_0.01_n2000,2000,Stk.sym1,0.1268
quad_0.01_n2000,2000,Cubic.LR,0.1362
quad_0.02_n2000,2000,EDGE.poly3.u.Grule,0.8432
quad_0.02_n2000,2000,EDGE.sym.u.Grule,0.7984
quad_0.02_n2000,2000,HL.Grule,0.5906
quad_0.02_n2000,2000,HLF.Grule,0.256
quad_0.02_n2000,2000,GiViTI,0.9076
quad_0.02_n2000,2000,Stk.joint,0.8636
quad_0.02_n2000,2000,Stk.sym1,0.8194
quad_0.02_n2000,2000,Cubic.LR,0.848
quad_0.03_n2000,2000,EDGE.poly3.u.Grule,0.9912
quad_0.03_n2000,2000,EDGE.sym.u.Grule,0.9812
quad_0.03_n2000,2000,HL.Grule,0.9014
quad_0.03_n2000,2000,HLF.Grule,0.5684
quad_0.03_n2000,2000,GiViTI,0.9978
quad_0.03_n2000,2000,Stk.joint,0.9932
quad_0.03_n2000,2000,Stk.sym1,0.9888
quad_0.03_n2000,2000,Cubic.LR,0.991
quad_0.05_n2000,2000,EDGE.poly3.u.Grule,1
quad_0.05_n2000,2000,EDGE.sym.u.Grule,1
quad_0.05_n2000,2000,HL.Grule,0.9974
quad_0.05_n2000,2000,HLF.Grule,0.9194
quad_0.05_n2000,2000,GiViTI,1
quad_0.05_n2000,2000,Stk.joint,1
quad_0.05_n2000,2000,Stk.sym1,1
quad_0.05_n2000,2000,Cubic.LR,1
quad_0.1_n2000,2000,EDGE.poly3.u.Grule,1
quad_0.1_n2000,2000,EDGE.sym.u.Grule,1
quad_0.1_n2000,2000,HL.Grule,1
quad_0.1_n2000,2000,HLF.Grule,1
quad_0.1_n2000,2000,GiViTI,1
quad_0.1_n2000,2000,Stk.joint,1
quad_0.1_n2000,2000,Stk.sym1,1
quad_0.1_n2000,2000,Cubic.LR,1
quad_0.2_n2000,2000,EDGE.poly3.u.Grule,1
quad_0.2_n2000,2000,EDGE.sym.u.Grule,1
quad_0.2_n2000,2000,HL.Grule,1
quad_0.2_n2000,2000,HLF.Grule,1
quad_0.2_n2000,2000,GiViTI,1
quad_0.2_n2000,2000,Stk.joint,1
quad_0.2_n2000,2000,Stk.sym1,1
quad_0.2_n2000,2000,Cubic.LR,1
quad_0.4_n2000,2000,EDGE.poly3.u.Grule,1
quad_0.4_n2000,2000,EDGE.sym.u.Grule,1
quad_0.4_n2000,2000,HL.Grule,1
quad_0.4_n2000,2000,HLF.Grule,1
quad_0.4_n2000,2000,GiViTI,1
quad_0.4_n2000,2000,Stk.joint,1
quad_0.4_n2000,2000,Stk.sym1,1
quad_0.4_n2000,2000,Cubic.LR,1
quad_0.01_n5000,5000,EDGE.poly3.u.Grule,0.2552
quad_0.01_n5000,5000,EDGE.sym.u.Grule,0.2372
quad_0.01_n5000,5000,HL.Grule,0.1718
quad_0.01_n5000,5000,HLF.Grule,0.0728
quad_0.01_n5000,5000,GiViTI,0.3344
quad_0.01_n5000,5000,Stk.joint,0.2752
quad_0.01_n5000,5000,Stk.sym1,0.2202
quad_0.01_n5000,5000,Cubic.LR,0.2608
quad_0.02_n5000,5000,EDGE.poly3.u.Grule,0.9978
quad_0.02_n5000,5000,EDGE.sym.u.Grule,0.9898
quad_0.02_n5000,5000,HL.Grule,0.8768
quad_0.02_n5000,5000,HLF.Grule,0.4286
quad_0.02_n5000,5000,GiViTI,0.9994
quad_0.02_n5000,5000,Stk.joint,0.9982
quad_0.02_n5000,5000,Stk.sym1,0.993
quad_0.02_n5000,5000,Cubic.LR,0.9978
quad_0.03_n5000,5000,EDGE.poly3.u.Grule,1
quad_0.03_n5000,5000,EDGE.sym.u.Grule,1
quad_0.03_n5000,5000,HL.Grule,0.9962
quad_0.03_n5000,5000,HLF.Grule,0.8534
quad_0.03_n5000,5000,GiViTI,1
quad_0.03_n5000,5000,Stk.joint,1
quad_0.03_n5000,5000,Stk.sym1,1
quad_0.03_n5000,5000,Cubic.LR,1
quad_0.05_n5000,5000,EDGE.poly3.u.Grule,1
quad_0.05_n5000,5000,EDGE.sym.u.Grule,1
quad_0.05_n5000,5000,HL.Grule,1
quad_0.05_n5000,5000,HLF.Grule,0.998
quad_0.05_n5000,5000,GiViTI,1
quad_0.05_n5000,5000,Stk.joint,1
quad_0.05_n5000,5000,Stk.sym1,1
quad_0.05_n5000,5000,Cubic.LR,1
quad_0.1_n5000,5000,EDGE.poly3.u.Grule,1
quad_0.1_n5000,5000,EDGE.sym.u.Grule,1
quad_0.1_n5000,5000,HL.Grule,1
quad_0.1_n5000,5000,HLF.Grule,1
quad_0.1_n5000,5000,GiViTI,1
quad_0.1_n5000,5000,Stk.joint,1
quad_0.1_n5000,5000,Stk.sym1,1
quad_0.1_n5000,5000,Cubic.LR,1
quad_0.2_n5000,5000,EDGE.poly3.u.Grule,1
quad_0.2_n5000,5000,EDGE.sym.u.Grule,1
quad_0.2_n5000,5000,HL.Grule,1
quad_0.2_n5000,5000,HLF.Grule,1
quad_0.2_n5000,5000,GiViTI,1
quad_0.2_n5000,5000,Stk.joint,1
quad_0.2_n5000,5000,Stk.sym1,1
quad_0.2_n5000,5000,Cubic.LR,1
quad_0.4_n5000,5000,EDGE.poly3.u.Grule,1
quad_0.4_n5000,5000,EDGE.sym.u.Grule,1
quad_0.4_n5000,5000,HL.Grule,1
quad_0.4_n5000,5000,HLF.Grule,1
quad_0.4_n5000,5000,GiViTI,1
quad_0.4_n5000,5000,Stk.joint,1
quad_0.4_n5000,5000,Stk.sym1,1
quad_0.4_n5000,5000,Cubic.LR,1
binint_0.1_n200,200,EDGE.poly3.u.Grule,0.0599
binint_0.1_n200,200,EDGE.sym.u.Grule,0.0567
binint_0.1_n200,200,HL.Grule,0.0502
binint_0.1_n200,200,HLF.Grule,0.0483
binint_0.1_n200,200,GiViTI,0.0601
binint_0.1_n200,200,Stk.joint,0.0642
binint_0.1_n200,200,Stk.sym1,0.0646
binint_0.1_n200,200,Cubic.LR,0.0488
binint_0.2_n200,200,EDGE.poly3.u.Grule,0.0951
binint_0.2_n200,200,EDGE.sym.u.Grule,0.0889
binint_0.2_n200,200,HL.Grule,0.0611
binint_0.2_n200,200,HLF.Grule,0.0556
binint_0.2_n200,200,GiViTI,0.0885
binint_0.2_n200,200,Stk.joint,0.0994
binint_0.2_n200,200,Stk.sym1,0.1017
binint_0.2_n200,200,Cubic.LR,0.069
binint_0.3_n200,200,EDGE.poly3.u.Grule,0.1306
binint_0.3_n200,200,EDGE.sym.u.Grule,0.1356
binint_0.3_n200,200,HL.Grule,0.083
binint_0.3_n200,200,HLF.Grule,0.0718
binint_0.3_n200,200,GiViTI,0.1251
binint_0.3_n200,200,Stk.joint,0.1431
binint_0.3_n200,200,Stk.sym1,0.1506
binint_0.3_n200,200,Cubic.LR,0.0983
binint_0.5_n200,200,EDGE.poly3.u.Grule,0.295
binint_0.5_n200,200,EDGE.sym.u.Grule,0.323
binint_0.5_n200,200,HL.Grule,0.1778
binint_0.5_n200,200,HLF.Grule,0.1426
binint_0.5_n200,200,GiViTI,0.3065
binint_0.5_n200,200,Stk.joint,0.2895
binint_0.5_n200,200,Stk.sym1,0.3596
binint_0.5_n200,200,Cubic.LR,0.2286
binint_0.7_n200,200,EDGE.poly3.u.Grule,0.6105
binint_0.7_n200,200,EDGE.sym.u.Grule,0.6097
binint_0.7_n200,200,HL.Grule,0.4401
binint_0.7_n200,200,HLF.Grule,0.3427
binint_0.7_n200,200,GiViTI,0.6326
binint_0.7_n200,200,Stk.joint,0.605
binint_0.7_n200,200,Stk.sym1,0.6805
binint_0.7_n200,200,Cubic.LR,0.5277
binint_0.1_n500,500,EDGE.poly3.u.Grule,0.0748
binint_0.1_n500,500,EDGE.sym.u.Grule,0.0786
binint_0.1_n500,500,HL.Grule,0.0542
binint_0.1_n500,500,HLF.Grule,0.0538
binint_0.1_n500,500,GiViTI,0.0704
binint_0.1_n500,500,Stk.joint,0.0802
binint_0.1_n500,500,Stk.sym1,0.0794
binint_0.1_n500,500,Cubic.LR,0.062
binint_0.2_n500,500,EDGE.poly3.u.Grule,0.1436
binint_0.2_n500,500,EDGE.sym.u.Grule,0.1658
binint_0.2_n500,500,HL.Grule,0.0694
binint_0.2_n500,500,HLF.Grule,0.0648
binint_0.2_n500,500,GiViTI,0.1444
binint_0.2_n500,500,Stk.joint,0.1648
binint_0.2_n500,500,Stk.sym1,0.1634
binint_0.2_n500,500,Cubic.LR,0.115
binint_0.3_n500,500,EDGE.poly3.u.Grule,0.2598
binint_0.3_n500,500,EDGE.sym.u.Grule,0.302
binint_0.3_n500,500,HL.Grule,0.1054
binint_0.3_n500,500,HLF.Grule,0.0946
binint_0.3_n500,500,GiViTI,0.2754
binint_0.3_n500,500,Stk.joint,0.294
binint_0.3_n500,500,Stk.sym1,0.3026
binint_0.3_n500,500,Cubic.LR,0.2186
binint_0.5_n500,500,EDGE.poly3.u.Grule,0.625
binint_0.5_n500,500,EDGE.sym.u.Grule,0.6752
binint_0.5_n500,500,HL.Grule,0.305
binint_0.5_n500,500,HLF.Grule,0.257
binint_0.5_n500,500,GiViTI,0.6556
binint_0.5_n500,500,Stk.joint,0.6124
binint_0.5_n500,500,Stk.sym1,0.6926
binint_0.5_n500,500,Cubic.LR,0.562
binint_0.7_n500,500,EDGE.poly3.u.Grule,0.9516
binint_0.7_n500,500,EDGE.sym.u.Grule,0.9418
binint_0.7_n500,500,HL.Grule,0.7576
binint_0.7_n500,500,HLF.Grule,0.6586
binint_0.7_n500,500,GiViTI,0.9582
binint_0.7_n500,500,Stk.joint,0.9466
binint_0.7_n500,500,Stk.sym1,0.9662
binint_0.7_n500,500,Cubic.LR,0.9226
binint_0.1_n1000,1000,EDGE.poly3.u.Grule,0.0896
binint_0.1_n1000,1000,EDGE.sym.u.Grule,0.0982
binint_0.1_n1000,1000,HL.Grule,0.0496
binint_0.1_n1000,1000,HLF.Grule,0.0478
binint_0.1_n1000,1000,GiViTI,0.0904
binint_0.1_n1000,1000,Stk.joint,0.1026
binint_0.1_n1000,1000,Stk.sym1,0.0984
binint_0.1_n1000,1000,Cubic.LR,0.0796
binint_0.2_n1000,1000,EDGE.poly3.u.Grule,0.2368
binint_0.2_n1000,1000,EDGE.sym.u.Grule,0.2664
binint_0.2_n1000,1000,HL.Grule,0.0818
binint_0.2_n1000,1000,HLF.Grule,0.0758
binint_0.2_n1000,1000,GiViTI,0.2578
binint_0.2_n1000,1000,Stk.joint,0.2798
binint_0.2_n1000,1000,Stk.sym1,0.2736
binint_0.2_n1000,1000,Cubic.LR,0.2134
binint_0.3_n1000,1000,EDGE.poly3.u.Grule,0.4748
binint_0.3_n1000,1000,EDGE.sym.u.Grule,0.5424
binint_0.3_n1000,1000,HL.Grule,0.156
binint_0.3_n1000,1000,HLF.Grule,0.1348
binint_0.3_n1000,1000,GiViTI,0.528
binint_0.3_n1000,1000,Stk.joint,0.55
binint_0.3_n1000,1000,Stk.sym1,0.5466
binint_0.3_n1000,1000,Cubic.LR,0.44
binint_0.5_n1000,1000,EDGE.poly3.u.Grule,0.9066
binint_0.5_n1000,1000,EDGE.sym.u.Grule,0.9156
binint_0.5_n1000,1000,HL.Grule,0.4868
binint_0.5_n1000,1000,HLF.Grule,0.4028
binint_0.5_n1000,1000,GiViTI,0.9198
binint_0.5_n1000,1000,Stk.joint,0.9006
binint_0.5_n1000,1000,Stk.sym1,0.9354
binint_0.5_n1000,1000,Cubic.LR,0.88
binint_0.7_n1000,1000,EDGE.poly3.u.Grule,0.9996
binint_0.7_n1000,1000,EDGE.sym.u.Grule,0.998
binint_0.7_n1000,1000,HL.Grule,0.9414
binint_0.7_n1000,1000,HLF.Grule,0.873
binint_0.7_n1000,1000,GiViTI,0.9984
binint_0.7_n1000,1000,Stk.joint,0.9992
binint_0.7_n1000,1000,Stk.sym1,0.9998
binint_0.7_n1000,1000,Cubic.LR,0.998
binint_0.1_n2000,2000,EDGE.poly3.u.Grule,0.1284
binint_0.1_n2000,2000,EDGE.sym.u.Grule,0.1404
binint_0.1_n2000,2000,HL.Grule,0.0632
binint_0.1_n2000,2000,HLF.Grule,0.0616
binint_0.1_n2000,2000,GiViTI,0.1444
binint_0.1_n2000,2000,Stk.joint,0.1506
binint_0.1_n2000,2000,Stk.sym1,0.1444
binint_0.1_n2000,2000,Cubic.LR,0.1186
binint_0.2_n2000,2000,EDGE.poly3.u.Grule,0.4218
binint_0.2_n2000,2000,EDGE.sym.u.Grule,0.4868
binint_0.2_n2000,2000,HL.Grule,0.1076
binint_0.2_n2000,2000,HLF.Grule,0.0992
binint_0.2_n2000,2000,GiViTI,0.484
binint_0.2_n2000,2000,Stk.joint,0.4988
binint_0.2_n2000,2000,Stk.sym1,0.4866
binint_0.2_n2000,2000,Cubic.LR,0.3962
binint_0.3_n2000,2000,EDGE.poly3.u.Grule,0.7754
binint_0.3_n2000,2000,EDGE.sym.u.Grule,0.8242
binint_0.3_n2000,2000,HL.Grule,0.2298
binint_0.3_n2000,2000,HLF.Grule,0.191
binint_0.3_n2000,2000,GiViTI,0.8294
binint_0.3_n2000,2000,Stk.joint,0.839
binint_0.3_n2000,2000,Stk.sym1,0.8322
binint_0.3_n2000,2000,Cubic.LR,0.7498
binint_0.5_n2000,2000,EDGE.poly3.u.Grule,0.9956
binint_0.5_n2000,2000,EDGE.sym.u.Grule,0.9964
binint_0.5_n2000,2000,HL.Grule,0.707
binint_0.5_n2000,2000,HLF.Grule,0.6056
binint_0.5_n2000,2000,GiViTI,0.997
binint_0.5_n2000,2000,Stk.joint,0.9948
binint_0.5_n2000,2000,Stk.sym1,0.9976
binint_0.5_n2000,2000,Cubic.LR,0.994
binint_0.7_n2000,2000,EDGE.poly3.u.Grule,1
binint_0.7_n2000,2000,EDGE.sym.u.Grule,1
binint_0.7_n2000,2000,HL.Grule,0.9968
binint_0.7_n2000,2000,HLF.Grule,0.9854
binint_0.7_n2000,2000,GiViTI,1
binint_0.7_n2000,2000,Stk.joint,1
binint_0.7_n2000,2000,Stk.sym1,1
binint_0.7_n2000,2000,Cubic.LR,1
binint_0.1_n5000,5000,EDGE.poly3.u.Grule,0.231
binint_0.1_n5000,5000,EDGE.sym.u.Grule,0.2904
binint_0.1_n5000,5000,HL.Grule,0.0618
binint_0.1_n5000,5000,HLF.Grule,0.06
binint_0.1_n5000,5000,GiViTI,0.2858
binint_0.1_n5000,5000,Stk.joint,0.2908
binint_0.1_n5000,5000,Stk.sym1,0.2944
binint_0.1_n5000,5000,Cubic.LR,0.2208
binint_0.2_n5000,5000,EDGE.poly3.u.Grule,0.8026
binint_0.2_n5000,5000,EDGE.sym.u.Grule,0.866
binint_0.2_n5000,5000,HL.Grule,0.155
binint_0.2_n5000,5000,HLF.Grule,0.1348
binint_0.2_n5000,5000,GiViTI,0.8646
binint_0.2_n5000,5000,Stk.joint,0.8708
binint_0.2_n5000,5000,Stk.sym1,0.8724
binint_0.2_n5000,5000,Cubic.LR,0.7964
binint_0.3_n5000,5000,EDGE.poly3.u.Grule,0.9886
binint_0.3_n5000,5000,EDGE.sym.u.Grule,0.994
binint_0.3_n5000,5000,HL.Grule,0.3962
binint_0.3_n5000,5000,HLF.Grule,0.3238
binint_0.3_n5000,5000,GiViTI,0.9932
binint_0.3_n5000,5000,Stk.joint,0.9938
binint_0.3_n5000,5000,Stk.sym1,0.994
binint_0.3_n5000,5000,Cubic.LR,0.9866
binint_0.5_n5000,5000,EDGE.poly3.u.Grule,1
binint_0.5_n5000,5000,EDGE.sym.u.Grule,1
binint_0.5_n5000,5000,HL.Grule,0.9574
binint_0.5_n5000,5000,HLF.Grule,0.906
binint_0.5_n5000,5000,GiViTI,1
binint_0.5_n5000,5000,Stk.joint,1
binint_0.5_n5000,5000,Stk.sym1,1
binint_0.5_n5000,5000,Cubic.LR,1
binint_0.7_n5000,5000,EDGE.poly3.u.Grule,1
binint_0.7_n5000,5000,EDGE.sym.u.Grule,1
binint_0.7_n5000,5000,HL.Grule,1
binint_0.7_n5000,5000,HLF.Grule,1
binint_0.7_n5000,5000,GiViTI,1
binint_0.7_n5000,5000,Stk.joint,1
binint_0.7_n5000,5000,Stk.sym1,1
binint_0.7_n5000,5000,Cubic.LR,1
contint_0.1_n200,200,EDGE.poly3.u.Grule,0.0501
contint_0.1_n200,200,EDGE.sym.u.Grule,0.0525
contint_0.1_n200,200,HL.Grule,0.0491
contint_0.1_n200,200,HLF.Grule,0.0484
contint_0.1_n200,200,GiViTI,0.059
contint_0.1_n200,200,Stk.joint,0.0564
contint_0.1_n200,200,Stk.sym1,0.0585
contint_0.1_n200,200,Cubic.LR,0.0581
contint_0.3_n200,200,EDGE.poly3.u.Grule,0.0722
contint_0.3_n200,200,EDGE.sym.u.Grule,0.0837
contint_0.3_n200,200,HL.Grule,0.0629
contint_0.3_n200,200,HLF.Grule,0.058
contint_0.3_n200,200,GiViTI,0.0916
contint_0.3_n200,200,Stk.joint,0.096
contint_0.3_n200,200,Stk.sym1,0.1056
contint_0.3_n200,200,Cubic.LR,0.0829
contint_0.5_n200,200,EDGE.poly3.u.Grule,0.1167
contint_0.5_n200,200,EDGE.sym.u.Grule,0.1419
contint_0.5_n200,200,HL.Grule,0.0864
contint_0.5_n200,200,HLF.Grule,0.0713
contint_0.5_n200,200,GiViTI,0.1438
contint_0.5_n200,200,Stk.joint,0.1496
contint_0.5_n200,200,Stk.sym1,0.1744
contint_0.5_n200,200,Cubic.LR,0.122
contint_0.7_n200,200,EDGE.poly3.u.Grule,0.1936
contint_0.7_n200,200,EDGE.sym.u.Grule,0.2419
contint_0.7_n200,200,HL.Grule,0.146
contint_0.7_n200,200,HLF.Grule,0.1017
contint_0.7_n200,200,GiViTI,0.2224
contint_0.7_n200,200,Stk.joint,0.2154
contint_0.7_n200,200,Stk.sym1,0.2817
contint_0.7_n200,200,Cubic.LR,0.1896
contint_0.1_n500,500,EDGE.poly3.u.Grule,0.0628
contint_0.1_n500,500,EDGE.sym.u.Grule,0.067
contint_0.1_n500,500,HL.Grule,0.0462
contint_0.1_n500,500,HLF.Grule,0.046
contint_0.1_n500,500,GiViTI,0.071
contint_0.1_n500,500,Stk.joint,0.0744
contint_0.1_n500,500,Stk.sym1,0.073
contint_0.1_n500,500,Cubic.LR,0.0622
contint_0.3_n500,500,EDGE.poly3.u.Grule,0.1548
contint_0.3_n500,500,EDGE.sym.u.Grule,0.1616
contint_0.3_n500,500,HL.Grule,0.076
contint_0.3_n500,500,HLF.Grule,0.0686
contint_0.3_n500,500,GiViTI,0.1844
contint_0.3_n500,500,Stk.joint,0.1974
contint_0.3_n500,500,Stk.sym1,0.2012
contint_0.3_n500,500,Cubic.LR,0.1492
contint_0.5_n500,500,EDGE.poly3.u.Grule,0.2662
contint_0.5_n500,500,EDGE.sym.u.Grule,0.3114
contint_0.5_n500,500,HL.Grule,0.129
contint_0.5_n500,500,HLF.Grule,0.1044
contint_0.5_n500,500,GiViTI,0.317
contint_0.5_n500,500,Stk.joint,0.2864
contint_0.5_n500,500,Stk.sym1,0.346
contint_0.5_n500,500,Cubic.LR,0.2536
contint_0.7_n500,500,EDGE.poly3.u.Grule,0.4398
contint_0.7_n500,500,EDGE.sym.u.Grule,0.4994
contint_0.7_n500,500,HL.Grule,0.2446
contint_0.7_n500,500,HLF.Grule,0.1698
contint_0.7_n500,500,GiViTI,0.5006
contint_0.7_n500,500,Stk.joint,0.4398
contint_0.7_n500,500,Stk.sym1,0.5368
contint_0.7_n500,500,Cubic.LR,0.4166
contint_0.1_n1000,1000,EDGE.poly3.u.Grule,0.0808
contint_0.1_n1000,1000,EDGE.sym.u.Grule,0.0844
contint_0.1_n1000,1000,HL.Grule,0.055
contint_0.1_n1000,1000,HLF.Grule,0.0538
contint_0.1_n1000,1000,GiViTI,0.0792
contint_0.1_n1000,1000,Stk.joint,0.0894
contint_0.1_n1000,1000,Stk.sym1,0.0854
contint_0.1_n1000,1000,Cubic.LR,0.069
contint_0.3_n1000,1000,EDGE.poly3.u.Grule,0.2626
contint_0.3_n1000,1000,EDGE.sym.u.Grule,0.3148
contint_0.3_n1000,1000,HL.Grule,0.0848
contint_0.3_n1000,1000,HLF.Grule,0.0762
contint_0.3_n1000,1000,GiViTI,0.3048
contint_0.3_n1000,1000,Stk.joint,0.3208
contint_0.3_n1000,1000,Stk.sym1,0.3282
contint_0.3_n1000,1000,Cubic.LR,0.2506
contint_0.5_n1000,1000,EDGE.poly3.u.Grule,0.4868
contint_0.5_n1000,1000,EDGE.sym.u.Grule,0.5578
contint_0.5_n1000,1000,HL.Grule,0.1858
contint_0.5_n1000,1000,HLF.Grule,0.1444
contint_0.5_n1000,1000,GiViTI,0.5498
contint_0.5_n1000,1000,Stk.joint,0.4914
contint_0.5_n1000,1000,Stk.sym1,0.577
contint_0.5_n1000,1000,Cubic.LR,0.4612
contint_0.7_n1000,1000,EDGE.poly3.u.Grule,0.7392
contint_0.7_n1000,1000,EDGE.sym.u.Grule,0.7794
contint_0.7_n1000,1000,HL.Grule,0.4176
contint_0.7_n1000,1000,HLF.Grule,0.28
contint_0.7_n1000,1000,GiViTI,0.7878
contint_0.7_n1000,1000,Stk.joint,0.7424
contint_0.7_n1000,1000,Stk.sym1,0.8106
contint_0.7_n1000,1000,Cubic.LR,0.7192
contint_0.1_n2000,2000,EDGE.poly3.u.Grule,0.1162
contint_0.1_n2000,2000,EDGE.sym.u.Grule,0.142
contint_0.1_n2000,2000,HL.Grule,0.0586
contint_0.1_n2000,2000,HLF.Grule,0.0576
contint_0.1_n2000,2000,GiViTI,0.1296
contint_0.1_n2000,2000,Stk.joint,0.1444
contint_0.1_n2000,2000,Stk.sym1,0.145
contint_0.1_n2000,2000,Cubic.LR,0.1088
contint_0.3_n2000,2000,EDGE.poly3.u.Grule,0.5136
contint_0.3_n2000,2000,EDGE.sym.u.Grule,0.5828
contint_0.3_n2000,2000,HL.Grule,0.1338
contint_0.3_n2000,2000,HLF.Grule,0.1142
contint_0.3_n2000,2000,GiViTI,0.5706
contint_0.3_n2000,2000,Stk.joint,0.5804
contint_0.3_n2000,2000,Stk.sym1,0.6
contint_0.3_n2000,2000,Cubic.LR,0.4912
contint_0.5_n2000,2000,EDGE.poly3.u.Grule,0.7892
contint_0.5_n2000,2000,EDGE.sym.u.Grule,0.837
contint_0.5_n2000,2000,HL.Grule,0.2778
contint_0.5_n2000,2000,HLF.Grule,0.2044
contint_0.5_n2000,2000,GiViTI,0.8396
contint_0.5_n2000,2000,Stk.joint,0.783
contint_0.5_n2000,2000,Stk.sym1,0.8578
contint_0.5_n2000,2000,Cubic.LR,0.7742
contint_0.7_n2000,2000,EDGE.poly3.u.Grule,0.959
contint_0.7_n2000,2000,EDGE.sym.u.Grule,0.9684
contint_0.7_n2000,2000,HL.Grule,0.619
contint_0.7_n2000,2000,HLF.Grule,0.4198
contint_0.7_n2000,2000,GiViTI,0.9748
contint_0.7_n2000,2000,Stk.joint,0.9578
contint_0.7_n2000,2000,Stk.sym1,0.9808
contint_0.7_n2000,2000,Cubic.LR,0.9524
contint_0.1_n5000,5000,EDGE.poly3.u.Grule,0.2466
contint_0.1_n5000,5000,EDGE.sym.u.Grule,0.3054
contint_0.1_n5000,5000,HL.Grule,0.0708
contint_0.1_n5000,5000,HLF.Grule,0.0668
contint_0.1_n5000,5000,GiViTI,0.2944
contint_0.1_n5000,5000,Stk.joint,0.3068
contint_0.1_n5000,5000,Stk.sym1,0.303
contint_0.1_n5000,5000,Cubic.LR,0.2282
contint_0.3_n5000,5000,EDGE.poly3.u.Grule,0.8866
contint_0.3_n5000,5000,EDGE.sym.u.Grule,0.9238
contint_0.3_n5000,5000,HL.Grule,0.2022
contint_0.3_n5000,5000,HLF.Grule,0.1622
contint_0.3_n5000,5000,GiViTI,0.922
contint_0.3_n5000,5000,Stk.joint,0.9212
contint_0.3_n5000,5000,Stk.sym1,0.9276
contint_0.3_n5000,5000,Cubic.LR,0.875
contint_0.5_n5000,5000,EDGE.poly3.u.Grule,0.9914
contint_0.5_n5000,5000,EDGE.sym.u.Grule,0.9934
contint_0.5_n5000,5000,HL.Grule,0.4932
contint_0.5_n5000,5000,HLF.Grule,0.355
contint_0.5_n5000,5000,GiViTI,0.9942
contint_0.5_n5000,5000,Stk.joint,0.9914
contint_0.5_n5000,5000,Stk.sym1,0.9944
contint_0.5_n5000,5000,Cubic.LR,0.992
contint_0.7_n5000,5000,EDGE.poly3.u.Grule,1
contint_0.7_n5000,5000,EDGE.sym.u.Grule,0.9998
contint_0.7_n5000,5000,HL.Grule,0.9142
contint_0.7_n5000,5000,HLF.Grule,0.7034
contint_0.7_n5000,5000,GiViTI,1
contint_0.7_n5000,5000,Stk.joint,1
contint_0.7_n5000,5000,Stk.sym1,1
contint_0.7_n5000,5000,Cubic.LR,1
link_probit_n200,200,EDGE.poly3.u.Grule,0.045
link_probit_n200,200,EDGE.sym.u.Grule,0.0343
link_probit_n200,200,HL.Grule,0.0471
link_probit_n200,200,HLF.Grule,0.0511
link_probit_n200,200,GiViTI,0.0437
link_probit_n200,200,Stk.joint,0.0407
link_probit_n200,200,Stk.sym1,0.045
link_probit_n200,200,Cubic.LR,0.0648
link_cloglog_n200,200,EDGE.poly3.u.Grule,0.1319
link_cloglog_n200,200,EDGE.sym.u.Grule,0.0312
link_cloglog_n200,200,HL.Grule,0.0598
link_cloglog_n200,200,HLF.Grule,0.097
link_cloglog_n200,200,GiViTI,0.2351
link_cloglog_n200,200,Stk.joint,0.1439
link_cloglog_n200,200,Stk.sym1,0.1147
link_cloglog_n200,200,Cubic.LR,0.2206
link_probit_n500,500,EDGE.poly3.u.Grule,0.0536
link_probit_n500,500,EDGE.sym.u.Grule,0.048
link_probit_n500,500,HL.Grule,0.042
link_probit_n500,500,HLF.Grule,0.0478
link_probit_n500,500,GiViTI,0.0472
link_probit_n500,500,Stk.joint,0.0458
link_probit_n500,500,Stk.sym1,0.0642
link_probit_n500,500,Cubic.LR,0.0662
link_cloglog_n500,500,EDGE.poly3.u.Grule,0.4146
link_cloglog_n500,500,EDGE.sym.u.Grule,0.2896
link_cloglog_n500,500,HL.Grule,0.0692
link_cloglog_n500,500,HLF.Grule,0.134
link_cloglog_n500,500,GiViTI,0.5456
link_cloglog_n500,500,Stk.joint,0.4176
link_cloglog_n500,500,Stk.sym1,0.4348
link_cloglog_n500,500,Cubic.LR,0.5234
link_probit_n1000,1000,EDGE.poly3.u.Grule,0.066
link_probit_n1000,1000,EDGE.sym.u.Grule,0.0722
link_probit_n1000,1000,HL.Grule,0.045
link_probit_n1000,1000,HLF.Grule,0.0574
link_probit_n1000,1000,GiViTI,0.051
link_probit_n1000,1000,Stk.joint,0.067
link_probit_n1000,1000,Stk.sym1,0.0906
link_probit_n1000,1000,Cubic.LR,0.0944
link_cloglog_n1000,1000,EDGE.poly3.u.Grule,0.7918
link_cloglog_n1000,1000,EDGE.sym.u.Grule,0.7722
link_cloglog_n1000,1000,HL.Grule,0.093
link_cloglog_n1000,1000,HLF.Grule,0.2144
link_cloglog_n1000,1000,GiViTI,0.8604
link_cloglog_n1000,1000,Stk.joint,0.8142
link_cloglog_n1000,1000,Stk.sym1,0.8274
link_cloglog_n1000,1000,Cubic.LR,0.8748
link_probit_n2000,2000,EDGE.poly3.u.Grule,0.1156
link_probit_n2000,2000,EDGE.sym.u.Grule,0.1214
link_probit_n2000,2000,HL.Grule,0.0428
link_probit_n2000,2000,HLF.Grule,0.0584
link_probit_n2000,2000,GiViTI,0.0656
link_probit_n2000,2000,Stk.joint,0.1114
link_probit_n2000,2000,Stk.sym1,0.1418
link_probit_n2000,2000,Cubic.LR,0.142
link_cloglog_n2000,2000,EDGE.poly3.u.Grule,0.9868
link_cloglog_n2000,2000,EDGE.sym.u.Grule,0.9906
link_cloglog_n2000,2000,HL.Grule,0.1222
link_cloglog_n2000,2000,HLF.Grule,0.3338
link_cloglog_n2000,2000,GiViTI,0.9902
link_cloglog_n2000,2000,Stk.joint,0.9908
link_cloglog_n2000,2000,Stk.sym1,0.9874
link_cloglog_n2000,2000,Cubic.LR,0.9956
link_probit_n5000,5000,EDGE.poly3.u.Grule,0.2574
link_probit_n5000,5000,EDGE.sym.u.Grule,0.3212
link_probit_n5000,5000,HL.Grule,0.0334
link_probit_n5000,5000,HLF.Grule,0.0554
link_probit_n5000,5000,GiViTI,0.1264
link_probit_n5000,5000,Stk.joint,0.2568
link_probit_n5000,5000,Stk.sym1,0.3376
link_probit_n5000,5000,Cubic.LR,0.2926
link_cloglog_n5000,5000,EDGE.poly3.u.Grule,1
link_cloglog_n5000,5000,EDGE.sym.u.Grule,1
link_cloglog_n5000,5000,HL.Grule,0.1836
link_cloglog_n5000,5000,HLF.Grule,0.6582
link_cloglog_n5000,5000,GiViTI,1
link_cloglog_n5000,5000,Stk.joint,1
link_cloglog_n5000,5000,Stk.sym1,1
link_cloglog_n5000,5000,Cubic.LR,1
rough_osc2_n500,500,EDGE.poly3.u.Grule,0.999
rough_osc2_n500,500,EDGE.sym.u.Grule,0.997
rough_osc2_n500,500,HL.Grule,1
rough_osc2_n500,500,HLF.Grule,1
rough_osc2_n500,500,GiViTI,0.9598
rough_osc2_n500,500,Stk.joint,0.9998
rough_osc2_n500,500,Stk.sym1,0.9992
rough_osc2_n500,500,Cubic.LR,0.9976
rough_osc4_n500,500,EDGE.poly3.u.Grule,0.3248
rough_osc4_n500,500,EDGE.sym.u.Grule,0.4228
rough_osc4_n500,500,HL.Grule,1
rough_osc4_n500,500,HLF.Grule,1
rough_osc4_n500,500,GiViTI,0.1514
rough_osc4_n500,500,Stk.joint,0.331
rough_osc4_n500,500,Stk.sym1,0.3654
rough_osc4_n500,500,Cubic.LR,0.353
rough_sawtooth_n500,500,EDGE.poly3.u.Grule,0.0828
rough_sawtooth_n500,500,EDGE.sym.u.Grule,0.0916
rough_sawtooth_n500,500,HL.Grule,0.8664
rough_sawtooth_n500,500,HLF.Grule,0.864
rough_sawtooth_n500,500,GiViTI,0.0572
rough_sawtooth_n500,500,Stk.joint,0.0824
rough_sawtooth_n500,500,Stk.sym1,0.0866
rough_sawtooth_n500,500,Cubic.LR,0.068
rough_osc2_n1000,1000,EDGE.poly3.u.Grule,1
rough_osc2_n1000,1000,EDGE.sym.u.Grule,1
rough_osc2_n1000,1000,HL.Grule,1
rough_osc2_n1000,1000,HLF.Grule,1
rough_osc2_n1000,1000,GiViTI,1
rough_osc2_n1000,1000,Stk.joint,1
rough_osc2_n1000,1000,Stk.sym1,1
rough_osc2_n1000,1000,Cubic.LR,1
rough_osc4_n1000,1000,EDGE.poly3.u.Grule,0.5352
rough_osc4_n1000,1000,EDGE.sym.u.Grule,0.718
rough_osc4_n1000,1000,HL.Grule,1
rough_osc4_n1000,1000,HLF.Grule,1
rough_osc4_n1000,1000,GiViTI,0.319
rough_osc4_n1000,1000,Stk.joint,0.5486
rough_osc4_n1000,1000,Stk.sym1,0.6248
rough_osc4_n1000,1000,Cubic.LR,0.611
rough_sawtooth_n1000,1000,EDGE.poly3.u.Grule,0.101
rough_sawtooth_n1000,1000,EDGE.sym.u.Grule,0.1428
rough_sawtooth_n1000,1000,HL.Grule,0.9982
rough_sawtooth_n1000,1000,HLF.Grule,0.9982
rough_sawtooth_n1000,1000,GiViTI,0.0588
rough_sawtooth_n1000,1000,Stk.joint,0.1046
rough_sawtooth_n1000,1000,Stk.sym1,0.1314
rough_sawtooth_n1000,1000,Cubic.LR,0.0916
rough_osc2_n2000,2000,EDGE.poly3.u.Grule,1
rough_osc2_n2000,2000,EDGE.sym.u.Grule,1
rough_osc2_n2000,2000,HL.Grule,1
rough_osc2_n2000,2000,HLF.Grule,1
rough_osc2_n2000,2000,GiViTI,1
rough_osc2_n2000,2000,Stk.joint,1
rough_osc2_n2000,2000,Stk.sym1,1
rough_osc2_n2000,2000,Cubic.LR,1
rough_osc4_n2000,2000,EDGE.poly3.u.Grule,0.819
rough_osc4_n2000,2000,EDGE.sym.u.Grule,0.9362
rough_osc4_n2000,2000,HL.Grule,1
rough_osc4_n2000,2000,HLF.Grule,1
rough_osc4_n2000,2000,GiViTI,0.6724
rough_osc4_n2000,2000,Stk.joint,0.8308
rough_osc4_n2000,2000,Stk.sym1,0.875
rough_osc4_n2000,2000,Cubic.LR,0.8896
rough_sawtooth_n2000,2000,EDGE.poly3.u.Grule,0.1456
rough_sawtooth_n2000,2000,EDGE.sym.u.Grule,0.2042
rough_sawtooth_n2000,2000,HL.Grule,1
rough_sawtooth_n2000,2000,HLF.Grule,1
rough_sawtooth_n2000,2000,GiViTI,0.0708
rough_sawtooth_n2000,2000,Stk.joint,0.1568
rough_sawtooth_n2000,2000,Stk.sym1,0.193
rough_sawtooth_n2000,2000,Cubic.LR,0.1474
stk_long_n200,200,EDGE.poly3.u.Grule,0.0661
stk_long_n200,200,EDGE.sym.u.Grule,0.065
stk_long_n200,200,HL.Grule,0.058
stk_long_n200,200,HLF.Grule,0.0581
stk_long_n200,200,GiViTI,0.0573
stk_long_n200,200,Stk.joint,0.077
stk_long_n200,200,Stk.sym1,0.0737
stk_long_n200,200,Cubic.LR,0.0659
stk_long_n500,500,EDGE.poly3.u.Grule,0.0982
stk_long_n500,500,EDGE.sym.u.Grule,0.1132
stk_long_n500,500,HL.Grule,0.0584
stk_long_n500,500,HLF.Grule,0.0584
stk_long_n500,500,GiViTI,0.0664
stk_long_n500,500,Stk.joint,0.0972
stk_long_n500,500,Stk.sym1,0.1138
stk_long_n500,500,Cubic.LR,0.0864
stk_long_n1000,1000,EDGE.poly3.u.Grule,0.1488
stk_long_n1000,1000,EDGE.sym.u.Grule,0.1914
stk_long_n1000,1000,HL.Grule,0.0632
stk_long_n1000,1000,HLF.Grule,0.063
stk_long_n1000,1000,GiViTI,0.0906
stk_long_n1000,1000,Stk.joint,0.1634
stk_long_n1000,1000,Stk.sym1,0.203
stk_long_n1000,1000,Cubic.LR,0.1362
stk_long_n2000,2000,EDGE.poly3.u.Grule,0.2584
stk_long_n2000,2000,EDGE.sym.u.Grule,0.3162
stk_long_n2000,2000,HL.Grule,0.0794
stk_long_n2000,2000,HLF.Grule,0.0766
stk_long_n2000,2000,GiViTI,0.1314
stk_long_n2000,2000,Stk.joint,0.2756
stk_long_n2000,2000,Stk.sym1,0.3232
stk_long_n2000,2000,Cubic.LR,0.2412
stk_long_n5000,5000,EDGE.poly3.u.Grule,0.5716
stk_long_n5000,5000,EDGE.sym.u.Grule,0.6732
stk_long_n5000,5000,HL.Grule,0.095
stk_long_n5000,5000,HLF.Grule,0.0912
stk_long_n5000,5000,GiViTI,0.2944
stk_long_n5000,5000,Stk.joint,0.6006
stk_long_n5000,5000,Stk.sym1,0.6806
stk_long_n5000,5000,Cubic.LR,0.5442
stk_short_n200,200,EDGE.poly3.u.Grule,0.1327
stk_short_n200,200,EDGE.sym.u.Grule,0.0834
stk_short_n200,200,HL.Grule,0.0682
stk_short_n200,200,HLF.Grule,0.1056
stk_short_n200,200,GiViTI,0.0669
stk_short_n200,200,Stk.joint,0.1079
stk_short_n200,200,Stk.sym1,0.2104
stk_short_n200,200,Cubic.LR,0.2585
stk_short_n500,500,EDGE.poly3.u.Grule,0.4902
stk_short_n500,500,EDGE.sym.u.Grule,0.4714
stk_short_n500,500,HL.Grule,0.1086
stk_short_n500,500,HLF.Grule,0.1822
stk_short_n500,500,GiViTI,0.2494
stk_short_n500,500,Stk.joint,0.463
stk_short_n500,500,Stk.sym1,0.6346
stk_short_n500,500,Cubic.LR,0.6038
stk_short_n1000,1000,EDGE.poly3.u.Grule,0.8736
stk_short_n1000,1000,EDGE.sym.u.Grule,0.901
stk_short_n1000,1000,HL.Grule,0.1366
stk_short_n1000,1000,HLF.Grule,0.2712
stk_short_n1000,1000,GiViTI,0.6398
stk_short_n1000,1000,Stk.joint,0.8728
stk_short_n1000,1000,Stk.sym1,0.9392
stk_short_n1000,1000,Cubic.LR,0.924
stk_short_n2000,2000,EDGE.poly3.u.Grule,0.9974
stk_short_n2000,2000,EDGE.sym.u.Grule,0.9982
stk_short_n2000,2000,HL.Grule,0.201
stk_short_n2000,2000,HLF.Grule,0.4382
stk_short_n2000,2000,GiViTI,0.9734
stk_short_n2000,2000,Stk.joint,0.997
stk_short_n2000,2000,Stk.sym1,0.9998
stk_short_n2000,2000,Cubic.LR,0.9986
stk_short_n5000,5000,EDGE.poly3.u.Grule,1
stk_short_n5000,5000,EDGE.sym.u.Grule,1
stk_short_n5000,5000,HL.Grule,0.3712
stk_short_n5000,5000,HLF.Grule,0.7864
stk_short_n5000,5000,GiViTI,1
stk_short_n5000,5000,Stk.joint,1
stk_short_n5000,5000,Stk.sym1,1
stk_short_n5000,5000,Cubic.LR,1
stk_asym_n200,200,EDGE.poly3.u.Grule,0.4425
stk_asym_n200,200,EDGE.sym.u.Grule,0.155
stk_asym_n200,200,HL.Grule,0.2527
stk_asym_n200,200,HLF.Grule,0.2616
stk_asym_n200,200,GiViTI,0.5418
stk_asym_n200,200,Stk.joint,0.4711
stk_asym_n200,200,Stk.sym1,0.1481
stk_asym_n200,200,Cubic.LR,0.5184
stk_asym_n500,500,EDGE.poly3.u.Grule,0.9124
stk_asym_n500,500,EDGE.sym.u.Grule,0.3276
stk_asym_n500,500,HL.Grule,0.5084
stk_asym_n500,500,HLF.Grule,0.5218
stk_asym_n500,500,GiViTI,0.929
stk_asym_n500,500,Stk.joint,0.9182
stk_asym_n500,500,Stk.sym1,0.3042
stk_asym_n500,500,Cubic.LR,0.93
stk_asym_n1000,1000,EDGE.poly3.u.Grule,0.9984
stk_asym_n1000,1000,EDGE.sym.u.Grule,0.5104
stk_asym_n1000,1000,HL.Grule,0.7478
stk_asym_n1000,1000,HLF.Grule,0.764
stk_asym_n1000,1000,GiViTI,0.9974
stk_asym_n1000,1000,Stk.joint,0.9986
stk_asym_n1000,1000,Stk.sym1,0.49
stk_asym_n1000,1000,Cubic.LR,0.9986
stk_asym_n2000,2000,EDGE.poly3.u.Grule,1
stk_asym_n2000,2000,EDGE.sym.u.Grule,0.7776
stk_asym_n2000,2000,HL.Grule,0.9342
stk_asym_n2000,2000,HLF.Grule,0.942
stk_asym_n2000,2000,GiViTI,1
stk_asym_n2000,2000,Stk.joint,1
stk_asym_n2000,2000,Stk.sym1,0.76
stk_asym_n2000,2000,Cubic.LR,1
stk_asym_n5000,5000,EDGE.poly3.u.Grule,1
stk_asym_n5000,5000,EDGE.sym.u.Grule,0.9818
stk_asym_n5000,5000,HL.Grule,0.9994
stk_asym_n5000,5000,HLF.Grule,0.9998
stk_asym_n5000,5000,GiViTI,1
stk_asym_n5000,5000,Stk.joint,1
stk_asym_n5000,5000,Stk.sym1,0.9794
stk_asym_n5000,5000,Cubic.LR,1
cauchit_n200,200,EDGE.poly3.u.Grule,0.081
cauchit_n200,200,EDGE.sym.u.Grule,0.082
cauchit_n200,200,HL.Grule,0.0641
cauchit_n200,200,HLF.Grule,0.0617
cauchit_n200,200,GiViTI,0.0677
cauchit_n200,200,Stk.joint,0.0946
cauchit_n200,200,Stk.sym1,0.0993
cauchit_n200,200,Cubic.LR,0.0718
cauchit_n500,500,EDGE.poly3.u.Grule,0.1354
cauchit_n500,500,EDGE.sym.u.Grule,0.159
cauchit_n500,500,HL.Grule,0.0692
cauchit_n500,500,HLF.Grule,0.0658
cauchit_n500,500,GiViTI,0.0834
cauchit_n500,500,Stk.joint,0.1348
cauchit_n500,500,Stk.sym1,0.1644
cauchit_n500,500,Cubic.LR,0.1128
cauchit_n1000,1000,EDGE.poly3.u.Grule,0.2126
cauchit_n1000,1000,EDGE.sym.u.Grule,0.2692
cauchit_n1000,1000,HL.Grule,0.0832
cauchit_n1000,1000,HLF.Grule,0.078
cauchit_n1000,1000,GiViTI,0.106
cauchit_n1000,1000,Stk.joint,0.2268
cauchit_n1000,1000,Stk.sym1,0.2776
cauchit_n1000,1000,Cubic.LR,0.1886
cauchit_n2000,2000,EDGE.poly3.u.Grule,0.4018
cauchit_n2000,2000,EDGE.sym.u.Grule,0.467
cauchit_n2000,2000,HL.Grule,0.1
cauchit_n2000,2000,HLF.Grule,0.0904
cauchit_n2000,2000,GiViTI,0.1944
cauchit_n2000,2000,Stk.joint,0.4072
cauchit_n2000,2000,Stk.sym1,0.4794
cauchit_n2000,2000,Cubic.LR,0.3694
cauchit_n5000,5000,EDGE.poly3.u.Grule,0.7944
cauchit_n5000,5000,EDGE.sym.u.Grule,0.8564
cauchit_n5000,5000,HL.Grule,0.141
cauchit_n5000,5000,HLF.Grule,0.122
cauchit_n5000,5000,GiViTI,0.4908
cauchit_n5000,5000,Stk.joint,0.7996
cauchit_n5000,5000,Stk.sym1,0.8666
cauchit_n5000,5000,Cubic.LR,0.7634
t4_n200,200,EDGE.poly3.u.Grule,0.0547
t4_n200,200,EDGE.sym.u.Grule,0.0499
t4_n200,200,HL.Grule,0.0583
t4_n200,200,HLF.Grule,0.057
t4_n200,200,GiViTI,0.0529
t4_n200,200,Stk.joint,0.055
t4_n200,200,Stk.sym1,0.0544
t4_n200,200,Cubic.LR,0.0554
t4_n500,500,EDGE.poly3.u.Grule,0.0562
t4_n500,500,EDGE.sym.u.Grule,0.0578
t4_n500,500,HL.Grule,0.057
t4_n500,500,HLF.Grule,0.0544
t4_n500,500,GiViTI,0.0608
t4_n500,500,Stk.joint,0.0578
t4_n500,500,Stk.sym1,0.0528
t4_n500,500,Cubic.LR,0.0544
t4_n1000,1000,EDGE.poly3.u.Grule,0.0642
t4_n1000,1000,EDGE.sym.u.Grule,0.0702
t4_n1000,1000,HL.Grule,0.0588
t4_n1000,1000,HLF.Grule,0.0524
t4_n1000,1000,GiViTI,0.0616
t4_n1000,1000,Stk.joint,0.07
t4_n1000,1000,Stk.sym1,0.0682
t4_n1000,1000,Cubic.LR,0.0608
t4_n2000,2000,EDGE.poly3.u.Grule,0.072
t4_n2000,2000,EDGE.sym.u.Grule,0.076
t4_n2000,2000,HL.Grule,0.057
t4_n2000,2000,HLF.Grule,0.052
t4_n2000,2000,GiViTI,0.0578
t4_n2000,2000,Stk.joint,0.0692
t4_n2000,2000,Stk.sym1,0.071
t4_n2000,2000,Cubic.LR,0.0672
t4_n5000,5000,EDGE.poly3.u.Grule,0.1042
t4_n5000,5000,EDGE.sym.u.Grule,0.1334
t4_n5000,5000,HL.Grule,0.0618
t4_n5000,5000,HLF.Grule,0.0532
t4_n5000,5000,GiViTI,0.0712
t4_n5000,5000,Stk.joint,0.1054
t4_n5000,5000,Stk.sym1,0.1286
t4_n5000,5000,Cubic.LR,0.1016
loglog_n200,200,EDGE.poly3.u.Grule,0.1413
loglog_n200,200,EDGE.sym.u.Grule,0.0534
loglog_n200,200,HL.Grule,0.0809
loglog_n200,200,HLF.Grule,0.0928
loglog_n200,200,GiViTI,0.1977
loglog_n200,200,Stk.joint,0.1439
loglog_n200,200,Stk.sym1,0.0751
loglog_n200,200,Cubic.LR,0.1956
loglog_n500,500,EDGE.poly3.u.Grule,0.3722
loglog_n500,500,EDGE.sym.u.Grule,0.1624
loglog_n500,500,HL.Grule,0.113
loglog_n500,500,HLF.Grule,0.1346
loglog_n500,500,GiViTI,0.469
loglog_n500,500,Stk.joint,0.3776
loglog_n500,500,Stk.sym1,0.1742
loglog_n500,500,Cubic.LR,0.4396
loglog_n1000,1000,EDGE.poly3.u.Grule,0.7146
loglog_n1000,1000,EDGE.sym.u.Grule,0.3578
loglog_n1000,1000,HL.Grule,0.1576
loglog_n1000,1000,HLF.Grule,0.194
loglog_n1000,1000,GiViTI,0.7686
loglog_n1000,1000,Stk.joint,0.7338
loglog_n1000,1000,Stk.sym1,0.3342
loglog_n1000,1000,Cubic.LR,0.7748
loglog_n2000,2000,EDGE.poly3.u.Grule,0.9694
loglog_n2000,2000,EDGE.sym.u.Grule,0.674
loglog_n2000,2000,HL.Grule,0.2298
loglog_n2000,2000,HLF.Grule,0.3034
loglog_n2000,2000,GiViTI,0.9688
loglog_n2000,2000,Stk.joint,0.973
loglog_n2000,2000,Stk.sym1,0.602
loglog_n2000,2000,Cubic.LR,0.981
loglog_n5000,5000,EDGE.poly3.u.Grule,1
loglog_n5000,5000,EDGE.sym.u.Grule,0.9854
loglog_n5000,5000,HL.Grule,0.417
loglog_n5000,5000,HLF.Grule,0.5622
loglog_n5000,5000,GiViTI,1
loglog_n5000,5000,Stk.joint,1
loglog_n5000,5000,Stk.sym1,0.9584
loglog_n5000,5000,Cubic.LR,1
crossover_n1000,1000,EDGE.poly3.u.Grule,0.0922
crossover_n1000,1000,EDGE.sym.u.Grule,0.06
crossover_n1000,1000,HL.Grule,0.0786
crossover_n1000,1000,HLF.Grule,0.078
crossover_n1000,1000,GiViTI,0.1046
crossover_n1000,1000,Stk.joint,0.0964
crossover_n1000,1000,Stk.sym1,0.0576
crossover_n1000,1000,Cubic.LR,0.092
crossover_n2000,2000,EDGE.poly3.u.Grule,0.0972
crossover_n2000,2000,EDGE.sym.u.Grule,0.0684
crossover_n2000,2000,HL.Grule,0.0816
crossover_n2000,2000,HLF.Grule,0.0822
crossover_n2000,2000,GiViTI,0.0994
crossover_n2000,2000,Stk.joint,0.0966
crossover_n2000,2000,Stk.sym1,0.0698
crossover_n2000,2000,Cubic.LR,0.0954
osc4_n1000,1000,EDGE.poly3.u.Grule,0.5308
osc4_n1000,1000,EDGE.sym.u.Grule,0.6994
osc4_n1000,1000,HL.Grule,1
osc4_n1000,1000,HLF.Grule,1
osc4_n1000,1000,GiViTI,0.3066
osc4_n1000,1000,Stk.joint,0.5446
osc4_n1000,1000,Stk.sym1,0.6068
osc4_n1000,1000,Cubic.LR,0.6024
osc4_n2000,2000,EDGE.poly3.u.Grule,0.8106
osc4_n2000,2000,EDGE.sym.u.Grule,0.9396
osc4_n2000,2000,HL.Grule,1
osc4_n2000,2000,HLF.Grule,1
osc4_n2000,2000,GiViTI,0.6656
osc4_n2000,2000,Stk.joint,0.8294
osc4_n2000,2000,Stk.sym1,0.881
osc4_n2000,2000,Cubic.LR,0.8926
sawtooth_n1000,1000,EDGE.poly3.u.Grule,0.0988
sawtooth_n1000,1000,EDGE.sym.u.Grule,0.1336
sawtooth_n1000,1000,HL.Grule,0.999
sawtooth_n1000,1000,HLF.Grule,0.9988
sawtooth_n1000,1000,GiViTI,0.0578
sawtooth_n1000,1000,Stk.joint,0.1054
sawtooth_n1000,1000,Stk.sym1,0.126
sawtooth_n1000,1000,Cubic.LR,0.091
sawtooth_n2000,2000,EDGE.poly3.u.Grule,0.1478
sawtooth_n2000,2000,EDGE.sym.u.Grule,0.207
sawtooth_n2000,2000,HL.Grule,1
sawtooth_n2000,2000,HLF.Grule,1
sawtooth_n2000,2000,GiViTI,0.0676
sawtooth_n2000,2000,Stk.joint,0.166
sawtooth_n2000,2000,Stk.sym1,0.1986
sawtooth_n2000,2000,Cubic.LR,0.1554
