comparator,cells,leads_or_ties,both_below_0.10,leads_or_ties_informative,informative,mean_edge,mean_rival
best_part_G10,158,145,23,123,135,0.541888607594937,0.487341139240506
best_part_rule,158,143,22,123,136,0.541888607594937,0.407346202531646
best_part_any,158,140,21,122,137,0.541888607594937,0.501089240506329
HL.G10,158,145,23,123,135,0.541888607594937,0.477517721518987
HL_w,158,145,22,124,136,0.541888607594937,0.445703797468354
PH,158,145,23,123,135,0.541888607594937,0.468779746835443
Tsiatis,158,139,21,119,137,0.541888607594937,0.487343037974684
Xie,158,135,21,116,137,0.541888607594937,0.497712025316456
PR,158,141,21,121,137,0.541888607594937,0.162711392405063
GiViTI,158,97,24,75,134,0.541888607594937,0.527120886075949
Stk.joint,158,97,23,78,135,0.541888607594937,0.553204430379747
Stk.sym1,158,72,21,55,137,0.541888607594937,0.54925253164557
Stk.LR,158,106,25,84,133,0.541888607594937,0.554780379746836
Cubic.LR,158,123,25,102,133,0.541888607594937,0.54968164556962
