error,n,k,test,reps,false_alarm
exaggeration,1000,0,EDGE.poly3.u.Grule,1000,0.045
exaggeration,1000,0,EDGE.poly3.u.G10,1000,0.04
exaggeration,1000,0,EDGE.sym.u.Grule,1000,0.044
exaggeration,1000,0,EDGE.sym.u.G10,1000,0.047
exaggeration,1000,0,HL.Grule,1000,0.038
exaggeration,1000,0,HL.G10,1000,0.04
exaggeration,1000,0,HL_w,1000,0.04
exaggeration,1000,0,PH,1000,0.019
exaggeration,1000,0,Tsiatis,1000,0.059
exaggeration,1000,0,Xie,1000,0.038
exaggeration,1000,0,Stk.joint,1000,0.044
exaggeration,1000,0,Cubic.LR,1000,0.041
exaggeration,1000,0,GiViTI,1000,0.042
sign error,1000,0,EDGE.poly3.u.Grule,1000,0.051
sign error,1000,0,EDGE.poly3.u.G10,1000,0.04
sign error,1000,0,EDGE.sym.u.Grule,1000,0.047
sign error,1000,0,EDGE.sym.u.G10,1000,0.051
sign error,1000,0,HL.Grule,1000,0.04
sign error,1000,0,HL.G10,1000,0.052
sign error,1000,0,HL_w,1000,0.052
sign error,1000,0,PH,1000,0.032
sign error,1000,0,Tsiatis,1000,0.054
sign error,1000,0,Xie,1000,0.017
sign error,1000,0,Stk.joint,1000,0.048
sign error,1000,0,Cubic.LR,1000,0.048
sign error,1000,0,GiViTI,1000,0.046
exaggeration,1000,1,EDGE.poly3.u.Grule,1000,0.056
exaggeration,1000,1,EDGE.poly3.u.G10,1000,0.056
exaggeration,1000,1,EDGE.sym.u.Grule,1000,0.058
exaggeration,1000,1,EDGE.sym.u.G10,1000,0.056
exaggeration,1000,1,HL.Grule,1000,0.052
exaggeration,1000,1,HL.G10,1000,0.051
exaggeration,1000,1,HL_w,1000,0.151
exaggeration,1000,1,PH,1000,0.033
exaggeration,1000,1,Tsiatis,1000,0.077
exaggeration,1000,1,Xie,1000,0.061
exaggeration,1000,1,Stk.joint,1000,0.121
exaggeration,1000,1,Cubic.LR,1000,0.127
exaggeration,1000,1,GiViTI,1000,0.089
sign error,1000,1,EDGE.poly3.u.Grule,1000,0.054
sign error,1000,1,EDGE.poly3.u.G10,1000,0.05
sign error,1000,1,EDGE.sym.u.Grule,1000,0.056
sign error,1000,1,EDGE.sym.u.G10,1000,0.069
sign error,1000,1,HL.Grule,1000,0.04
sign error,1000,1,HL.G10,1000,0.057
sign error,1000,1,HL_w,1000,0.392
sign error,1000,1,PH,1000,0.032
sign error,1000,1,Tsiatis,1000,0.179
sign error,1000,1,Xie,1000,0.226
sign error,1000,1,Stk.joint,1000,0.364
sign error,1000,1,Cubic.LR,1000,0.389
sign error,1000,1,GiViTI,1000,0.268
exaggeration,1000,2,EDGE.poly3.u.Grule,1000,0.059
exaggeration,1000,2,EDGE.poly3.u.G10,1000,0.053
exaggeration,1000,2,EDGE.sym.u.Grule,1000,0.067
exaggeration,1000,2,EDGE.sym.u.G10,1000,0.054
exaggeration,1000,2,HL.Grule,1000,0.051
exaggeration,1000,2,HL.G10,1000,0.044
exaggeration,1000,2,HL_w,1000,0.246
exaggeration,1000,2,PH,1000,0.023
exaggeration,1000,2,Tsiatis,1000,0.125
exaggeration,1000,2,Xie,1000,0.157
exaggeration,1000,2,Stk.joint,1000,0.217
exaggeration,1000,2,Cubic.LR,1000,0.201
exaggeration,1000,2,GiViTI,1000,0.146
sign error,1000,2,EDGE.poly3.u.Grule,1000,0.072
sign error,1000,2,EDGE.poly3.u.G10,1000,0.072
sign error,1000,2,EDGE.sym.u.Grule,1000,0.079
sign error,1000,2,EDGE.sym.u.G10,1000,0.095
sign error,1000,2,HL.Grule,1000,0.057
sign error,1000,2,HL.G10,1000,0.058
sign error,1000,2,HL_w,1000,0.614
sign error,1000,2,PH,1000,0.03
sign error,1000,2,Tsiatis,1000,0.356
sign error,1000,2,Xie,1000,0.406
sign error,1000,2,Stk.joint,1000,0.584
sign error,1000,2,Cubic.LR,1000,0.599
sign error,1000,2,GiViTI,1000,0.443
exaggeration,1000,5,EDGE.poly3.u.Grule,1000,0.057
exaggeration,1000,5,EDGE.poly3.u.G10,1000,0.051
exaggeration,1000,5,EDGE.sym.u.Grule,1000,0.048
exaggeration,1000,5,EDGE.sym.u.G10,1000,0.067
exaggeration,1000,5,HL.Grule,1000,0.045
exaggeration,1000,5,HL.G10,1000,0.042
exaggeration,1000,5,HL_w,1000,0.444
exaggeration,1000,5,PH,1000,0.027
exaggeration,1000,5,Tsiatis,1000,0.287
exaggeration,1000,5,Xie,1000,0.346
exaggeration,1000,5,Stk.joint,1000,0.398
exaggeration,1000,5,Cubic.LR,1000,0.321
exaggeration,1000,5,GiViTI,1000,0.251
sign error,1000,5,EDGE.poly3.u.Grule,1000,0.124
sign error,1000,5,EDGE.poly3.u.G10,1000,0.081
sign error,1000,5,EDGE.sym.u.Grule,1000,0.095
sign error,1000,5,EDGE.sym.u.G10,1000,0.225
sign error,1000,5,HL.Grule,1000,0.059
sign error,1000,5,HL.G10,1000,0.056
sign error,1000,5,HL_w,1000,0.892
sign error,1000,5,PH,1000,0.04
sign error,1000,5,Tsiatis,1000,0.714
sign error,1000,5,Xie,1000,0.795
sign error,1000,5,Stk.joint,1000,0.893
sign error,1000,5,Cubic.LR,1000,0.887
sign error,1000,5,GiViTI,1000,0.798
exaggeration,1000,10,EDGE.poly3.u.Grule,1000,0.097
exaggeration,1000,10,EDGE.poly3.u.G10,1000,0.085
exaggeration,1000,10,EDGE.sym.u.Grule,1000,0.059
exaggeration,1000,10,EDGE.sym.u.G10,1000,0.114
exaggeration,1000,10,HL.Grule,1000,0.066
exaggeration,1000,10,HL.G10,1000,0.058
exaggeration,1000,10,HL_w,1000,0.592
exaggeration,1000,10,PH,1000,0.037
exaggeration,1000,10,Tsiatis,1000,0.542
exaggeration,1000,10,Xie,1000,0.606
exaggeration,1000,10,Stk.joint,1000,0.627
exaggeration,1000,10,Cubic.LR,1000,0.482
exaggeration,1000,10,GiViTI,1000,0.397
sign error,1000,10,EDGE.poly3.u.Grule,1000,0.381
sign error,1000,10,EDGE.poly3.u.G10,1000,0.182
sign error,1000,10,EDGE.sym.u.Grule,1000,0.098
sign error,1000,10,EDGE.sym.u.G10,1000,0.431
sign error,1000,10,HL.Grule,1000,0.125
sign error,1000,10,HL.G10,1000,0.099
sign error,1000,10,HL_w,1000,0.988
sign error,1000,10,PH,1000,0.064
sign error,1000,10,Tsiatis,1000,0.949
sign error,1000,10,Xie,1000,0.978
sign error,1000,10,Stk.joint,1000,0.992
sign error,1000,10,Cubic.LR,1000,0.987
sign error,1000,10,GiViTI,1000,0.965
exaggeration,5000,0,EDGE.poly3.u.Grule,1000,0.048
exaggeration,5000,0,EDGE.poly3.u.G10,1000,0.051
exaggeration,5000,0,EDGE.sym.u.Grule,1000,0.053
exaggeration,5000,0,EDGE.sym.u.G10,1000,0.053
exaggeration,5000,0,HL.Grule,1000,0.052
exaggeration,5000,0,HL.G10,1000,0.055
exaggeration,5000,0,HL_w,1000,0.047
exaggeration,5000,0,PH,1000,0.032
exaggeration,5000,0,Tsiatis,1000,0.037
exaggeration,5000,0,Xie,1000,0.022
exaggeration,5000,0,Stk.joint,1000,0.047
exaggeration,5000,0,Cubic.LR,1000,0.041
exaggeration,5000,0,GiViTI,1000,0.048
sign error,5000,0,EDGE.poly3.u.Grule,1000,0.06
sign error,5000,0,EDGE.poly3.u.G10,1000,0.058
sign error,5000,0,EDGE.sym.u.Grule,1000,0.05
sign error,5000,0,EDGE.sym.u.G10,1000,0.054
sign error,5000,0,HL.Grule,1000,0.039
sign error,5000,0,HL.G10,1000,0.049
sign error,5000,0,HL_w,1000,0.047
sign error,5000,0,PH,1000,0.035
sign error,5000,0,Tsiatis,1000,0.044
sign error,5000,0,Xie,1000,0.03
sign error,5000,0,Stk.joint,1000,0.058
sign error,5000,0,Cubic.LR,1000,0.05
sign error,5000,0,GiViTI,1000,0.053
exaggeration,5000,5,EDGE.poly3.u.Grule,1000,0.05
exaggeration,5000,5,EDGE.poly3.u.G10,1000,0.048
exaggeration,5000,5,EDGE.sym.u.Grule,1000,0.045
exaggeration,5000,5,EDGE.sym.u.G10,1000,0.049
exaggeration,5000,5,HL.Grule,1000,0.043
exaggeration,5000,5,HL.G10,1000,0.037
exaggeration,5000,5,HL_w,1000,0.38
exaggeration,5000,5,PH,1000,0.02
exaggeration,5000,5,Tsiatis,1000,0.173
exaggeration,5000,5,Xie,1000,0.036
exaggeration,5000,5,Stk.joint,1000,0.252
exaggeration,5000,5,Cubic.LR,1000,0.272
exaggeration,5000,5,GiViTI,1000,0.187
sign error,5000,5,EDGE.poly3.u.Grule,1000,0.072
sign error,5000,5,EDGE.poly3.u.G10,1000,0.061
sign error,5000,5,EDGE.sym.u.Grule,1000,0.07
sign error,5000,5,EDGE.sym.u.G10,1000,0.08
sign error,5000,5,HL.Grule,1000,0.055
sign error,5000,5,HL.G10,1000,0.051
sign error,5000,5,HL_w,1000,0.776
sign error,5000,5,PH,1000,0.034
sign error,5000,5,Tsiatis,1000,0.443
sign error,5000,5,Xie,1000,0.063
sign error,5000,5,Stk.joint,1000,0.746
sign error,5000,5,Cubic.LR,1000,0.838
sign error,5000,5,GiViTI,1000,0.723
exaggeration,5000,10,EDGE.poly3.u.Grule,1000,0.06
exaggeration,5000,10,EDGE.poly3.u.G10,1000,0.047
exaggeration,5000,10,EDGE.sym.u.Grule,1000,0.052
exaggeration,5000,10,EDGE.sym.u.G10,1000,0.056
exaggeration,5000,10,HL.Grule,1000,0.052
exaggeration,5000,10,HL.G10,1000,0.043
exaggeration,5000,10,HL_w,1000,0.586
exaggeration,5000,10,PH,1000,0.022
exaggeration,5000,10,Tsiatis,1000,0.325
exaggeration,5000,10,Xie,1000,0.202
exaggeration,5000,10,Stk.joint,1000,0.472
exaggeration,5000,10,Cubic.LR,1000,0.447
exaggeration,5000,10,GiViTI,1000,0.312
sign error,5000,10,EDGE.poly3.u.Grule,1000,0.139
sign error,5000,10,EDGE.poly3.u.G10,1000,0.077
sign error,5000,10,EDGE.sym.u.Grule,1000,0.058
sign error,5000,10,EDGE.sym.u.G10,1000,0.163
sign error,5000,10,HL.Grule,1000,0.077
sign error,5000,10,HL.G10,1000,0.054
sign error,5000,10,HL_w,1000,0.972
sign error,5000,10,PH,1000,0.039
sign error,5000,10,Tsiatis,1000,0.721
sign error,5000,10,Xie,1000,0.313
sign error,5000,10,Stk.joint,1000,0.974
sign error,5000,10,Cubic.LR,1000,0.98
sign error,5000,10,GiViTI,1000,0.964
exaggeration,5000,25,EDGE.poly3.u.Grule,1000,0.151
exaggeration,5000,25,EDGE.poly3.u.G10,1000,0.065
exaggeration,5000,25,EDGE.sym.u.Grule,1000,0.099
exaggeration,5000,25,EDGE.sym.u.G10,1000,0.09
exaggeration,5000,25,HL.Grule,1000,0.077
exaggeration,5000,25,HL.G10,1000,0.05
exaggeration,5000,25,HL_w,1000,0.789
exaggeration,5000,25,PH,1000,0.038
exaggeration,5000,25,Tsiatis,1000,0.68
exaggeration,5000,25,Xie,1000,0.75
exaggeration,5000,25,Stk.joint,1000,0.801
exaggeration,5000,25,Cubic.LR,1000,0.753
exaggeration,5000,25,GiViTI,1000,0.575
sign error,5000,25,EDGE.poly3.u.Grule,1000,0.794
sign error,5000,25,EDGE.poly3.u.G10,1000,0.249
sign error,5000,25,EDGE.sym.u.Grule,1000,0.291
sign error,5000,25,EDGE.sym.u.G10,1000,0.543
sign error,5000,25,HL.Grule,1000,0.569
sign error,5000,25,HL.G10,1000,0.126
sign error,5000,25,HL_w,1000,1
sign error,5000,25,PH,1000,0.08
sign error,5000,25,Tsiatis,1000,0.998
sign error,5000,25,Xie,1000,0.962
sign error,5000,25,Stk.joint,1000,1
sign error,5000,25,Cubic.LR,1000,1
sign error,5000,25,GiViTI,1000,1
exaggeration,5000,50,EDGE.poly3.u.Grule,1000,0.74
exaggeration,5000,50,EDGE.poly3.u.G10,1000,0.107
exaggeration,5000,50,EDGE.sym.u.Grule,1000,0.745
exaggeration,5000,50,EDGE.sym.u.G10,1000,0.201
exaggeration,5000,50,HL.Grule,1000,0.437
exaggeration,5000,50,HL.G10,1000,0.088
exaggeration,5000,50,HL_w,1000,0.958
exaggeration,5000,50,PH,1000,0.052
exaggeration,5000,50,Tsiatis,1000,0.907
exaggeration,5000,50,Xie,1000,0.956
exaggeration,5000,50,Stk.joint,1000,0.98
exaggeration,5000,50,Cubic.LR,1000,0.954
exaggeration,5000,50,GiViTI,1000,0.869
sign error,5000,50,EDGE.poly3.u.Grule,1000,1
sign error,5000,50,EDGE.poly3.u.G10,1000,0.903
sign error,5000,50,EDGE.sym.u.Grule,1000,0.999
sign error,5000,50,EDGE.sym.u.G10,1000,0.947
sign error,5000,50,HL.Grule,1000,1
sign error,5000,50,HL.G10,1000,0.575
sign error,5000,50,HL_w,1000,1
sign error,5000,50,PH,1000,0.493
sign error,5000,50,Tsiatis,1000,1
sign error,5000,50,Xie,1000,1
sign error,5000,50,Stk.joint,1000,1
sign error,5000,50,Cubic.LR,1000,1
sign error,5000,50,GiViTI,1000,1
