a,b,cell,a_power,b_power,diff,a_only,b_only,p,p_holm,kind,a_rate,b_rate
HYB05,V0,cauchit_n1000,0.204,0.223,-0.019,15,34,0.00939924152387309,0.0563954491432385,power (size-adjusted),,
HYB05,V0,t4_n1000,0.061,0.069,-0.00800000000000001,8,16,0.151589632034302,0.606358528137208,power (size-adjusted),,
HYB05,V0,loglog_n1000,0.669,0.689,-0.0199999999999999,9,29,0.00165805252618157,0.011606367683271,power (size-adjusted),,
HYB05,V0,stk_short_n1000,0.869,0.877,-0.00800000000000001,1,9,0.021484375,0.107421875,power (size-adjusted),,
HYB05,V0,stk_long_n1000,0.138,0.145,-0.00699999999999998,22,29,0.401061991027938,1,power (size-adjusted),,
HYB05,V0,stk_asym_n1000,0.997,0.998,-0.001,0,1,1,1,power (size-adjusted),,
HYB05,V0,cloglog_clean_n1000,0.824,0.826,-0.002,9,11,0.823802947998047,1,power (size-adjusted),,
HYB05,V0,probit_clean_n5000,0.239,0.278,-0.039,37,76,0.00030960246353573,0.00247681970828584,power (size-adjusted),,
HYB05,G10,cauchit_n1000,0.204,0.199,0.00499999999999998,33,28,0.608920715404831,1,power (size-adjusted),,
HYB05,G10,t4_n1000,0.061,0.081,-0.02,6,26,0.000535052735358479,0.00374536914750935,power (size-adjusted),,
HYB05,G10,loglog_n1000,0.669,0.664,0.005,39,34,0.639972931753945,1,power (size-adjusted),,
HYB05,G10,stk_short_n1000,0.869,0.826,0.043,60,17,8.90984796833485e-07,7.12787837466788e-06,power (size-adjusted),,
HYB05,G10,stk_long_n1000,0.138,0.131,0.00700000000000001,29,22,0.401061991027938,1,power (size-adjusted),,
HYB05,G10,stk_asym_n1000,0.997,0.997,0,0,0,1,1,power (size-adjusted),,
HYB05,G10,cloglog_clean_n1000,0.824,0.812,0.0119999999999999,34,22,0.140895423598481,0.845372541590887,power (size-adjusted),,
HYB05,G10,probit_clean_n5000,0.239,0.223,0.016,60,44,0.140956288212309,0.845372541590887,power (size-adjusted),,
HYB10,G10,cauchit_n1000,0.162,0.199,-0.037,25,62,9.06079859652179e-05,0.000543647915791307,power (size-adjusted),,
HYB10,G10,t4_n1000,0.051,0.081,-0.03,6,36,2.82887776847929e-06,1.9802144379355e-05,power (size-adjusted),,
HYB10,G10,loglog_n1000,0.568,0.664,-0.0960000000000001,20,116,1.22453700519706e-17,9.79629604157645e-17,power (size-adjusted),,
HYB10,G10,stk_short_n1000,0.798,0.826,-0.0279999999999999,26,54,0.0023245412880887,0.00929816515235481,power (size-adjusted),,
HYB10,G10,stk_long_n1000,0.12,0.131,-0.011,27,38,0.214539194008179,0.429078388016358,power (size-adjusted),,
HYB10,G10,stk_asym_n1000,0.995,0.997,-0.002,0,2,0.5,0.5,power (size-adjusted),,
HYB10,G10,cloglog_clean_n1000,0.778,0.812,-0.034,24,58,0.000221964034993378,0.00110982017496689,power (size-adjusted),,
HYB10,G10,probit_clean_n5000,0.196,0.223,-0.027,57,84,0.0281953089268775,0.0845859267806324,power (size-adjusted),,
HYB20,G10,cauchit_n1000,0.137,0.199,-0.062,37,99,1.02602125141264e-07,4.10408500565056e-07,power (size-adjusted),,
HYB20,G10,t4_n1000,0.047,0.081,-0.034,17,51,4.4534487714936e-05,9.15527343750001e-05,power (size-adjusted),,
HYB20,G10,loglog_n1000,0.466,0.664,-0.198,21,219,9.59247554485356e-43,7.67398043588285e-42,power (size-adjusted),,
HYB20,G10,stk_short_n1000,0.707,0.826,-0.119,22,141,1.89843091159473e-22,1.13905854695684e-21,power (size-adjusted),,
HYB20,G10,stk_long_n1000,0.11,0.131,-0.021,42,63,0.0504421566399697,0.0504421566399697,power (size-adjusted),,
HYB20,G10,stk_asym_n1000,0.981,0.997,-0.016,0,16,3.0517578125e-05,9.15527343750001e-05,power (size-adjusted),,
HYB20,G10,cloglog_clean_n1000,0.662,0.812,-0.15,15,165,4.06084801562278e-33,2.84259361093595e-32,power (size-adjusted),,
HYB20,G10,probit_clean_n5000,0.146,0.223,-0.077,48,125,4.22074554790307e-09,2.11037277395153e-08,power (size-adjusted),,
G10,V0,cauchit_n1000,0.199,0.223,-0.024,29,53,0.0106374878781477,0.0531874393907387,power (size-adjusted),,
G10,V0,t4_n1000,0.081,0.069,0.012,30,18,0.111402891061019,0.435427857638866,power (size-adjusted),,
G10,V0,loglog_n1000,0.664,0.689,-0.0249999999999999,29,54,0.00803670637785699,0.0482202382671419,power (size-adjusted),,
G10,V0,stk_short_n1000,0.826,0.877,-0.0510000000000001,15,66,8.62560554998039e-09,6.90048443998432e-08,power (size-adjusted),,
G10,V0,stk_long_n1000,0.131,0.145,-0.014,29,43,0.124918200368641,0.435427857638866,power (size-adjusted),,
G10,V0,stk_asym_n1000,0.997,0.998,-0.001,0,1,1,1,power (size-adjusted),,
G10,V0,cloglog_clean_n1000,0.812,0.826,-0.0139999999999999,26,40,0.108856964409716,0.435427857638866,power (size-adjusted),,
G10,V0,probit_clean_n5000,0.223,0.278,-0.055,22,77,2.49283387092705e-08,1.74498370964893e-07,power (size-adjusted),,
HYB05,G10,logit_C1_r001_n1000,,,0.008,17,9,0.168637543916703,1,false alarm (nominal),0.064,0.056
HYB05,G10,logit_C1_r002_n1000,,,0,13,13,1,1,false alarm (nominal),0.053,0.053
HYB05,G10,logit_C1_r005_n1000,,,-0.004,13,17,0.584664711728693,1,false alarm (nominal),0.047,0.051
HYB05,G10,logit_C1_r010_n1000,,,-0.004,20,24,0.651587827208916,1,false alarm (nominal),0.081,0.085
HYB05,G10,fr_C1_k020_n1000,,,0.039,56,17,5.26867531812917e-06,4.74180778631625e-05,false alarm (nominal),0.14,0.101
HYB05,G10,fr_C1_k040_n1000,,,0.163,172,9,3.23023079524644e-40,3.87627695429573e-39,false alarm (nominal),0.397,0.234
HYB05,G10,logit_C1_r001_n5000,,,-0.007,15,22,0.324008600087836,1,false alarm (nominal),0.041,0.048
HYB05,G10,logit_C1_r002_n5000,,,-0.002,14,16,0.855535551905632,1,false alarm (nominal),0.045,0.047
HYB05,G10,logit_C1_r005_n5000,,,-0.00600000000000001,18,24,0.440799067342597,1,false alarm (nominal),0.059,0.065
HYB05,G10,logit_C1_r010_n5000,,,0.004,31,27,0.694004094076131,1,false alarm (nominal),0.111,0.107
HYB05,G10,fr_C1_k100_n5000,,,0.103,128,25,7.26849997122018e-18,7.99534996834219e-17,false alarm (nominal),0.431,0.328
HYB05,G10,fr_C1_k200_n5000,,,0.042,43,1,5.11590769747274e-12,5.11590769747274e-11,false alarm (nominal),0.987,0.945
HYB05,V0,logit_C1_r001_n1000,,,0.008,16,8,0.151589632034302,0.454768896102906,false alarm (nominal),0.064,0.056
HYB05,V0,logit_C1_r002_n1000,,,-0.006,8,14,0.28627872467041,0.454768896102906,false alarm (nominal),0.053,0.059
HYB05,V0,logit_C1_r005_n1000,,,-0.01,8,18,0.075518697500229,0.302074790000916,false alarm (nominal),0.047,0.057
HYB05,V0,logit_C1_r010_n1000,,,-0.016,17,33,0.0328391375642686,0.197034825385612,false alarm (nominal),0.081,0.097
HYB05,V0,fr_C1_k020_n1000,,,-0.087,11,98,1.32817498731599e-18,1.19535748858439e-17,false alarm (nominal),0.14,0.227
HYB05,V0,fr_C1_k040_n1000,,,-0.317,3,320,6.5738320335573e-91,6.57383203355729e-90,false alarm (nominal),0.397,0.714
HYB05,V0,logit_C1_r001_n5000,,,-0.009,14,23,0.187741558998824,0.454768896102906,false alarm (nominal),0.041,0.05
HYB05,V0,logit_C1_r002_n5000,,,-0.015,19,34,0.0534388105377112,0.267194052688556,false alarm (nominal),0.045,0.06
HYB05,V0,logit_C1_r005_n5000,,,-0.092,20,112,1.03630752448917e-16,8.29046019591337e-16,false alarm (nominal),0.059,0.151
HYB05,V0,logit_C1_r010_n5000,,,-0.629,5,634,7.72326645914439e-181,9.26791975097327e-180,false alarm (nominal),0.111,0.74
HYB05,V0,fr_C1_k100_n5000,,,-0.569,0,569,1.03505270065978e-171,1.13855797072576e-170,false alarm (nominal),0.431,1
HYB05,V0,fr_C1_k200_n5000,,,-0.013,0,13,0.000244140625,0.001708984375,false alarm (nominal),0.987,1
HYB20,G10,logit_C1_r001_n1000,,,0,33,33,1,1,false alarm (nominal),0.056,0.056
HYB20,G10,logit_C1_r002_n1000,,,-0.005,33,38,0.635307642087667,1,false alarm (nominal),0.048,0.053
HYB20,G10,logit_C1_r005_n1000,,,0.005,32,27,0.602923201257151,1,false alarm (nominal),0.056,0.051
HYB20,G10,logit_C1_r010_n1000,,,-0.035,22,57,0.000102596351794233,0.000923367166148096,false alarm (nominal),0.05,0.085
HYB20,G10,fr_C1_k020_n1000,,,-0.001,44,45,1,1,false alarm (nominal),0.1,0.101
HYB20,G10,fr_C1_k040_n1000,,,-0.065,50,115,4.51444302922316e-07,4.51444302922316e-06,false alarm (nominal),0.169,0.234
HYB20,G10,logit_C1_r001_n5000,,,0.004,40,36,0.731008882222607,1,false alarm (nominal),0.052,0.048
HYB20,G10,logit_C1_r002_n5000,,,0.008,39,31,0.402963075046081,1,false alarm (nominal),0.055,0.047
HYB20,G10,logit_C1_r005_n5000,,,-0.009,33,42,0.355699239081489,1,false alarm (nominal),0.056,0.065
HYB20,G10,logit_C1_r010_n5000,,,-0.01,46,56,0.37294366808363,1,false alarm (nominal),0.097,0.107
HYB20,G10,fr_C1_k100_n5000,,,-0.082,69,151,3.31783344193606e-08,3.64961678612967e-07,false alarm (nominal),0.246,0.328
HYB20,G10,fr_C1_k200_n5000,,,-0.082,19,101,1.07540758709627e-14,1.29048910451552e-13,false alarm (nominal),0.863,0.945
