version,form,forms_used,block,cell,n,test_edge,edge_poly3,HLF,HL,HL_w,PH,Tsiatis,Xie,best_partition,best_partition_name,best_all6,best_all6_name,detectable,saturated,beats_partition,beats_all6,in_headline,not_applicable,incomplete
G10,unit,TRUE,3,link_cloglog_n1000,1000,EDGE.poly3.u.G10,0.7562,0.4842,0.3898,0.473,0.3932,0.3654,0.3884,0.4842,HLF.G10,0.4842,HLF.G10,TRUE,FALSE,TRUE,TRUE,TRUE,"",FALSE
G10,unit,TRUE,3,loglog_n1000,1000,EDGE.poly3.u.G10,0.672,0.402,0.3806,0.4072,0.383,0.3558,0.3756,0.4072,HL_w,0.4072,HL_w,TRUE,FALSE,TRUE,TRUE,TRUE,"",FALSE
G10,unit,TRUE,3,stk_asym_n1000,1000,EDGE.poly3.u.G10,0.997,0.9688,0.966,0.9654,0.9662,0.9514,0.9596,0.9688,HLF.G10,0.9688,HLF.G10,TRUE,FALSE,TRUE,TRUE,TRUE,"",FALSE
G10,unit,TRUE,3,stk_long_n1000,1000,EDGE.poly3.u.G10,0.1334,0.0928,0.0946,0.112,0.0938,0.0916,0.0946,0.112,HL_w,0.112,HL_w,FALSE,FALSE,TRUE,TRUE,FALSE,"",FALSE
G10,unit,TRUE,3,stk_short_n1000,1000,EDGE.poly3.u.G10,0.82,0.5526,0.4826,0.5228,0.4852,0.3998,0.43,0.5526,HLF.G10,0.5526,HLF.G10,TRUE,FALSE,TRUE,TRUE,TRUE,"",FALSE
G10,unit,TRUE,3,quad_0.01_n1000,1000,EDGE.poly3.u.G10,0.0834,0.0622,0.0768,0.055,0.0784,0.083,0.08,0.0784,PH,0.083,Tsiatis,FALSE,FALSE,TRUE,TRUE,FALSE,"",FALSE
G10,unit,TRUE,3,quad_0.02_n1000,1000,EDGE.poly3.u.G10,0.5302,0.3082,0.4026,0.2026,0.4048,0.4052,0.4072,0.4048,PH,0.4072,Xie,TRUE,FALSE,TRUE,TRUE,TRUE,"",FALSE
G10,unit,TRUE,3,quad_0.03_n1000,1000,EDGE.poly3.u.G10,0.8506,0.6326,0.7464,0.4586,0.7474,0.7382,0.7396,0.7474,PH,0.7474,PH,TRUE,FALSE,TRUE,TRUE,TRUE,"",FALSE
G10,unit,TRUE,3,quad_0.05_n1000,1000,EDGE.poly3.u.G10,0.992,0.9462,0.975,0.8062,0.975,0.9742,0.9748,0.975,HL.G10,0.975,HL.G10,TRUE,FALSE,TRUE,TRUE,TRUE,"",FALSE
G10,unit,TRUE,3,quad_0.1_n1000,1000,EDGE.poly3.u.G10,1,0.9998,1,0.991,1,0.9998,0.9998,1,HL.G10,1,HL.G10,TRUE,TRUE,TRUE,TRUE,FALSE,"",FALSE
G10,unit,TRUE,3,quad_0.2_n1000,1000,EDGE.poly3.u.G10,1,1,1,1,1,1,1,1,HLF.G10,1,HLF.G10,TRUE,TRUE,TRUE,TRUE,FALSE,"",FALSE
G10,unit,TRUE,3,quad_0.4_n1000,1000,EDGE.poly3.u.G10,1,1,1,1,1,1,1,1,HLF.G10,1,HLF.G10,TRUE,TRUE,TRUE,TRUE,FALSE,"",FALSE
G10,unit,TRUE,3,binint_0.1_n1000,1000,EDGE.poly3.u.G10,0.0866,0.0626,0.0632,0.0696,0.0632,0.0774,0.0756,0.0696,HL_w,0.0774,Tsiatis,FALSE,FALSE,TRUE,TRUE,FALSE,"",FALSE
G10,unit,TRUE,3,binint_0.2_n1000,1000,EDGE.poly3.u.G10,0.2162,0.1302,0.1352,0.1578,0.134,0.1634,0.1718,0.1578,HL_w,0.1718,Xie,TRUE,FALSE,TRUE,TRUE,TRUE,"",FALSE
G10,unit,TRUE,3,binint_0.3_n1000,1000,EDGE.poly3.u.G10,0.4552,0.2666,0.279,0.3262,0.278,0.32,0.3396,0.3262,HL_w,0.3396,Xie,TRUE,FALSE,TRUE,TRUE,TRUE,"",FALSE
G10,unit,TRUE,3,binint_0.5_n1000,1000,EDGE.poly3.u.G10,0.8906,0.7044,0.7272,0.7462,0.7266,0.7654,0.788,0.7462,HL_w,0.788,Xie,TRUE,FALSE,TRUE,TRUE,TRUE,"",FALSE
G10,unit,TRUE,3,binint_0.7_n1000,1000,EDGE.poly3.u.G10,0.9986,0.987,0.9896,0.988,0.9896,0.9934,0.9956,0.9896,HL.G10,0.9956,Xie,TRUE,TRUE,TRUE,TRUE,FALSE,"",FALSE
G10,unit,TRUE,3,contint_0.1_n1000,1000,EDGE.poly3.u.G10,0.0718,0.0662,0.0664,0.0974,0.065,0.0606,0.0694,0.0974,HL_w,0.0974,HL_w,FALSE,FALSE,FALSE,FALSE,FALSE,"",FALSE
G10,unit,TRUE,3,contint_0.3_n1000,1000,EDGE.poly3.u.G10,0.2232,0.1248,0.1296,0.2012,0.128,0.1814,0.2098,0.2012,HL_w,0.2098,Xie,TRUE,FALSE,TRUE,TRUE,TRUE,"",FALSE
G10,unit,TRUE,3,contint_0.5_n1000,1000,EDGE.poly3.u.G10,0.4126,0.2318,0.2522,0.2442,0.2514,0.4256,0.5018,0.2522,HL.G10,0.5018,Xie,TRUE,FALSE,TRUE,FALSE,TRUE,"",FALSE
G10,unit,TRUE,3,contint_0.7_n1000,1000,EDGE.poly3.u.G10,0.6818,0.461,0.5106,0.3078,0.5114,0.8266,0.8624,0.5114,PH,0.8624,Xie,TRUE,FALSE,TRUE,FALSE,TRUE,"",FALSE
G10,unit,TRUE,3,census_logx_n1000,1000,EDGE.poly3.u.G10,0.9614,0.8334,0.8372,0.8518,0.8364,0.8168,0.8408,0.8518,HL_w,0.8518,HL_w,TRUE,FALSE,TRUE,TRUE,TRUE,"",FALSE
G10,unit,TRUE,3,census_int_binbin_n1000,1000,EDGE.poly3.u.G10,0.975,0.868,0.8614,0.9932,,,,0.9932,HL_w,0.9932,HL_w,TRUE,FALSE,FALSE,FALSE,TRUE,PH Tsiatis Xie,FALSE
G10,unit,TRUE,3,census_skew_n1000,1000,EDGE.poly3.u.G10,0.855,0.6062,0.6094,0.5936,0.617,0.5698,0.5616,0.617,PH,0.617,PH,TRUE,FALSE,TRUE,TRUE,TRUE,"",FALSE
G10,unit,TRUE,3,census_corr_n1000,1000,EDGE.poly3.u.G10,0.9974,0.9848,0.9846,0.9952,0.9848,0.9852,0.992,0.9952,HL_w,0.9952,HL_w,TRUE,TRUE,TRUE,TRUE,FALSE,"",FALSE
G10,unit,TRUE,3,census_omit_x2x3_n1000,1000,EDGE.poly3.u.G10,0.9584,0.8058,0.794,0.7568,0.7934,0.7634,0.792,0.8058,HLF.G10,0.8058,HLF.G10,TRUE,FALSE,TRUE,TRUE,TRUE,"",FALSE
G10,unit,TRUE,3,census_omit_2int_n1000,1000,EDGE.poly3.u.G10,0.8772,0.851,0.8498,0.8986,0.8502,1,1,0.8986,HL_w,1,Tsiatis,TRUE,FALSE,FALSE,FALSE,TRUE,"",FALSE
G10,unit,TRUE,3,census_joint_n1000,1000,EDGE.poly3.u.G10,0.1804,0.1078,0.1104,0.1042,0.1102,0.0934,0.1084,0.1104,HL.G10,0.1104,HL.G10,TRUE,FALSE,TRUE,TRUE,TRUE,"",FALSE
G10,unit,TRUE,3,census_omit_2cov_n1000,1000,EDGE.poly3.u.G10,0.0534,0.0502,0.0502,0.0482,0.0498,0.0476,0.051,0.0502,HLF.G10,0.051,Xie,FALSE,FALSE,TRUE,TRUE,FALSE,"",FALSE
Grule,unit,TRUE,3,link_cloglog_n1000,1000,EDGE.poly3.u.Grule,0.7918,0.2144,0.093,0.473,0.3932,0.3654,0.3884,0.473,HL_w,0.473,HL_w,TRUE,FALSE,TRUE,TRUE,TRUE,"",FALSE
Grule,unit,TRUE,3,loglog_n1000,1000,EDGE.poly3.u.Grule,0.7146,0.194,0.1576,0.4072,0.383,0.3558,0.3756,0.4072,HL_w,0.4072,HL_w,TRUE,FALSE,TRUE,TRUE,TRUE,"",FALSE
Grule,unit,TRUE,3,stk_asym_n1000,1000,EDGE.poly3.u.Grule,0.9984,0.764,0.7478,0.9654,0.9662,0.9514,0.9596,0.9662,PH,0.9662,PH,TRUE,FALSE,TRUE,TRUE,TRUE,"",FALSE
Grule,unit,TRUE,3,stk_long_n1000,1000,EDGE.poly3.u.Grule,0.1488,0.063,0.0632,0.112,0.0938,0.0916,0.0946,0.112,HL_w,0.112,HL_w,FALSE,FALSE,TRUE,TRUE,FALSE,"",FALSE
Grule,unit,TRUE,3,stk_short_n1000,1000,EDGE.poly3.u.Grule,0.8736,0.2712,0.1366,0.5228,0.4852,0.3998,0.43,0.5228,HL_w,0.5228,HL_w,TRUE,FALSE,TRUE,TRUE,TRUE,"",FALSE
Grule,unit,TRUE,3,quad_0.01_n1000,1000,EDGE.poly3.u.Grule,0.0808,0.0576,0.1028,0.055,0.0784,0.083,0.08,0.1028,HL.Grule,0.1028,HL.Grule,FALSE,FALSE,FALSE,FALSE,FALSE,"",FALSE
Grule,unit,TRUE,3,quad_0.02_n1000,1000,EDGE.poly3.u.Grule,0.5382,0.1806,0.3844,0.2026,0.4048,0.4052,0.4072,0.4048,PH,0.4072,Xie,TRUE,FALSE,TRUE,TRUE,TRUE,"",FALSE
Grule,unit,TRUE,3,quad_0.03_n1000,1000,EDGE.poly3.u.Grule,0.8624,0.3716,0.6914,0.4586,0.7474,0.7382,0.7396,0.7474,PH,0.7474,PH,TRUE,FALSE,TRUE,TRUE,TRUE,"",FALSE
Grule,unit,TRUE,3,quad_0.05_n1000,1000,EDGE.poly3.u.Grule,0.9936,0.7276,0.9496,0.8062,0.975,0.9742,0.9748,0.975,PH,0.975,PH,TRUE,FALSE,TRUE,TRUE,TRUE,"",FALSE
Grule,unit,TRUE,3,quad_0.1_n1000,1000,EDGE.poly3.u.Grule,1,0.9844,0.9996,0.991,1,0.9998,0.9998,1,PH,1,PH,TRUE,TRUE,TRUE,TRUE,FALSE,"",FALSE
Grule,unit,TRUE,3,quad_0.2_n1000,1000,EDGE.poly3.u.Grule,1,1,1,1,1,1,1,1,HLF.Grule,1,HLF.Grule,TRUE,TRUE,TRUE,TRUE,FALSE,"",FALSE
Grule,unit,TRUE,3,quad_0.4_n1000,1000,EDGE.poly3.u.Grule,1,1,1,1,1,1,1,1,HLF.Grule,1,HLF.Grule,TRUE,TRUE,TRUE,TRUE,FALSE,"",FALSE
Grule,unit,TRUE,3,binint_0.1_n1000,1000,EDGE.poly3.u.Grule,0.0896,0.0478,0.0496,0.0696,0.0632,0.0774,0.0756,0.0696,HL_w,0.0774,Tsiatis,FALSE,FALSE,TRUE,TRUE,FALSE,"",FALSE
Grule,unit,TRUE,3,binint_0.2_n1000,1000,EDGE.poly3.u.Grule,0.2368,0.0758,0.0818,0.1578,0.134,0.1634,0.1718,0.1578,HL_w,0.1718,Xie,TRUE,FALSE,TRUE,TRUE,TRUE,"",FALSE
Grule,unit,TRUE,3,binint_0.3_n1000,1000,EDGE.poly3.u.Grule,0.4748,0.1348,0.156,0.3262,0.278,0.32,0.3396,0.3262,HL_w,0.3396,Xie,TRUE,FALSE,TRUE,TRUE,TRUE,"",FALSE
Grule,unit,TRUE,3,binint_0.5_n1000,1000,EDGE.poly3.u.Grule,0.9066,0.4028,0.4868,0.7462,0.7266,0.7654,0.788,0.7462,HL_w,0.788,Xie,TRUE,FALSE,TRUE,TRUE,TRUE,"",FALSE
Grule,unit,TRUE,3,binint_0.7_n1000,1000,EDGE.poly3.u.Grule,0.9996,0.873,0.9414,0.988,0.9896,0.9934,0.9956,0.9896,PH,0.9956,Xie,TRUE,FALSE,TRUE,TRUE,TRUE,"",FALSE
Grule,unit,TRUE,3,contint_0.1_n1000,1000,EDGE.poly3.u.Grule,0.0808,0.0538,0.055,0.0974,0.065,0.0606,0.0694,0.0974,HL_w,0.0974,HL_w,FALSE,FALSE,FALSE,FALSE,FALSE,"",FALSE
Grule,unit,TRUE,3,contint_0.3_n1000,1000,EDGE.poly3.u.Grule,0.2626,0.0762,0.0848,0.2012,0.128,0.1814,0.2098,0.2012,HL_w,0.2098,Xie,TRUE,FALSE,TRUE,TRUE,TRUE,"",FALSE
Grule,unit,TRUE,3,contint_0.5_n1000,1000,EDGE.poly3.u.Grule,0.4868,0.1444,0.1858,0.2442,0.2514,0.4256,0.5018,0.2514,PH,0.5018,Xie,TRUE,FALSE,TRUE,FALSE,TRUE,"",FALSE
Grule,unit,TRUE,3,contint_0.7_n1000,1000,EDGE.poly3.u.Grule,0.7392,0.28,0.4176,0.3078,0.5114,0.8266,0.8624,0.5114,PH,0.8624,Xie,TRUE,FALSE,TRUE,FALSE,TRUE,"",FALSE
Grule,unit,TRUE,3,census_logx_n1000,1000,EDGE.poly3.u.Grule,0.9736,0.5244,0.5528,0.8518,0.8364,0.8168,0.8408,0.8518,HL_w,0.8518,HL_w,TRUE,FALSE,TRUE,TRUE,TRUE,"",FALSE
Grule,unit,TRUE,3,census_int_binbin_n1000,1000,EDGE.poly3.u.Grule,0.9926,0.5838,0.5484,0.9932,,,,0.9932,HL_w,0.9932,HL_w,TRUE,FALSE,TRUE,TRUE,TRUE,PH Tsiatis Xie,FALSE
Grule,unit,TRUE,3,census_skew_n1000,1000,EDGE.poly3.u.Grule,0.8992,0.3282,0.3216,0.5936,0.617,0.5698,0.5616,0.617,PH,0.617,PH,TRUE,FALSE,TRUE,TRUE,TRUE,"",FALSE
Grule,unit,TRUE,3,census_corr_n1000,1000,EDGE.poly3.u.Grule,0.9998,0.9424,0.9476,0.9952,0.9848,0.9852,0.992,0.9952,HL_w,0.9952,HL_w,TRUE,FALSE,TRUE,TRUE,TRUE,"",FALSE
Grule,unit,TRUE,3,census_omit_x2x3_n1000,1000,EDGE.poly3.u.Grule,0.9648,0.4304,0.3882,0.7568,0.7934,0.7634,0.792,0.7934,PH,0.7934,PH,TRUE,FALSE,TRUE,TRUE,TRUE,"",FALSE
Grule,unit,TRUE,3,census_omit_2int_n1000,1000,EDGE.poly3.u.Grule,0.9402,0.8132,0.8084,0.8986,0.8502,1,1,0.8986,HL_w,1,Tsiatis,TRUE,FALSE,TRUE,FALSE,TRUE,"",FALSE
Grule,unit,TRUE,3,census_joint_n1000,1000,EDGE.poly3.u.Grule,0.1854,0.0788,0.0876,0.1042,0.1102,0.0934,0.1084,0.1102,PH,0.1102,PH,TRUE,FALSE,TRUE,TRUE,TRUE,"",FALSE
Grule,unit,TRUE,3,census_omit_2cov_n1000,1000,EDGE.poly3.u.Grule,0.0524,0.048,0.0484,0.0482,0.0498,0.0476,0.051,0.0498,PH,0.051,Xie,FALSE,FALSE,TRUE,TRUE,FALSE,"",FALSE
G10,score,FALSE,3,link_cloglog_n1000,1000,EDGE.poly3.sc.G10,0.6146,0.4842,0.3898,0.473,0.3932,0.3654,0.3884,0.4842,HLF.G10,0.4842,HLF.G10,TRUE,FALSE,TRUE,TRUE,TRUE,"",FALSE
G10,score,FALSE,3,loglog_n1000,1000,EDGE.poly3.sc.G10,0.5562,0.402,0.3806,0.4072,0.383,0.3558,0.3756,0.4072,HL_w,0.4072,HL_w,TRUE,FALSE,TRUE,TRUE,TRUE,"",FALSE
G10,score,FALSE,3,stk_asym_n1000,1000,EDGE.poly3.sc.G10,0.9922,0.9688,0.966,0.9654,0.9662,0.9514,0.9596,0.9688,HLF.G10,0.9688,HLF.G10,TRUE,FALSE,TRUE,TRUE,TRUE,"",FALSE
G10,score,FALSE,3,stk_long_n1000,1000,EDGE.poly3.sc.G10,0.1204,0.0928,0.0946,0.112,0.0938,0.0916,0.0946,0.112,HL_w,0.112,HL_w,FALSE,FALSE,TRUE,TRUE,FALSE,"",FALSE
G10,score,FALSE,3,stk_short_n1000,1000,EDGE.poly3.sc.G10,0.7154,0.5526,0.4826,0.5228,0.4852,0.3998,0.43,0.5526,HLF.G10,0.5526,HLF.G10,TRUE,FALSE,TRUE,TRUE,TRUE,"",FALSE
G10,score,FALSE,3,quad_0.01_n1000,1000,EDGE.poly3.sc.G10,0.0702,0.0622,0.0768,0.055,0.0784,0.083,0.08,0.0784,PH,0.083,Tsiatis,FALSE,FALSE,TRUE,TRUE,FALSE,"",FALSE
G10,score,FALSE,3,quad_0.02_n1000,1000,EDGE.poly3.sc.G10,0.4134,0.3082,0.4026,0.2026,0.4048,0.4052,0.4072,0.4048,PH,0.4072,Xie,TRUE,FALSE,TRUE,TRUE,TRUE,"",FALSE
G10,score,FALSE,3,quad_0.03_n1000,1000,EDGE.poly3.sc.G10,0.7424,0.6326,0.7464,0.4586,0.7474,0.7382,0.7396,0.7474,PH,0.7474,PH,TRUE,FALSE,TRUE,TRUE,TRUE,"",FALSE
G10,score,FALSE,3,quad_0.05_n1000,1000,EDGE.poly3.sc.G10,0.9692,0.9462,0.975,0.8062,0.975,0.9742,0.9748,0.975,HL.G10,0.975,HL.G10,TRUE,FALSE,TRUE,TRUE,TRUE,"",FALSE
G10,score,FALSE,3,quad_0.1_n1000,1000,EDGE.poly3.sc.G10,1,0.9998,1,0.991,1,0.9998,0.9998,1,HL.G10,1,HL.G10,TRUE,TRUE,TRUE,TRUE,FALSE,"",FALSE
G10,score,FALSE,3,quad_0.2_n1000,1000,EDGE.poly3.sc.G10,1,1,1,1,1,1,1,1,HLF.G10,1,HLF.G10,TRUE,TRUE,TRUE,TRUE,FALSE,"",FALSE
G10,score,FALSE,3,quad_0.4_n1000,1000,EDGE.poly3.sc.G10,1,1,1,1,1,1,1,1,HLF.G10,1,HLF.G10,TRUE,TRUE,TRUE,TRUE,FALSE,"",FALSE
G10,score,FALSE,3,binint_0.1_n1000,1000,EDGE.poly3.sc.G10,0.0816,0.0626,0.0632,0.0696,0.0632,0.0774,0.0756,0.0696,HL_w,0.0774,Tsiatis,FALSE,FALSE,TRUE,TRUE,FALSE,"",FALSE
G10,score,FALSE,3,binint_0.2_n1000,1000,EDGE.poly3.sc.G10,0.185,0.1302,0.1352,0.1578,0.134,0.1634,0.1718,0.1578,HL_w,0.1718,Xie,TRUE,FALSE,TRUE,TRUE,TRUE,"",FALSE
G10,score,FALSE,3,binint_0.3_n1000,1000,EDGE.poly3.sc.G10,0.3948,0.2666,0.279,0.3262,0.278,0.32,0.3396,0.3262,HL_w,0.3396,Xie,TRUE,FALSE,TRUE,TRUE,TRUE,"",FALSE
G10,score,FALSE,3,binint_0.5_n1000,1000,EDGE.poly3.sc.G10,0.8518,0.7044,0.7272,0.7462,0.7266,0.7654,0.788,0.7462,HL_w,0.788,Xie,TRUE,FALSE,TRUE,TRUE,TRUE,"",FALSE
G10,score,FALSE,3,binint_0.7_n1000,1000,EDGE.poly3.sc.G10,0.9976,0.987,0.9896,0.988,0.9896,0.9934,0.9956,0.9896,HL.G10,0.9956,Xie,TRUE,TRUE,TRUE,TRUE,FALSE,"",FALSE
G10,score,FALSE,3,contint_0.1_n1000,1000,EDGE.poly3.sc.G10,0.0698,0.0662,0.0664,0.0974,0.065,0.0606,0.0694,0.0974,HL_w,0.0974,HL_w,FALSE,FALSE,FALSE,FALSE,FALSE,"",FALSE
G10,score,FALSE,3,contint_0.3_n1000,1000,EDGE.poly3.sc.G10,0.2016,0.1248,0.1296,0.2012,0.128,0.1814,0.2098,0.2012,HL_w,0.2098,Xie,TRUE,FALSE,TRUE,TRUE,TRUE,"",FALSE
G10,score,FALSE,3,contint_0.5_n1000,1000,EDGE.poly3.sc.G10,0.3604,0.2318,0.2522,0.2442,0.2514,0.4256,0.5018,0.2522,HL.G10,0.5018,Xie,TRUE,FALSE,TRUE,FALSE,TRUE,"",FALSE
G10,score,FALSE,3,contint_0.7_n1000,1000,EDGE.poly3.sc.G10,0.5898,0.461,0.5106,0.3078,0.5114,0.8266,0.8624,0.5114,PH,0.8624,Xie,TRUE,FALSE,TRUE,FALSE,TRUE,"",FALSE
G10,score,FALSE,3,census_logx_n1000,1000,EDGE.poly3.sc.G10,0.9376,0.8334,0.8372,0.8518,0.8364,0.8168,0.8408,0.8518,HL_w,0.8518,HL_w,TRUE,FALSE,TRUE,TRUE,TRUE,"",FALSE
G10,score,FALSE,3,census_int_binbin_n1000,1000,EDGE.poly3.sc.G10,0.9522,0.868,0.8614,0.9932,,,,0.9932,HL_w,0.9932,HL_w,TRUE,FALSE,FALSE,FALSE,TRUE,PH Tsiatis Xie,FALSE
G10,score,FALSE,3,census_skew_n1000,1000,EDGE.poly3.sc.G10,0.8274,0.6062,0.6094,0.5936,0.617,0.5698,0.5616,0.617,PH,0.617,PH,TRUE,FALSE,TRUE,TRUE,TRUE,"",FALSE
G10,score,FALSE,3,census_corr_n1000,1000,EDGE.poly3.sc.G10,0.997,0.9848,0.9846,0.9952,0.9848,0.9852,0.992,0.9952,HL_w,0.9952,HL_w,TRUE,TRUE,TRUE,TRUE,FALSE,"",FALSE
G10,score,FALSE,3,census_omit_x2x3_n1000,1000,EDGE.poly3.sc.G10,0.9232,0.8058,0.794,0.7568,0.7934,0.7634,0.792,0.8058,HLF.G10,0.8058,HLF.G10,TRUE,FALSE,TRUE,TRUE,TRUE,"",FALSE
G10,score,FALSE,3,census_omit_2int_n1000,1000,EDGE.poly3.sc.G10,0.8578,0.851,0.8498,0.8986,0.8502,1,1,0.8986,HL_w,1,Tsiatis,TRUE,FALSE,FALSE,FALSE,TRUE,"",FALSE
G10,score,FALSE,3,census_joint_n1000,1000,EDGE.poly3.sc.G10,0.1536,0.1078,0.1104,0.1042,0.1102,0.0934,0.1084,0.1104,HL.G10,0.1104,HL.G10,TRUE,FALSE,TRUE,TRUE,TRUE,"",FALSE
G10,score,FALSE,3,census_omit_2cov_n1000,1000,EDGE.poly3.sc.G10,0.0494,0.0502,0.0502,0.0482,0.0498,0.0476,0.051,0.0502,HLF.G10,0.051,Xie,FALSE,FALSE,TRUE,TRUE,FALSE,"",FALSE
Grule,score,FALSE,3,link_cloglog_n1000,1000,EDGE.poly3.sc.Grule,0.6598,0.2144,0.093,0.473,0.3932,0.3654,0.3884,0.473,HL_w,0.473,HL_w,TRUE,FALSE,TRUE,TRUE,TRUE,"",FALSE
Grule,score,FALSE,3,loglog_n1000,1000,EDGE.poly3.sc.Grule,0.5722,0.194,0.1576,0.4072,0.383,0.3558,0.3756,0.4072,HL_w,0.4072,HL_w,TRUE,FALSE,TRUE,TRUE,TRUE,"",FALSE
Grule,score,FALSE,3,stk_asym_n1000,1000,EDGE.poly3.sc.Grule,0.996,0.764,0.7478,0.9654,0.9662,0.9514,0.9596,0.9662,PH,0.9662,PH,TRUE,FALSE,TRUE,TRUE,TRUE,"",FALSE
Grule,score,FALSE,3,stk_long_n1000,1000,EDGE.poly3.sc.Grule,0.1282,0.063,0.0632,0.112,0.0938,0.0916,0.0946,0.112,HL_w,0.112,HL_w,FALSE,FALSE,TRUE,TRUE,FALSE,"",FALSE
Grule,score,FALSE,3,stk_short_n1000,1000,EDGE.poly3.sc.Grule,0.768,0.2712,0.1366,0.5228,0.4852,0.3998,0.43,0.5228,HL_w,0.5228,HL_w,TRUE,FALSE,TRUE,TRUE,TRUE,"",FALSE
Grule,score,FALSE,3,quad_0.01_n1000,1000,EDGE.poly3.sc.Grule,0.0792,0.0576,0.1028,0.055,0.0784,0.083,0.08,0.1028,HL.Grule,0.1028,HL.Grule,FALSE,FALSE,FALSE,FALSE,FALSE,"",FALSE
Grule,score,FALSE,3,quad_0.02_n1000,1000,EDGE.poly3.sc.Grule,0.503,0.1806,0.3844,0.2026,0.4048,0.4052,0.4072,0.4048,PH,0.4072,Xie,TRUE,FALSE,TRUE,TRUE,TRUE,"",FALSE
Grule,score,FALSE,3,quad_0.03_n1000,1000,EDGE.poly3.sc.Grule,0.8364,0.3716,0.6914,0.4586,0.7474,0.7382,0.7396,0.7474,PH,0.7474,PH,TRUE,FALSE,TRUE,TRUE,TRUE,"",FALSE
Grule,score,FALSE,3,quad_0.05_n1000,1000,EDGE.poly3.sc.Grule,0.9888,0.7276,0.9496,0.8062,0.975,0.9742,0.9748,0.975,PH,0.975,PH,TRUE,FALSE,TRUE,TRUE,TRUE,"",FALSE
Grule,score,FALSE,3,quad_0.1_n1000,1000,EDGE.poly3.sc.Grule,1,0.9844,0.9996,0.991,1,0.9998,0.9998,1,PH,1,PH,TRUE,TRUE,TRUE,TRUE,FALSE,"",FALSE
Grule,score,FALSE,3,quad_0.2_n1000,1000,EDGE.poly3.sc.Grule,1,1,1,1,1,1,1,1,HLF.Grule,1,HLF.Grule,TRUE,TRUE,TRUE,TRUE,FALSE,"",FALSE
Grule,score,FALSE,3,quad_0.4_n1000,1000,EDGE.poly3.sc.Grule,1,1,1,1,1,1,1,1,HLF.Grule,1,HLF.Grule,TRUE,TRUE,TRUE,TRUE,FALSE,"",FALSE
Grule,score,FALSE,3,binint_0.1_n1000,1000,EDGE.poly3.sc.Grule,0.0796,0.0478,0.0496,0.0696,0.0632,0.0774,0.0756,0.0696,HL_w,0.0774,Tsiatis,FALSE,FALSE,TRUE,TRUE,FALSE,"",FALSE
Grule,score,FALSE,3,binint_0.2_n1000,1000,EDGE.poly3.sc.Grule,0.2096,0.0758,0.0818,0.1578,0.134,0.1634,0.1718,0.1578,HL_w,0.1718,Xie,TRUE,FALSE,TRUE,TRUE,TRUE,"",FALSE
Grule,score,FALSE,3,binint_0.3_n1000,1000,EDGE.poly3.sc.Grule,0.4208,0.1348,0.156,0.3262,0.278,0.32,0.3396,0.3262,HL_w,0.3396,Xie,TRUE,FALSE,TRUE,TRUE,TRUE,"",FALSE
Grule,score,FALSE,3,binint_0.5_n1000,1000,EDGE.poly3.sc.Grule,0.871,0.4028,0.4868,0.7462,0.7266,0.7654,0.788,0.7462,HL_w,0.788,Xie,TRUE,FALSE,TRUE,TRUE,TRUE,"",FALSE
Grule,score,FALSE,3,binint_0.7_n1000,1000,EDGE.poly3.sc.Grule,0.9982,0.873,0.9414,0.988,0.9896,0.9934,0.9956,0.9896,PH,0.9956,Xie,TRUE,FALSE,TRUE,TRUE,TRUE,"",FALSE
Grule,score,FALSE,3,contint_0.1_n1000,1000,EDGE.poly3.sc.Grule,0.0774,0.0538,0.055,0.0974,0.065,0.0606,0.0694,0.0974,HL_w,0.0974,HL_w,FALSE,FALSE,FALSE,FALSE,FALSE,"",FALSE
Grule,score,FALSE,3,contint_0.3_n1000,1000,EDGE.poly3.sc.Grule,0.238,0.0762,0.0848,0.2012,0.128,0.1814,0.2098,0.2012,HL_w,0.2098,Xie,TRUE,FALSE,TRUE,TRUE,TRUE,"",FALSE
Grule,score,FALSE,3,contint_0.5_n1000,1000,EDGE.poly3.sc.Grule,0.4128,0.1444,0.1858,0.2442,0.2514,0.4256,0.5018,0.2514,PH,0.5018,Xie,TRUE,FALSE,TRUE,FALSE,TRUE,"",FALSE
Grule,score,FALSE,3,contint_0.7_n1000,1000,EDGE.poly3.sc.Grule,0.6612,0.28,0.4176,0.3078,0.5114,0.8266,0.8624,0.5114,PH,0.8624,Xie,TRUE,FALSE,TRUE,FALSE,TRUE,"",FALSE
Grule,score,FALSE,3,census_logx_n1000,1000,EDGE.poly3.sc.Grule,0.9518,0.5244,0.5528,0.8518,0.8364,0.8168,0.8408,0.8518,HL_w,0.8518,HL_w,TRUE,FALSE,TRUE,TRUE,TRUE,"",FALSE
Grule,score,FALSE,3,census_int_binbin_n1000,1000,EDGE.poly3.sc.Grule,0.9774,0.5838,0.5484,0.9932,,,,0.9932,HL_w,0.9932,HL_w,TRUE,FALSE,FALSE,FALSE,TRUE,PH Tsiatis Xie,FALSE
Grule,score,FALSE,3,census_skew_n1000,1000,EDGE.poly3.sc.Grule,0.8142,0.3282,0.3216,0.5936,0.617,0.5698,0.5616,0.617,PH,0.617,PH,TRUE,FALSE,TRUE,TRUE,TRUE,"",FALSE
Grule,score,FALSE,3,census_corr_n1000,1000,EDGE.poly3.sc.Grule,0.9996,0.9424,0.9476,0.9952,0.9848,0.9852,0.992,0.9952,HL_w,0.9952,HL_w,TRUE,FALSE,TRUE,TRUE,TRUE,"",FALSE
Grule,score,FALSE,3,census_omit_x2x3_n1000,1000,EDGE.poly3.sc.Grule,0.9352,0.4304,0.3882,0.7568,0.7934,0.7634,0.792,0.7934,PH,0.7934,PH,TRUE,FALSE,TRUE,TRUE,TRUE,"",FALSE
Grule,score,FALSE,3,census_omit_2int_n1000,1000,EDGE.poly3.sc.Grule,0.9114,0.8132,0.8084,0.8986,0.8502,1,1,0.8986,HL_w,1,Tsiatis,TRUE,FALSE,TRUE,FALSE,TRUE,"",FALSE
Grule,score,FALSE,3,census_joint_n1000,1000,EDGE.poly3.sc.Grule,0.1586,0.0788,0.0876,0.1042,0.1102,0.0934,0.1084,0.1102,PH,0.1102,PH,TRUE,FALSE,TRUE,TRUE,TRUE,"",FALSE
Grule,score,FALSE,3,census_omit_2cov_n1000,1000,EDGE.poly3.sc.Grule,0.0508,0.048,0.0484,0.0482,0.0498,0.0476,0.051,0.0498,PH,0.051,Xie,FALSE,FALSE,TRUE,TRUE,FALSE,"",FALSE
