block,cell,role,n,design,family,family_name,pattern,in_summary
2,probit_base_n9400,alternative,9400,base,1,symmetric tails,^probit_(base|auc|e12)_n[0-9]+$,TRUE
2,probit_base_n16000,alternative,16000,base,1,symmetric tails,^probit_(base|auc|e12)_n[0-9]+$,TRUE
2,probit_auc_n3500,alternative,3500,auc,1,symmetric tails,^probit_(base|auc|e12)_n[0-9]+$,TRUE
2,probit_auc_n5900,alternative,5900,auc,1,symmetric tails,^probit_(base|auc|e12)_n[0-9]+$,TRUE
2,probit_e12_n4300,alternative,4300,e12,1,symmetric tails,^probit_(base|auc|e12)_n[0-9]+$,TRUE
2,probit_e12_n7200,alternative,7200,e12,1,symmetric tails,^probit_(base|auc|e12)_n[0-9]+$,TRUE
2,cauchit_base_n2400,alternative,2400,base,1,symmetric tails,^cauchit_(base|auc|e12)_n[0-9]+$,TRUE
2,cauchit_base_n4000,alternative,4000,base,1,symmetric tails,^cauchit_(base|auc|e12)_n[0-9]+$,TRUE
2,cauchit_auc_n460,alternative,460,auc,1,symmetric tails,^cauchit_(base|auc|e12)_n[0-9]+$,TRUE
2,cauchit_auc_n760,alternative,760,auc,1,symmetric tails,^cauchit_(base|auc|e12)_n[0-9]+$,TRUE
2,cauchit_e12_n6400,alternative,6400,e12,1,symmetric tails,^cauchit_(base|auc|e12)_n[0-9]+$,TRUE
2,cauchit_e12_n11000,alternative,11000,e12,1,symmetric tails,^cauchit_(base|auc|e12)_n[0-9]+$,TRUE
2,t4_base_n20000,alternative,20000,base,1,symmetric tails,^t4_(base|auc|e12)_n[0-9]+$,TRUE
2,t4_auc_n4700,alternative,4700,auc,1,symmetric tails,^t4_(base|auc|e12)_n[0-9]+$,TRUE
2,t4_auc_n7800,alternative,7800,auc,1,symmetric tails,^t4_(base|auc|e12)_n[0-9]+$,TRUE
2,t4_e12_n8700,alternative,8700,e12,1,symmetric tails,^t4_(base|auc|e12)_n[0-9]+$,TRUE
2,t4_e12_n15000,alternative,15000,e12,1,symmetric tails,^t4_(base|auc|e12)_n[0-9]+$,TRUE
3,link_probit_n200,alternative,200,"",1,symmetric tails,^link_probit_n[0-9]+$,TRUE
3,link_probit_n500,alternative,500,"",1,symmetric tails,^link_probit_n[0-9]+$,TRUE
3,link_probit_n1000,alternative,1000,"",1,symmetric tails,^link_probit_n[0-9]+$,TRUE
3,link_probit_n2000,alternative,2000,"",1,symmetric tails,^link_probit_n[0-9]+$,TRUE
3,link_probit_n5000,alternative,5000,"",1,symmetric tails,^link_probit_n[0-9]+$,TRUE
3,cauchit_n200,alternative,200,base,1,symmetric tails,^cauchit_n[0-9]+$,TRUE
3,cauchit_n500,alternative,500,base,1,symmetric tails,^cauchit_n[0-9]+$,TRUE
3,cauchit_n1000,alternative,1000,base,1,symmetric tails,^cauchit_n[0-9]+$,TRUE
3,cauchit_n2000,alternative,2000,base,1,symmetric tails,^cauchit_n[0-9]+$,TRUE
3,cauchit_n5000,alternative,5000,base,1,symmetric tails,^cauchit_n[0-9]+$,TRUE
3,t4_n200,alternative,200,base,1,symmetric tails,^t4_n[0-9]+$,TRUE
3,t4_n500,alternative,500,base,1,symmetric tails,^t4_n[0-9]+$,TRUE
3,t4_n1000,alternative,1000,base,1,symmetric tails,^t4_n[0-9]+$,TRUE
3,t4_n2000,alternative,2000,base,1,symmetric tails,^t4_n[0-9]+$,TRUE
3,t4_n5000,alternative,5000,base,1,symmetric tails,^t4_n[0-9]+$,TRUE
2,loglog_base_n610,alternative,610,base,2,asymmetric links,^loglog_(base|auc|e12)_n[0-9]+$,TRUE
2,loglog_base_n1000,alternative,1000,base,2,asymmetric links,^loglog_(base|auc|e12)_n[0-9]+$,TRUE
2,loglog_auc_n380,alternative,380,auc,2,asymmetric links,^loglog_(base|auc|e12)_n[0-9]+$,TRUE
2,loglog_auc_n640,alternative,640,auc,2,asymmetric links,^loglog_(base|auc|e12)_n[0-9]+$,TRUE
2,loglog_e12_n1000,alternative,1000,e12,2,asymmetric links,^loglog_(base|auc|e12)_n[0-9]+$,TRUE
2,loglog_e12_n1700,alternative,1700,e12,2,asymmetric links,^loglog_(base|auc|e12)_n[0-9]+$,TRUE
3,link_cloglog_n200,alternative,200,"",2,asymmetric links,^link_cloglog_n[0-9]+$,TRUE
3,link_cloglog_n500,alternative,500,"",2,asymmetric links,^link_cloglog_n[0-9]+$,TRUE
3,link_cloglog_n1000,alternative,1000,"",2,asymmetric links,^link_cloglog_n[0-9]+$,TRUE
3,link_cloglog_n2000,alternative,2000,"",2,asymmetric links,^link_cloglog_n[0-9]+$,TRUE
3,link_cloglog_n5000,alternative,5000,"",2,asymmetric links,^link_cloglog_n[0-9]+$,TRUE
3,loglog_n200,alternative,200,base,2,asymmetric links,^loglog_n[0-9]+$,TRUE
3,loglog_n500,alternative,500,base,2,asymmetric links,^loglog_n[0-9]+$,TRUE
3,loglog_n1000,alternative,1000,base,2,asymmetric links,^loglog_n[0-9]+$,TRUE
3,loglog_n2000,alternative,2000,base,2,asymmetric links,^loglog_n[0-9]+$,TRUE
3,loglog_n5000,alternative,5000,base,2,asymmetric links,^loglog_n[0-9]+$,TRUE
3,stk_asym_n200,alternative,200,base,2,asymmetric links,^stk_asym_n[0-9]+$,TRUE
3,stk_asym_n500,alternative,500,base,2,asymmetric links,^stk_asym_n[0-9]+$,TRUE
3,stk_asym_n1000,alternative,1000,base,2,asymmetric links,^stk_asym_n[0-9]+$,TRUE
3,stk_asym_n2000,alternative,2000,base,2,asymmetric links,^stk_asym_n[0-9]+$,TRUE
3,stk_asym_n5000,alternative,5000,base,2,asymmetric links,^stk_asym_n[0-9]+$,TRUE
3,stk_long_n200,alternative,200,base,3,Stukel symmetric family,^stk_long_n[0-9]+$,TRUE
3,stk_long_n500,alternative,500,base,3,Stukel symmetric family,^stk_long_n[0-9]+$,TRUE
3,stk_long_n1000,alternative,1000,base,3,Stukel symmetric family,^stk_long_n[0-9]+$,TRUE
3,stk_long_n2000,alternative,2000,base,3,Stukel symmetric family,^stk_long_n[0-9]+$,TRUE
3,stk_long_n5000,alternative,5000,base,3,Stukel symmetric family,^stk_long_n[0-9]+$,TRUE
3,stk_short_n200,alternative,200,base,3,Stukel symmetric family,^stk_short_n[0-9]+$,TRUE
3,stk_short_n500,alternative,500,base,3,Stukel symmetric family,^stk_short_n[0-9]+$,TRUE
3,stk_short_n1000,alternative,1000,base,3,Stukel symmetric family,^stk_short_n[0-9]+$,TRUE
3,stk_short_n2000,alternative,2000,base,3,Stukel symmetric family,^stk_short_n[0-9]+$,TRUE
3,stk_short_n5000,alternative,5000,base,3,Stukel symmetric family,^stk_short_n[0-9]+$,TRUE
3,quad_0.01_n200,alternative,200,"",4,omitted terms,^quad_[0-9.]+_n[0-9]+$,TRUE
3,quad_0.02_n200,alternative,200,"",4,omitted terms,^quad_[0-9.]+_n[0-9]+$,TRUE
3,quad_0.03_n200,alternative,200,"",4,omitted terms,^quad_[0-9.]+_n[0-9]+$,TRUE
3,quad_0.05_n200,alternative,200,"",4,omitted terms,^quad_[0-9.]+_n[0-9]+$,TRUE
3,quad_0.1_n200,alternative,200,"",4,omitted terms,^quad_[0-9.]+_n[0-9]+$,TRUE
3,quad_0.2_n200,alternative,200,"",4,omitted terms,^quad_[0-9.]+_n[0-9]+$,TRUE
3,quad_0.4_n200,alternative,200,"",4,omitted terms,^quad_[0-9.]+_n[0-9]+$,TRUE
3,quad_0.01_n500,alternative,500,"",4,omitted terms,^quad_[0-9.]+_n[0-9]+$,TRUE
3,quad_0.02_n500,alternative,500,"",4,omitted terms,^quad_[0-9.]+_n[0-9]+$,TRUE
3,quad_0.03_n500,alternative,500,"",4,omitted terms,^quad_[0-9.]+_n[0-9]+$,TRUE
3,quad_0.05_n500,alternative,500,"",4,omitted terms,^quad_[0-9.]+_n[0-9]+$,TRUE
3,quad_0.1_n500,alternative,500,"",4,omitted terms,^quad_[0-9.]+_n[0-9]+$,TRUE
3,quad_0.2_n500,alternative,500,"",4,omitted terms,^quad_[0-9.]+_n[0-9]+$,TRUE
3,quad_0.4_n500,alternative,500,"",4,omitted terms,^quad_[0-9.]+_n[0-9]+$,TRUE
3,quad_0.01_n1000,alternative,1000,"",4,omitted terms,^quad_[0-9.]+_n[0-9]+$,TRUE
3,quad_0.02_n1000,alternative,1000,"",4,omitted terms,^quad_[0-9.]+_n[0-9]+$,TRUE
3,quad_0.03_n1000,alternative,1000,"",4,omitted terms,^quad_[0-9.]+_n[0-9]+$,TRUE
3,quad_0.05_n1000,alternative,1000,"",4,omitted terms,^quad_[0-9.]+_n[0-9]+$,TRUE
3,quad_0.1_n1000,alternative,1000,"",4,omitted terms,^quad_[0-9.]+_n[0-9]+$,TRUE
3,quad_0.2_n1000,alternative,1000,"",4,omitted terms,^quad_[0-9.]+_n[0-9]+$,TRUE
3,quad_0.4_n1000,alternative,1000,"",4,omitted terms,^quad_[0-9.]+_n[0-9]+$,TRUE
3,quad_0.01_n2000,alternative,2000,"",4,omitted terms,^quad_[0-9.]+_n[0-9]+$,TRUE
3,quad_0.02_n2000,alternative,2000,"",4,omitted terms,^quad_[0-9.]+_n[0-9]+$,TRUE
3,quad_0.03_n2000,alternative,2000,"",4,omitted terms,^quad_[0-9.]+_n[0-9]+$,TRUE
3,quad_0.05_n2000,alternative,2000,"",4,omitted terms,^quad_[0-9.]+_n[0-9]+$,TRUE
3,quad_0.1_n2000,alternative,2000,"",4,omitted terms,^quad_[0-9.]+_n[0-9]+$,TRUE
3,quad_0.2_n2000,alternative,2000,"",4,omitted terms,^quad_[0-9.]+_n[0-9]+$,TRUE
3,quad_0.4_n2000,alternative,2000,"",4,omitted terms,^quad_[0-9.]+_n[0-9]+$,TRUE
3,quad_0.01_n5000,alternative,5000,"",4,omitted terms,^quad_[0-9.]+_n[0-9]+$,TRUE
3,quad_0.02_n5000,alternative,5000,"",4,omitted terms,^quad_[0-9.]+_n[0-9]+$,TRUE
3,quad_0.03_n5000,alternative,5000,"",4,omitted terms,^quad_[0-9.]+_n[0-9]+$,TRUE
3,quad_0.05_n5000,alternative,5000,"",4,omitted terms,^quad_[0-9.]+_n[0-9]+$,TRUE
3,quad_0.1_n5000,alternative,5000,"",4,omitted terms,^quad_[0-9.]+_n[0-9]+$,TRUE
3,quad_0.2_n5000,alternative,5000,"",4,omitted terms,^quad_[0-9.]+_n[0-9]+$,TRUE
3,quad_0.4_n5000,alternative,5000,"",4,omitted terms,^quad_[0-9.]+_n[0-9]+$,TRUE
3,binint_0.1_n200,alternative,200,"",4,omitted terms,^binint_[0-9.]+_n[0-9]+$,TRUE
3,binint_0.2_n200,alternative,200,"",4,omitted terms,^binint_[0-9.]+_n[0-9]+$,TRUE
3,binint_0.3_n200,alternative,200,"",4,omitted terms,^binint_[0-9.]+_n[0-9]+$,TRUE
3,binint_0.5_n200,alternative,200,"",4,omitted terms,^binint_[0-9.]+_n[0-9]+$,TRUE
3,binint_0.7_n200,alternative,200,"",4,omitted terms,^binint_[0-9.]+_n[0-9]+$,TRUE
3,binint_0.1_n500,alternative,500,"",4,omitted terms,^binint_[0-9.]+_n[0-9]+$,TRUE
3,binint_0.2_n500,alternative,500,"",4,omitted terms,^binint_[0-9.]+_n[0-9]+$,TRUE
3,binint_0.3_n500,alternative,500,"",4,omitted terms,^binint_[0-9.]+_n[0-9]+$,TRUE
3,binint_0.5_n500,alternative,500,"",4,omitted terms,^binint_[0-9.]+_n[0-9]+$,TRUE
3,binint_0.7_n500,alternative,500,"",4,omitted terms,^binint_[0-9.]+_n[0-9]+$,TRUE
3,binint_0.1_n1000,alternative,1000,"",4,omitted terms,^binint_[0-9.]+_n[0-9]+$,TRUE
3,binint_0.2_n1000,alternative,1000,"",4,omitted terms,^binint_[0-9.]+_n[0-9]+$,TRUE
3,binint_0.3_n1000,alternative,1000,"",4,omitted terms,^binint_[0-9.]+_n[0-9]+$,TRUE
3,binint_0.5_n1000,alternative,1000,"",4,omitted terms,^binint_[0-9.]+_n[0-9]+$,TRUE
3,binint_0.7_n1000,alternative,1000,"",4,omitted terms,^binint_[0-9.]+_n[0-9]+$,TRUE
3,binint_0.1_n2000,alternative,2000,"",4,omitted terms,^binint_[0-9.]+_n[0-9]+$,TRUE
3,binint_0.2_n2000,alternative,2000,"",4,omitted terms,^binint_[0-9.]+_n[0-9]+$,TRUE
3,binint_0.3_n2000,alternative,2000,"",4,omitted terms,^binint_[0-9.]+_n[0-9]+$,TRUE
3,binint_0.5_n2000,alternative,2000,"",4,omitted terms,^binint_[0-9.]+_n[0-9]+$,TRUE
3,binint_0.7_n2000,alternative,2000,"",4,omitted terms,^binint_[0-9.]+_n[0-9]+$,TRUE
3,binint_0.1_n5000,alternative,5000,"",4,omitted terms,^binint_[0-9.]+_n[0-9]+$,TRUE
3,binint_0.2_n5000,alternative,5000,"",4,omitted terms,^binint_[0-9.]+_n[0-9]+$,TRUE
3,binint_0.3_n5000,alternative,5000,"",4,omitted terms,^binint_[0-9.]+_n[0-9]+$,TRUE
3,binint_0.5_n5000,alternative,5000,"",4,omitted terms,^binint_[0-9.]+_n[0-9]+$,TRUE
3,binint_0.7_n5000,alternative,5000,"",4,omitted terms,^binint_[0-9.]+_n[0-9]+$,TRUE
3,contint_0.1_n200,alternative,200,"",4,omitted terms,^contint_[0-9.]+_n[0-9]+$,TRUE
3,contint_0.3_n200,alternative,200,"",4,omitted terms,^contint_[0-9.]+_n[0-9]+$,TRUE
3,contint_0.5_n200,alternative,200,"",4,omitted terms,^contint_[0-9.]+_n[0-9]+$,TRUE
3,contint_0.7_n200,alternative,200,"",4,omitted terms,^contint_[0-9.]+_n[0-9]+$,TRUE
3,contint_0.1_n500,alternative,500,"",4,omitted terms,^contint_[0-9.]+_n[0-9]+$,TRUE
3,contint_0.3_n500,alternative,500,"",4,omitted terms,^contint_[0-9.]+_n[0-9]+$,TRUE
3,contint_0.5_n500,alternative,500,"",4,omitted terms,^contint_[0-9.]+_n[0-9]+$,TRUE
3,contint_0.7_n500,alternative,500,"",4,omitted terms,^contint_[0-9.]+_n[0-9]+$,TRUE
3,contint_0.1_n1000,alternative,1000,"",4,omitted terms,^contint_[0-9.]+_n[0-9]+$,TRUE
3,contint_0.3_n1000,alternative,1000,"",4,omitted terms,^contint_[0-9.]+_n[0-9]+$,TRUE
3,contint_0.5_n1000,alternative,1000,"",4,omitted terms,^contint_[0-9.]+_n[0-9]+$,TRUE
3,contint_0.7_n1000,alternative,1000,"",4,omitted terms,^contint_[0-9.]+_n[0-9]+$,TRUE
3,contint_0.1_n2000,alternative,2000,"",4,omitted terms,^contint_[0-9.]+_n[0-9]+$,TRUE
3,contint_0.3_n2000,alternative,2000,"",4,omitted terms,^contint_[0-9.]+_n[0-9]+$,TRUE
3,contint_0.5_n2000,alternative,2000,"",4,omitted terms,^contint_[0-9.]+_n[0-9]+$,TRUE
3,contint_0.7_n2000,alternative,2000,"",4,omitted terms,^contint_[0-9.]+_n[0-9]+$,TRUE
3,contint_0.1_n5000,alternative,5000,"",4,omitted terms,^contint_[0-9.]+_n[0-9]+$,TRUE
3,contint_0.3_n5000,alternative,5000,"",4,omitted terms,^contint_[0-9.]+_n[0-9]+$,TRUE
3,contint_0.5_n5000,alternative,5000,"",4,omitted terms,^contint_[0-9.]+_n[0-9]+$,TRUE
3,contint_0.7_n5000,alternative,5000,"",4,omitted terms,^contint_[0-9.]+_n[0-9]+$,TRUE
3,rough_osc2_n500,alternative,500,"",5,rough misfit,^rough_osc2_n[0-9]+$,TRUE
3,rough_osc2_n1000,alternative,1000,"",5,rough misfit,^rough_osc2_n[0-9]+$,TRUE
3,rough_osc2_n2000,alternative,2000,"",5,rough misfit,^rough_osc2_n[0-9]+$,TRUE
3,rough_osc4_n500,alternative,500,"",5,rough misfit,^rough_osc4_n[0-9]+$,TRUE
3,rough_osc4_n1000,alternative,1000,"",5,rough misfit,^rough_osc4_n[0-9]+$,TRUE
3,rough_osc4_n2000,alternative,2000,"",5,rough misfit,^rough_osc4_n[0-9]+$,TRUE
3,rough_sawtooth_n500,alternative,500,"",5,rough misfit,^rough_sawtooth_n[0-9]+$,TRUE
3,rough_sawtooth_n1000,alternative,1000,"",5,rough misfit,^rough_sawtooth_n[0-9]+$,TRUE
3,rough_sawtooth_n2000,alternative,2000,"",5,rough misfit,^rough_sawtooth_n[0-9]+$,TRUE
4,osc4_n1000,alternative,1000,"",5,rough misfit,^osc4_n[0-9]+$,TRUE
4,osc4_n2000,alternative,2000,"",5,rough misfit,^osc4_n[0-9]+$,TRUE
4,sawtooth_n1000,alternative,1000,"",5,rough misfit,^sawtooth_n[0-9]+$,TRUE
4,sawtooth_n2000,alternative,2000,"",5,rough misfit,^sawtooth_n[0-9]+$,TRUE
4,crossover_n1000,alternative,1000,"",6,off-index,^crossover_n1000$,TRUE
4,crossover_n2000,alternative,2000,"",6,off-index,^crossover_n2000$,TRUE
