basis,form,test,family,family_name,cells,with_value,mean_power,mean_power_available,cells_without_value
poly3,u,EDGE.poly3.u.Grule,1,symmetric tails,32,32,0.380425,0.380425,""
poly3,u,EDGE.poly3.u.Grule,2,asymmetric links,21,21,0.668852380952381,0.668852380952381,""
poly3,u,EDGE.poly3.u.Grule,3,Stukel symmetric family,10,10,0.4637,0.4637,""
poly3,u,EDGE.poly3.u.Grule,4,omitted terms,80,80,0.59971375,0.59971375,""
poly3,u,EDGE.poly3.u.Grule,5,rough misfit,13,13,0.507338461538462,0.507338461538462,""
poly3,u,EDGE.poly3.u.Grule,6,off-index,2,2,0.0947,0.0947,""
poly3,u,EDGE.poly3.u.Grule,macro,mean of the six family means,158,158,0.452454932081807,0.452454932081807,""
poly3,sc,EDGE.poly3.sc.Grule,1,symmetric tails,32,32,0.341721875,0.341721875,""
poly3,sc,EDGE.poly3.sc.Grule,2,asymmetric links,21,21,0.621085714285714,0.621085714285714,""
poly3,sc,EDGE.poly3.sc.Grule,3,Stukel symmetric family,10,10,0.43359,0.43359,""
poly3,sc,EDGE.poly3.sc.Grule,4,omitted terms,80,80,0.57574875,0.57574875,""
poly3,sc,EDGE.poly3.sc.Grule,5,rough misfit,13,13,0.476323076923077,0.476323076923077,""
poly3,sc,EDGE.poly3.sc.Grule,6,off-index,2,2,0.0803,0.0803,""
poly3,sc,EDGE.poly3.sc.Grule,macro,mean of the six family means,158,158,0.421461569368132,0.421461569368132,""
sym,u,EDGE.sym.u.Grule,1,symmetric tails,32,32,0.3919375,0.3919375,""
sym,u,EDGE.sym.u.Grule,2,asymmetric links,21,21,0.420666666666667,0.420666666666667,""
sym,u,EDGE.sym.u.Grule,3,Stukel symmetric family,10,10,0.4813,0.4813,""
sym,u,EDGE.sym.u.Grule,4,omitted terms,80,80,0.617095,0.617095,""
sym,u,EDGE.sym.u.Grule,5,rough misfit,13,13,0.576323076923077,0.576323076923077,""
sym,u,EDGE.sym.u.Grule,6,off-index,2,2,0.0642,0.0642,""
sym,u,EDGE.sym.u.Grule,macro,mean of the six family means,158,158,0.425253707264957,0.425253707264957,""
sym,sc,EDGE.sym.sc.Grule,1,symmetric tails,32,32,0.439978125,0.439978125,""
sym,sc,EDGE.sym.sc.Grule,2,asymmetric links,21,21,0.483490476190476,0.483490476190476,""
sym,sc,EDGE.sym.sc.Grule,3,Stukel symmetric family,10,10,0.50692,0.50692,""
sym,sc,EDGE.sym.sc.Grule,4,omitted terms,80,80,0.61539125,0.61539125,""
sym,sc,EDGE.sym.sc.Grule,5,rough misfit,13,13,0.543184615384615,0.543184615384615,""
sym,sc,EDGE.sym.sc.Grule,6,off-index,2,2,0.0606,0.0606,""
sym,sc,EDGE.sym.sc.Grule,macro,mean of the six family means,158,158,0.441594077762515,0.441594077762515,""
stk,u,EDGE.stk.u.Grule,1,symmetric tails,32,32,0.33863125,0.33863125,""
stk,u,EDGE.stk.u.Grule,2,asymmetric links,21,21,0.583804761904762,0.583804761904762,""
stk,u,EDGE.stk.u.Grule,3,Stukel symmetric family,10,10,0.45057,0.45057,""
stk,u,EDGE.stk.u.Grule,4,omitted terms,80,80,0.61693125,0.61693125,""
stk,u,EDGE.stk.u.Grule,5,rough misfit,13,13,0.572369230769231,0.572369230769231,""
stk,u,EDGE.stk.u.Grule,6,off-index,2,2,0.087,0.087,""
stk,u,EDGE.stk.u.Grule,macro,mean of the six family means,158,158,0.441551082112332,0.441551082112332,""
stk,sc,EDGE.stk.sc.Grule,1,symmetric tails,32,32,0.344909375,0.344909375,""
stk,sc,EDGE.stk.sc.Grule,2,asymmetric links,21,21,0.631347619047619,0.631347619047619,""
stk,sc,EDGE.stk.sc.Grule,3,Stukel symmetric family,10,10,0.43149,0.43149,""
stk,sc,EDGE.stk.sc.Grule,4,omitted terms,80,80,0.5908825,0.5908825,""
stk,sc,EDGE.stk.sc.Grule,5,rough misfit,13,13,0.487169230769231,0.487169230769231,""
stk,sc,EDGE.stk.sc.Grule,6,off-index,2,2,0.0853,0.0853,""
stk,sc,EDGE.stk.sc.Grule,macro,mean of the six family means,158,158,0.428516454136142,0.428516454136142,""
