n,error,k,mean_slope,change_pct
1000,exaggeration,0,0.600803437549951,0.133906258325101
1000,exaggeration,1,0.603598895435139,0.599815905856538
1000,exaggeration,2,0.599962438502958,-0.00626024950697302
1000,exaggeration,5,0.590816899710434,-1.53051671492771
1000,exaggeration,10,0.572301824321381,-4.61636261310313
1000,sign error,0,0.600803437549951,0.133906258325101
1000,sign error,1,0.597786403315817,-0.368932780697251
1000,sign error,2,0.587556696243979,-2.0738839593368
1000,sign error,5,0.561234791233497,-6.46086812775043
1000,sign error,10,0.513730247505153,-14.3782920824745
5000,exaggeration,0,0.60110626325993,0.18437720998834
5000,exaggeration,5,0.596031164175617,-0.661472637397154
5000,exaggeration,10,0.596267117139816,-0.622147143363983
5000,exaggeration,25,0.587778364381564,-2.03693926973927
5000,exaggeration,50,0.574593109170981,-4.23448180483652
5000,sign error,0,0.60110626325993,0.18437720998834
5000,sign error,5,0.589316916589403,-1.78051390176622
5000,sign error,10,0.583583484255228,-2.73608595746208
5000,sign error,25,0.557042743641068,-7.15954272648869
5000,sign error,50,0.514913573116413,-14.1810711472646
