block,cell,n,orders,test,p_stored,p_median,p_q05,p_q95,orders_with_p,share_p_le_05,distinct_risks,tied_boundaries_stored,share_orders_tied_boundary
6,real_beetle_logit,481,1000,EDGE.poly3.u.G10,0.000395584768043901,0.0295623406070427,0.0047995364411132,0.123141360681325,1000,0.712,8,9,1
6,real_beetle_logit,481,1000,EDGE.poly3.sc.G10,8.18734492920113e-21,0.035709539606789,0.005396287075747,0.147049092096315,1000,0.648,8,9,1
6,real_beetle_logit,481,1000,EDGE.poly2.u.G10,4.19008979682535e-05,0.00704718626656963,0.000889547707054263,0.040676972009675,1000,0.968,8,9,1
6,real_beetle_logit,481,1000,EDGE.poly2.sc.G10,1.06893591424881e-13,0.0187334049611657,0.00266634710801812,0.086159377405089,1000,0.847,8,9,1
6,real_beetle_logit,481,1000,EDGE.stk.u.G10,0.00138904664864465,0.0723159814498412,0.0187715446641373,0.213828428856262,1000,0.333,8,9,1
6,real_beetle_logit,481,1000,EDGE.stk.sc.G10,5.00312260581714e-20,0.0406957001750706,0.00665093863815316,0.162914294393685,1000,0.596,8,9,1
6,real_beetle_logit,481,1000,EDGE.sym.u.G10,0.193083952844058,0.224054998209031,0.0674502072077823,0.558994693687017,1000,0.026,8,9,1
6,real_beetle_logit,481,1000,EDGE.sym.sc.G10,5.99374557791382e-05,0.331535462300509,0.0410686144034911,0.886147027713416,1000,0.065,8,9,1
6,real_beetle_logit,481,1000,EDGE.poly3.u.Grule,0.000682201119087472,0.0289372039175095,0.00647007090609664,0.0867642262027273,1000,0.781,8,18,1
6,real_beetle_logit,481,1000,EDGE.poly3.sc.Grule,6.28108938176961e-21,0.0391740416348358,0.00529094778234469,0.135100987135631,1000,0.609,8,18,1
6,real_beetle_logit,481,1000,EDGE.poly2.u.Grule,0.00012242825099134,0.0067225873599542,0.00139764945314077,0.025009050588513,1000,0.994,8,18,1
6,real_beetle_logit,481,1000,EDGE.poly2.sc.Grule,2.77285381646569e-10,0.019389226977842,0.00384289494197217,0.07096809973888,1000,0.888,8,18,1
6,real_beetle_logit,481,1000,EDGE.stk.u.Grule,0.00248772300471942,0.0648516718118372,0.0221637469487811,0.148439274454495,1000,0.343,8,18,1
6,real_beetle_logit,481,1000,EDGE.stk.sc.Grule,1.34202898908183e-21,0.0470665560029719,0.0082976542080652,0.13070663221785,1000,0.534,8,18,1
6,real_beetle_logit,481,1000,EDGE.sym.u.Grule,0.211988111928002,0.233413306323933,0.0859487732534955,0.460394354249498,1000,0.006,8,18,1
6,real_beetle_logit,481,1000,EDGE.sym.sc.Grule,0.0003839279494975,0.392702606579154,0.0905688007297738,0.868705803779176,1000,0.015,8,18,1
6,real_beetle_logit,481,1000,EDGE.poly3.u.G8,0.0138911462108547,0.028849625257963,0.0101823096488412,0.0365786898999751,1000,0.996,8,6,1
6,real_beetle_logit,481,1000,EDGE.poly3.sc.G8,0.00110762825001837,0.0351116089140155,0.00640941780525684,0.066766902074605,1000,0.664,8,6,1
6,real_beetle_logit,481,1000,EDGE.poly2.u.G8,0.00312223514294531,0.00612110057808381,0.00192354164752451,0.00827969757905216,1000,1,8,6,1
6,real_beetle_logit,481,1000,EDGE.poly2.sc.G8,0.00602337371547974,0.0178847686861402,0.00568863407634161,0.0278772640704793,1000,1,8,6,1
6,real_beetle_logit,481,1000,EDGE.stk.u.G8,0.0474352932434073,0.0697972453608651,0.0268626139944045,0.0753006040549676,1000,0.213,8,6,1
6,real_beetle_logit,481,1000,EDGE.stk.sc.G8,0.000480962526455833,0.0548372137496759,0.00782154109619422,0.0725829676745482,1000,0.482,8,6,1
6,real_beetle_logit,481,1000,EDGE.sym.u.G8,0.760017706771433,0.198608479272183,0.167698421578356,0.344557928743699,1000,0,8,6,1
6,real_beetle_logit,481,1000,EDGE.sym.sc.G8,0.853130419784595,0.330818881569445,0.240913266535239,0.648839446139943,1000,0,8,6,1
6,real_beetle_logit,481,1000,HL.G10,4.56806568115792e-08,0.176756803012451,0.0253416952187152,0.506243600057875,1000,0.12,8,9,1
6,real_beetle_logit,481,1000,HL.Grule,1.46561618451602e-18,0.323234228131926,0.0409121172697267,0.768048678312886,1000,0.062,8,18,1
6,real_beetle_logit,481,1000,HL.G8,0.0790658797527585,0.13345447187935,0.0601775145653839,0.206438536518507,1000,0.029,8,6,1
6,real_beetle_logit,481,1000,HLF.G10,8.72969163198045e-08,0.138351145750563,0.0183795689560672,0.398249901387252,1000,0.17,8,9,1
6,real_beetle_logit,481,1000,HLF.Grule,1.00647736823423e-17,0.242826088797719,0.0270166358771688,0.664846482599292,1000,0.109,8,17,1
6,real_beetle_logit,481,1000,HLF.G8,0.0758501224556424,0.101734903141511,0.0487973696918885,0.16020642394245,1000,0.059,8,6,1
6,real_beetle_logit,481,1000,Stk.joint,0.0209519985265936,0.0209519985267057,0.0209519985265553,0.0209519985268465,1000,1,8,,
6,real_beetle_logit,481,1000,Stk.LR,0.0166861592778518,0.0166861592778504,0.0166861592778494,0.0166861592778513,1000,1,8,,
6,real_beetle_logit,481,1000,Stk.sym1,0.359568717658182,0.35956871757429,0.359568717548396,0.359568717602202,1000,0,8,,
6,real_beetle_logit,481,1000,Stk.marg,0.00148822370374182,0.00148822370374571,0.00148822370374495,0.00148822370374641,1000,1,8,,
6,real_beetle_logit,481,1000,GiViTI,0.00458231353538496,0.00458231353538519,0.00458231353538485,0.0045823135353853,1000,1,8,,
6,real_beetle_logit,481,1000,GiViTI.t50,0.00458231353538496,0.00458231353538519,0.00458231353538485,0.0045823135353853,1000,1,8,,
6,real_beetle_logit,481,1000,Cubic.LR,0.0156789719341111,0.0156789719341111,0.0156789719341106,0.0156789719341115,1000,1,8,,
6,real_beetle_logit,481,1000,HL_w,0.0795040982832272,0.0795040982832718,0.0795040982832519,0.0795040982832911,1000,0,8,,
6,real_beetle_logit,481,1000,PH,,,,,0,0,8,,
6,real_beetle_logit,481,1000,Tsiatis,,,,,0,0,8,,
6,real_beetle_logit,481,1000,Xie,,,,,0,0,8,,
6,real_beetle_logit,481,1000,PR,,,,,0,0,8,,
6,real_beetle_cloglog,481,1000,EDGE.poly3.u.G10,,,,,0,0,8,9,1
6,real_beetle_cloglog,481,1000,EDGE.poly3.sc.G10,,,,,0,0,8,9,1
6,real_beetle_cloglog,481,1000,EDGE.poly2.u.G10,,,,,0,0,8,9,1
6,real_beetle_cloglog,481,1000,EDGE.poly2.sc.G10,,,,,0,0,8,9,1
6,real_beetle_cloglog,481,1000,EDGE.stk.u.G10,,,,,0,0,8,9,1
6,real_beetle_cloglog,481,1000,EDGE.stk.sc.G10,,,,,0,0,8,9,1
6,real_beetle_cloglog,481,1000,EDGE.sym.u.G10,,,,,0,0,8,9,1
6,real_beetle_cloglog,481,1000,EDGE.sym.sc.G10,,,,,0,0,8,9,1
6,real_beetle_cloglog,481,1000,EDGE.poly3.u.Grule,,,,,0,0,8,18,1
6,real_beetle_cloglog,481,1000,EDGE.poly3.sc.Grule,,,,,0,0,8,18,1
6,real_beetle_cloglog,481,1000,EDGE.poly2.u.Grule,,,,,0,0,8,18,1
6,real_beetle_cloglog,481,1000,EDGE.poly2.sc.Grule,,,,,0,0,8,18,1
6,real_beetle_cloglog,481,1000,EDGE.stk.u.Grule,,,,,0,0,8,18,1
6,real_beetle_cloglog,481,1000,EDGE.stk.sc.Grule,,,,,0,0,8,18,1
6,real_beetle_cloglog,481,1000,EDGE.sym.u.Grule,,,,,0,0,8,18,1
6,real_beetle_cloglog,481,1000,EDGE.sym.sc.Grule,,,,,0,0,8,18,1
6,real_beetle_cloglog,481,1000,EDGE.poly3.u.G8,,,,,0,0,8,6,1
6,real_beetle_cloglog,481,1000,EDGE.poly3.sc.G8,,,,,0,0,8,6,1
6,real_beetle_cloglog,481,1000,EDGE.poly2.u.G8,,,,,0,0,8,6,1
6,real_beetle_cloglog,481,1000,EDGE.poly2.sc.G8,,,,,0,0,8,6,1
6,real_beetle_cloglog,481,1000,EDGE.stk.u.G8,,,,,0,0,8,6,1
6,real_beetle_cloglog,481,1000,EDGE.stk.sc.G8,,,,,0,0,8,6,1
6,real_beetle_cloglog,481,1000,EDGE.sym.u.G8,,,,,0,0,8,6,1
6,real_beetle_cloglog,481,1000,EDGE.sym.sc.G8,,,,,0,0,8,6,1
6,real_beetle_cloglog,481,1000,HL.G10,7.81766526102531e-07,0.689768864885441,0.174377112442734,0.960670710526699,1000,0.006,8,9,1
6,real_beetle_cloglog,481,1000,HL.Grule,8.48035635086118e-18,0.69539529935908,0.164248995366925,0.972757277935902,1000,0.002,8,18,1
6,real_beetle_cloglog,481,1000,HL.G8,0.00975122566949822,0.773385436956343,0.538145563305382,0.877786893924443,1000,0.014,8,6,1
6,real_beetle_cloglog,481,1000,HLF.G10,2.26522508282003e-06,0.598427837948513,0.134293725135726,0.927579849364177,1000,0.012,8,9,1
6,real_beetle_cloglog,481,1000,HLF.Grule,9.03277542147814e-16,0.614490749012834,0.131901119130791,0.948590700017713,1000,0.009,8,17,1
6,real_beetle_cloglog,481,1000,HLF.G8,0.718123004229535,0.686749343239297,0.46617118132443,0.795285713850675,1000,0,8,6,1
6,real_beetle_cloglog,481,1000,Stk.joint,,,,,0,0,8,,
6,real_beetle_cloglog,481,1000,Stk.LR,,,,,0,0,8,,
6,real_beetle_cloglog,481,1000,Stk.sym1,,,,,0,0,8,,
6,real_beetle_cloglog,481,1000,Stk.marg,,,,,0,0,8,,
6,real_beetle_cloglog,481,1000,GiViTI,0.849503020708336,0.849503020708453,0.849503020708336,0.849503020708571,1000,0,8,,
6,real_beetle_cloglog,481,1000,GiViTI.t50,0.849503020708336,0.849503020708453,0.849503020708336,0.849503020708571,1000,0,8,,
6,real_beetle_cloglog,481,1000,Cubic.LR,,,,,0,0,8,,
6,real_beetle_cloglog,481,1000,HL_w,0.526182391107775,0.526182391107792,0.526182391107714,0.526182391107865,1000,0,8,,
6,real_beetle_cloglog,481,1000,PH,,,,,0,0,8,,
6,real_beetle_cloglog,481,1000,Tsiatis,,,,,0,0,8,,
6,real_beetle_cloglog,481,1000,Xie,,,,,0,0,8,,
6,real_beetle_cloglog,481,1000,PR,,,,,0,0,8,,
6,real_lbw_additive,189,1000,EDGE.poly3.u.G10,0.09405930362562,0.0894598440963752,0.0894598440963743,0.094059303625621,1000,0,178,2,1
6,real_lbw_additive,189,1000,EDGE.poly3.sc.G10,0.173852541808288,0.153848244492995,0.153848244492987,0.173852541808296,1000,0,178,2,1
6,real_lbw_additive,189,1000,EDGE.poly2.u.G10,0.0391584953895704,0.0391027202905408,0.0391027202905404,0.0391584953895708,1000,1,178,2,1
6,real_lbw_additive,189,1000,EDGE.poly2.sc.G10,0.0994419230917652,0.0881069429459717,0.0881069429459655,0.0994419230917726,1000,0,178,2,1
6,real_lbw_additive,189,1000,EDGE.stk.u.G10,0.0391211511898274,0.0385785519922531,0.0385785519922526,0.0391211511898277,1000,1,178,2,1
6,real_lbw_additive,189,1000,EDGE.stk.sc.G10,0.159968033278511,0.142275662927321,0.142275662927288,0.159968033278508,1000,0,178,2,1
6,real_lbw_additive,189,1000,EDGE.sym.u.G10,0.0646895315038402,0.0683926614445265,0.0646895315038402,0.0683926614445295,1000,0,178,2,1
6,real_lbw_additive,189,1000,EDGE.sym.sc.G10,0.0870354257710824,0.0954927240110774,0.087035425771081,0.0954927240110839,1000,0,178,2,1
6,real_lbw_additive,189,1000,EDGE.poly3.u.Grule,0.09405930362562,0.0894598440963752,0.0894598440963743,0.094059303625621,1000,0,178,2,1
6,real_lbw_additive,189,1000,EDGE.poly3.sc.Grule,0.173852541808288,0.153848244492995,0.153848244492987,0.173852541808296,1000,0,178,2,1
6,real_lbw_additive,189,1000,EDGE.poly2.u.Grule,0.0391584953895704,0.0391027202905408,0.0391027202905404,0.0391584953895708,1000,1,178,2,1
6,real_lbw_additive,189,1000,EDGE.poly2.sc.Grule,0.0994419230917652,0.0881069429459717,0.0881069429459655,0.0994419230917726,1000,0,178,2,1
6,real_lbw_additive,189,1000,EDGE.stk.u.Grule,0.0391211511898274,0.0385785519922531,0.0385785519922526,0.0391211511898277,1000,1,178,2,1
6,real_lbw_additive,189,1000,EDGE.stk.sc.Grule,0.159968033278511,0.142275662927321,0.142275662927288,0.159968033278508,1000,0,178,2,1
6,real_lbw_additive,189,1000,EDGE.sym.u.Grule,0.0646895315038402,0.0683926614445265,0.0646895315038402,0.0683926614445295,1000,0,178,2,1
6,real_lbw_additive,189,1000,EDGE.sym.sc.Grule,0.0870354257710824,0.0954927240110774,0.087035425771081,0.0954927240110839,1000,0,178,2,1
6,real_lbw_additive,189,1000,HL.G10,0.054258064284392,0.110209806868822,0.0542580642843919,0.110209806868822,1000,0,178,2,1
6,real_lbw_additive,189,1000,HL.Grule,0.054258064284392,0.110209806868822,0.0542580642843919,0.110209806868822,1000,0,178,2,1
6,real_lbw_additive,189,1000,HLF.G10,0.0168966269202734,0.0168966269202734,0.0168966269202733,0.0168966269202734,1000,1,178,0,0
6,real_lbw_additive,189,1000,HLF.Grule,0.0168966269202734,0.0168966269202734,0.0168966269202733,0.0168966269202734,1000,1,178,0,0
6,real_lbw_additive,189,1000,Stk.joint,0.0369022075340604,0.0369022075340639,0.0369022075340552,0.0369022075340728,1000,1,178,,
6,real_lbw_additive,189,1000,Stk.LR,0.0182237690768656,0.0182237690768656,0.0182237690768656,0.0182237690768659,1000,1,178,,
6,real_lbw_additive,189,1000,Stk.sym1,0.0854516102125606,0.0854516102125624,0.0854516102125573,0.0854516102125678,1000,0,178,,
6,real_lbw_additive,189,1000,Stk.marg,0.324873938914471,0.324873938914472,0.32487393891447,0.324873938914474,1000,0,178,,
6,real_lbw_additive,189,1000,GiViTI,0.46509049529525,0.465090495295245,0.465090495295239,0.465090495295245,1000,0,178,,
6,real_lbw_additive,189,1000,GiViTI.t50,0.172402292326148,0.172402292326146,0.172402292326144,0.172402292326146,1000,0,178,,
6,real_lbw_additive,189,1000,Cubic.LR,0.0460655392525344,0.0460655392525344,0.0460655392525337,0.046065539252535,1000,1,178,,
6,real_lbw_additive,189,1000,HL_w,0.354613581276626,0.354613581276627,0.354613581276626,0.354613581276627,1000,0,178,,
6,real_lbw_additive,189,1000,PH,0.284055162014029,0.284055162014029,0.284055162014029,0.28405516201403,1000,0,178,,
6,real_lbw_additive,189,1000,Tsiatis,0.583260206341458,0.50144114773037,0.285609927675099,0.748391432877802,1000,0,178,,
6,real_lbw_additive,189,1000,Xie,0.209219213473605,0.334170429186651,0.19781370856845,0.422419278860814,1000,0,178,,
6,real_lbw_additive,189,1000,PR,0.742959017350158,0.742959017350158,0.742959017350157,0.742959017350158,1000,0,178,,
6,real_lbw_fix,189,1000,EDGE.poly3.u.G10,0.412083535970941,0.39401340850054,0.394013408500511,0.412083535970953,1000,0,178,1,1
6,real_lbw_fix,189,1000,EDGE.poly3.sc.G10,0.666166661640131,0.622291565372001,0.622291565371919,0.666166661640158,1000,0,178,1,1
6,real_lbw_fix,189,1000,EDGE.poly2.u.G10,0.217236960619573,0.215633761106771,0.21563376110676,0.217236960619579,1000,0,178,1,1
6,real_lbw_fix,189,1000,EDGE.poly2.sc.G10,0.500446969402491,0.458202660150281,0.458202660150154,0.500446969402533,1000,0,178,1,1
6,real_lbw_fix,189,1000,EDGE.stk.u.G10,0.211907899091451,0.208537336888025,0.208537336887958,0.211907899091454,1000,0,178,1,1
6,real_lbw_fix,189,1000,EDGE.stk.sc.G10,0.594343200666247,0.56541477852781,0.565414778527072,0.594343200666325,1000,0,178,1,1
6,real_lbw_fix,189,1000,EDGE.sym.u.G10,0.16900966839488,0.175323962351559,0.169009668394822,0.17532396235162,1000,0,178,1,1
6,real_lbw_fix,189,1000,EDGE.sym.sc.G10,0.224205758457672,0.240569066477863,0.224205758457531,0.240569066478019,1000,0,178,1,1
6,real_lbw_fix,189,1000,EDGE.poly3.u.Grule,0.412083535970941,0.39401340850054,0.394013408500511,0.412083535970953,1000,0,178,1,1
6,real_lbw_fix,189,1000,EDGE.poly3.sc.Grule,0.666166661640131,0.622291565372001,0.622291565371919,0.666166661640158,1000,0,178,1,1
6,real_lbw_fix,189,1000,EDGE.poly2.u.Grule,0.217236960619573,0.215633761106771,0.21563376110676,0.217236960619579,1000,0,178,1,1
6,real_lbw_fix,189,1000,EDGE.poly2.sc.Grule,0.500446969402491,0.458202660150281,0.458202660150154,0.500446969402533,1000,0,178,1,1
6,real_lbw_fix,189,1000,EDGE.stk.u.Grule,0.211907899091451,0.208537336888025,0.208537336887958,0.211907899091454,1000,0,178,1,1
6,real_lbw_fix,189,1000,EDGE.stk.sc.Grule,0.594343200666247,0.56541477852781,0.565414778527072,0.594343200666325,1000,0,178,1,1
6,real_lbw_fix,189,1000,EDGE.sym.u.Grule,0.16900966839488,0.175323962351559,0.169009668394822,0.17532396235162,1000,0,178,1,1
6,real_lbw_fix,189,1000,EDGE.sym.sc.Grule,0.224205758457672,0.240569066477863,0.224205758457531,0.240569066478019,1000,0,178,1,1
6,real_lbw_fix,189,1000,HL.G10,0.541888511238379,0.727927435952014,0.541888511238378,0.727927435952016,1000,0,178,1,1
6,real_lbw_fix,189,1000,HL.Grule,0.541888511238379,0.727927435952014,0.541888511238378,0.727927435952016,1000,0,178,1,1
6,real_lbw_fix,189,1000,HLF.G10,0.430352879844162,0.430352879844162,0.430352879844162,0.430352879844163,1000,0,178,1,1
6,real_lbw_fix,189,1000,HLF.Grule,0.430352879844162,0.430352879844162,0.430352879844162,0.430352879844163,1000,0,178,1,1
6,real_lbw_fix,189,1000,Stk.joint,0.185430299567257,0.185430299567257,0.185430299567201,0.185430299567314,1000,0,178,,
6,real_lbw_fix,189,1000,Stk.LR,0.127329691059204,0.127329691059208,0.127329691059202,0.127329691059211,1000,0,178,,
6,real_lbw_fix,189,1000,Stk.sym1,0.209048526621988,0.20904852662199,0.20904852662195,0.209048526622032,1000,0,178,,
6,real_lbw_fix,189,1000,Stk.marg,0.460121736873589,0.460121736873589,0.46012173687358,0.460121736873598,1000,0,178,,
6,real_lbw_fix,189,1000,GiViTI,0.369765579924265,0.369765579924274,0.369765579924265,0.369765579924274,1000,0,178,,
6,real_lbw_fix,189,1000,GiViTI.t50,0.469620150511768,0.469620150511774,0.469620150511768,0.469620150511781,1000,0,178,,
6,real_lbw_fix,189,1000,Cubic.LR,0.301737443149458,0.301737443149462,0.301737443149458,0.301737443149466,1000,0,178,,
6,real_lbw_fix,189,1000,HL_w,0.313422593439884,0.313422593439885,0.313422593439884,0.313422593439885,1000,0,178,,
6,real_lbw_fix,189,1000,PH,0.839238214294184,0.839238214294183,0.839238214294183,0.839238214294185,1000,0,178,,
6,real_lbw_fix,189,1000,Tsiatis,0.985057374817546,0.981588966441113,0.831422760503472,0.999436148005266,1000,0,178,,
6,real_lbw_fix,189,1000,Xie,0.872205136497017,0.906926290012474,0.568592386841131,0.983776864930155,1000,0,178,,
6,real_lbw_fix,189,1000,PR,0.624287873346507,0.624287873346506,0.624287873346501,0.62428787334651,1000,0,178,,
6,real_vaso_linear,39,1000,EDGE.poly3.u.G10,0.394232856774005,0.394232856774005,0.394232856774003,0.394232856774006,1000,0,38,0,0
6,real_vaso_linear,39,1000,EDGE.poly3.sc.G10,0.0561179565890117,0.0561179565890118,0.0561179565890105,0.056117956589013,1000,0,38,0,0
6,real_vaso_linear,39,1000,EDGE.poly2.u.G10,0.172425214770276,0.172425214770276,0.172425214770275,0.172425214770278,1000,0,38,0,0
6,real_vaso_linear,39,1000,EDGE.poly2.sc.G10,0.0231161275567258,0.0231161275567257,0.0231161275567249,0.0231161275567264,1000,1,38,0,0
6,real_vaso_linear,39,1000,EDGE.stk.u.G10,0.837295828900533,0.837295828900533,0.837295828900531,0.837295828900534,1000,0,38,0,0
6,real_vaso_linear,39,1000,EDGE.stk.sc.G10,0.348634205404009,0.348634205404002,0.348634205403983,0.348634205404023,1000,0,38,0,0
6,real_vaso_linear,39,1000,EDGE.sym.u.G10,0.82642865926868,0.82642865926868,0.826428659268679,0.826428659268681,1000,0,38,0,0
6,real_vaso_linear,39,1000,EDGE.sym.sc.G10,0.655984252433263,0.655984252433261,0.655984252433257,0.655984252433265,1000,0,38,0,0
6,real_vaso_linear,39,1000,EDGE.poly3.u.Grule,0.394232856774005,0.394232856774005,0.394232856774003,0.394232856774006,1000,0,38,0,0
6,real_vaso_linear,39,1000,EDGE.poly3.sc.Grule,0.0561179565890117,0.0561179565890118,0.0561179565890105,0.056117956589013,1000,0,38,0,0
6,real_vaso_linear,39,1000,EDGE.poly2.u.Grule,0.172425214770276,0.172425214770276,0.172425214770275,0.172425214770278,1000,0,38,0,0
6,real_vaso_linear,39,1000,EDGE.poly2.sc.Grule,0.0231161275567258,0.0231161275567257,0.0231161275567249,0.0231161275567264,1000,1,38,0,0
6,real_vaso_linear,39,1000,EDGE.stk.u.Grule,0.837295828900533,0.837295828900533,0.837295828900531,0.837295828900534,1000,0,38,0,0
6,real_vaso_linear,39,1000,EDGE.stk.sc.Grule,0.348634205404009,0.348634205404002,0.348634205403983,0.348634205404023,1000,0,38,0,0
6,real_vaso_linear,39,1000,EDGE.sym.u.Grule,0.82642865926868,0.82642865926868,0.826428659268679,0.826428659268681,1000,0,38,0,0
6,real_vaso_linear,39,1000,EDGE.sym.sc.Grule,0.655984252433263,0.655984252433261,0.655984252433257,0.655984252433265,1000,0,38,0,0
6,real_vaso_linear,39,1000,EDGE.poly3.u.G6,0.379268661606397,0.379268661606397,0.379268661606395,0.379268661606398,1000,0,38,0,0
6,real_vaso_linear,39,1000,EDGE.poly3.sc.G6,0.099769288976193,0.0997692889761938,0.0997692889761928,0.0997692889761947,1000,0,38,0,0
6,real_vaso_linear,39,1000,EDGE.poly2.u.G6,0.174387613845139,0.174387613845141,0.174387613845139,0.174387613845142,1000,0,38,0,0
6,real_vaso_linear,39,1000,EDGE.poly2.sc.G6,0.0476982464986863,0.0476982464986865,0.0476982464986858,0.0476982464986871,1000,1,38,0,0
6,real_vaso_linear,39,1000,EDGE.stk.u.G6,0.60444165192519,0.604441651925189,0.604441651925187,0.60444165192519,1000,0,38,0,0
6,real_vaso_linear,39,1000,EDGE.stk.sc.G6,0.545139166445697,0.545139166445697,0.545139166445695,0.5451391664457,1000,0,38,0,0
6,real_vaso_linear,39,1000,EDGE.sym.u.G6,0.760111341999077,0.760111341999073,0.760111341999072,0.760111341999074,1000,0,38,0,0
6,real_vaso_linear,39,1000,EDGE.sym.sc.G6,0.707321680659336,0.707321680659329,0.707321680659326,0.707321680659334,1000,0,38,0,0
6,real_vaso_linear,39,1000,HL.G10,0.196803153249422,0.196803153249422,0.196803153249422,0.196803153249423,1000,0,38,0,0
6,real_vaso_linear,39,1000,HL.Grule,0.196803153249422,0.196803153249422,0.196803153249422,0.196803153249423,1000,0,38,0,0
6,real_vaso_linear,39,1000,HL.G6,0.127494406275742,0.127494406275742,0.127494406275742,0.127494406275743,1000,0,38,0,0
6,real_vaso_linear,39,1000,HLF.G10,0.103448827605707,0.103448827605707,0.103448827605707,0.103448827605708,1000,0,38,1,1
6,real_vaso_linear,39,1000,HLF.Grule,0.103448827605707,0.103448827605707,0.103448827605707,0.103448827605708,1000,0,38,1,1
6,real_vaso_linear,39,1000,HLF.G6,0.17086872502746,0.170868725027459,0.170868725027458,0.17086872502746,1000,0,38,1,1
6,real_vaso_linear,39,1000,Stk.joint,0.169540724739022,0.169540724739025,0.169540724739024,0.169540724739027,1000,0,38,,
6,real_vaso_linear,39,1000,Stk.LR,0.000207389374707008,0.000207389374707009,0.000207389374707006,0.00020738937470701,1000,1,38,,
6,real_vaso_linear,39,1000,Stk.sym1,0.636110894249803,0.636110894249811,0.636110894249805,0.636110894249817,1000,0,38,,
6,real_vaso_linear,39,1000,Stk.marg,0.0613028702351287,0.061302870235129,0.0613028702351285,0.0613028702351295,1000,0,38,,
6,real_vaso_linear,39,1000,GiViTI,0.00188589287873253,0.0018858928787322,0.0018858928787322,0.00188589287873253,1000,1,38,,
6,real_vaso_linear,39,1000,GiViTI.t50,0.0002403272274345,0.000240327227434278,0.000240327227434278,0.0002403272274345,1000,1,38,,
6,real_vaso_linear,39,1000,Cubic.LR,0.000133083403719266,0.000133083403719266,0.000133083403719265,0.000133083403719266,1000,1,38,,
6,real_vaso_linear,39,1000,HL_w,0.0775754949053677,0.0775754949053677,0.0775754949053675,0.0775754949053702,1000,0,38,,
6,real_vaso_linear,39,1000,PH,0.143204353960613,0.143204353960613,0.143204353960613,0.143204353960614,1000,0,38,,
6,real_vaso_linear,39,1000,Tsiatis,0.382921153759397,0.253892480483422,0.139021480158576,0.999434462258555,1000,0.003,38,,
6,real_vaso_linear,39,1000,Xie,0.505301045640261,0.505301045640263,0.505301045640262,0.93062214789089,1000,0,38,,
6,real_vaso_linear,39,1000,PR,,,,,0,0,38,,
6,real_vaso_log,39,1000,EDGE.poly3.u.G10,0.907672540605128,0.907672540605129,0.907672540605126,0.907672540605132,1000,0,16,0,0
6,real_vaso_log,39,1000,EDGE.poly3.sc.G10,0.526495860026002,0.526495860026013,0.526495860025977,0.526495860026046,1000,0,16,0,0
6,real_vaso_log,39,1000,EDGE.poly2.u.G10,0.755264601790108,0.755264601790111,0.755264601790104,0.755264601790118,1000,0,16,0,0
6,real_vaso_log,39,1000,EDGE.poly2.sc.G10,0.713673901050952,0.713673901050955,0.713673901050943,0.713673901050966,1000,0,16,0,0
6,real_vaso_log,39,1000,EDGE.stk.u.G10,0.948947995697402,0.948947995697402,0.9489479956974,0.948947995697404,1000,0,16,0,0
6,real_vaso_log,39,1000,EDGE.stk.sc.G10,0.836312687988336,0.83631268798834,0.836312687988316,0.836312687988365,1000,0,16,0,0
6,real_vaso_log,39,1000,EDGE.sym.u.G10,0.852425911699605,0.852425911699606,0.852425911699605,0.852425911699606,1000,0,16,0,0
6,real_vaso_log,39,1000,EDGE.sym.sc.G10,0.450558629307249,0.450558629307251,0.450558629307241,0.450558629307262,1000,0,16,0,0
6,real_vaso_log,39,1000,EDGE.poly3.u.Grule,0.907672540605128,0.907672540605129,0.907672540605126,0.907672540605132,1000,0,16,0,0
6,real_vaso_log,39,1000,EDGE.poly3.sc.Grule,0.526495860026002,0.526495860026013,0.526495860025977,0.526495860026046,1000,0,16,0,0
6,real_vaso_log,39,1000,EDGE.poly2.u.Grule,0.755264601790108,0.755264601790111,0.755264601790104,0.755264601790118,1000,0,16,0,0
6,real_vaso_log,39,1000,EDGE.poly2.sc.Grule,0.713673901050952,0.713673901050955,0.713673901050943,0.713673901050966,1000,0,16,0,0
6,real_vaso_log,39,1000,EDGE.stk.u.Grule,0.948947995697402,0.948947995697402,0.9489479956974,0.948947995697404,1000,0,16,0,0
6,real_vaso_log,39,1000,EDGE.stk.sc.Grule,0.836312687988336,0.83631268798834,0.836312687988316,0.836312687988365,1000,0,16,0,0
6,real_vaso_log,39,1000,EDGE.sym.u.Grule,0.852425911699605,0.852425911699606,0.852425911699605,0.852425911699606,1000,0,16,0,0
6,real_vaso_log,39,1000,EDGE.sym.sc.Grule,0.450558629307249,0.450558629307251,0.450558629307241,0.450558629307262,1000,0,16,0,0
6,real_vaso_log,39,1000,EDGE.poly3.u.G6,0.398286319343173,0.398286319343173,0.398286319343169,0.398286319343179,1000,0,16,0,0
6,real_vaso_log,39,1000,EDGE.poly3.sc.G6,0.509514986493937,0.509514986493937,0.509514986493934,0.509514986493939,1000,0,16,0,0
6,real_vaso_log,39,1000,EDGE.poly2.u.G6,0.80728165704634,0.807281657046341,0.807281657046332,0.80728165704635,1000,0,16,0,0
6,real_vaso_log,39,1000,EDGE.poly2.sc.G6,0.68266690329915,0.682666903299155,0.682666903299134,0.682666903299176,1000,0,16,0,0
6,real_vaso_log,39,1000,EDGE.stk.u.G6,0.818212968808943,0.818212968808944,0.818212968808938,0.81821296880895,1000,0,16,0,0
6,real_vaso_log,39,1000,EDGE.stk.sc.G6,0.716710281226422,0.716710281226422,0.71671028122642,0.716710281226425,1000,0,16,0,0
6,real_vaso_log,39,1000,EDGE.sym.u.G6,0.85987164914144,0.859871649141441,0.85987164914144,0.859871649141441,1000,0,16,0,0
6,real_vaso_log,39,1000,EDGE.sym.sc.G6,0.484799403339839,0.484799403339841,0.484799403339825,0.484799403339859,1000,0,16,0,0
6,real_vaso_log,39,1000,HL.G10,0.981036539844807,0.981036539844807,0.981036539844807,0.981036539844807,1000,0,16,0,0
6,real_vaso_log,39,1000,HL.Grule,0.981036539844807,0.981036539844807,0.981036539844807,0.981036539844807,1000,0,16,0,0
6,real_vaso_log,39,1000,HL.G6,0.684513669922656,0.684513669922655,0.684513669922655,0.684513669922656,1000,0,16,0,0
6,real_vaso_log,39,1000,HLF.G10,0.329499234394082,0.329499234394082,0.329499234394082,0.329499234394082,1000,0,16,0,0
6,real_vaso_log,39,1000,HLF.Grule,0.329499234394082,0.329499234394082,0.329499234394082,0.329499234394082,1000,0,16,0,0
6,real_vaso_log,39,1000,HLF.G6,0.394831178980069,0.394831178980069,0.394831178980068,0.394831178980069,1000,0,16,0,0
6,real_vaso_log,39,1000,Stk.joint,0.793991532183131,0.793991532183128,0.793991532183117,0.79399153218314,1000,0,16,,
6,real_vaso_log,39,1000,Stk.LR,,,,,0,0,16,,
6,real_vaso_log,39,1000,Stk.sym1,0.585721770815598,0.585721770815595,0.585721770815582,0.585721770815608,1000,0,16,,
6,real_vaso_log,39,1000,Stk.marg,0.884003659132796,0.884003659132796,0.884003659132795,0.884003659132797,1000,0,16,,
6,real_vaso_log,39,1000,GiViTI,0.749755586354398,0.749755586354386,0.749755586354379,0.749755586354394,1000,0,16,,
6,real_vaso_log,39,1000,GiViTI.t50,0.141215921069546,0.141215921069543,0.141215921069541,0.141215921069545,1000,0,16,,
6,real_vaso_log,39,1000,Cubic.LR,0.0849828244028859,0.0849828244028841,0.0849828244028829,0.0849828244028853,1000,0,16,,
6,real_vaso_log,39,1000,HL_w,0.32910131375368,0.329101313753681,0.32910131375368,0.329101313753682,1000,0,16,,
6,real_vaso_log,39,1000,PH,0.970266767801294,0.970266767801294,0.970266767801294,0.970266767801294,1000,0,16,,
6,real_vaso_log,39,1000,Tsiatis,0.60654752961359,0.589509954152803,0.569808532360811,0.60654752961352,1000,0,16,,
6,real_vaso_log,39,1000,Xie,0.756322752765447,0.756322752765447,0.588717047260415,0.756322752765447,1000,0,16,,
6,real_vaso_log,39,1000,PR,,,,,0,0,16,,
6,real_uis_model19,575,1000,EDGE.poly3.u.G10,0.459076789670516,0.459076789670516,0.426103044108086,0.459076789670523,1000,0,521,1,1
6,real_uis_model19,575,1000,EDGE.poly3.sc.G10,0.606374761648108,0.606374761648102,0.533006457953798,0.606374761648163,1000,0,521,1,1
6,real_uis_model19,575,1000,EDGE.poly2.u.G10,0.860452178881448,0.860452178881448,0.853556333779644,0.86045217888146,1000,0,521,1,1
6,real_uis_model19,575,1000,EDGE.poly2.sc.G10,0.705010313927612,0.705010313927608,0.60987116948216,0.705010313927769,1000,0,521,1,1
6,real_uis_model19,575,1000,EDGE.stk.u.G10,0.595366340950079,0.595366340950098,0.595366340950078,0.59667076897908,1000,0,521,1,1
6,real_uis_model19,575,1000,EDGE.stk.sc.G10,0.828122920597256,0.828122920597346,0.761591084488274,0.828122920597587,1000,0,521,1,1
6,real_uis_model19,575,1000,EDGE.sym.u.G10,0.673534377493536,0.673534377493558,0.673534377493509,0.696569859442689,1000,0,521,1,1
6,real_uis_model19,575,1000,EDGE.sym.sc.G10,0.90583946172717,0.905839461727197,0.905839461727111,0.952561705156238,1000,0,521,1,1
6,real_uis_model19,575,1000,EDGE.poly3.u.Grule,0.445755809796146,0.445755809796148,0.445755809796141,0.445755809796155,1000,0,521,2,1
6,real_uis_model19,575,1000,EDGE.poly3.sc.Grule,0.444910745193633,0.444910745193822,0.444910745193321,0.444910745194317,1000,0,521,2,1
6,real_uis_model19,575,1000,EDGE.poly2.u.Grule,0.216033205383224,0.216033205383226,0.21603320538322,0.216033205383232,1000,0,521,2,1
6,real_uis_model19,575,1000,EDGE.poly2.sc.Grule,0.292397158110542,0.292397158110646,0.292397158110349,0.292397158110947,1000,0,521,2,1
6,real_uis_model19,575,1000,EDGE.stk.u.Grule,0.0556946474659079,0.0556946474659085,0.0556946474659073,0.0556946474659099,1000,0,521,2,1
6,real_uis_model19,575,1000,EDGE.stk.sc.Grule,0.268072121076688,0.268072121076882,0.268072121076684,0.268072121077071,1000,0,521,2,1
6,real_uis_model19,575,1000,EDGE.sym.u.Grule,0.130338853608741,0.130338853608754,0.130338853608736,0.130338853608776,1000,0,521,2,1
6,real_uis_model19,575,1000,EDGE.sym.sc.Grule,0.250001988564192,0.250001988564234,0.250001988564177,0.250001988564303,1000,0,521,2,1
6,real_uis_model19,575,1000,HL.G10,0.966765454513978,0.966765454513978,0.935882085053386,0.966765454513978,1000,0,521,1,1
6,real_uis_model19,575,1000,HL.Grule,0.630939413444519,0.630939413444518,0.630939413444517,0.630939413444521,1000,0,521,2,1
6,real_uis_model19,575,1000,HLF.G10,0.984907732757946,0.984907732757945,0.984907732757945,0.984907732757946,1000,0,521,0,0
6,real_uis_model19,575,1000,HLF.Grule,0.665271471559875,0.665271471559874,0.665271471559873,0.665271471559875,1000,0,521,2,1
6,real_uis_model19,575,1000,Stk.joint,0.107897549117444,0.107897549117461,0.107897549117431,0.107897549117499,1000,0,521,,
6,real_uis_model19,575,1000,Stk.LR,0.0615867650837028,0.0615867650837028,0.0615867650836993,0.0615867650837028,1000,0,521,,
6,real_uis_model19,575,1000,Stk.sym1,0.0563017347101753,0.0563017347101917,0.056301734710164,0.0563017347102266,1000,0,521,,
6,real_uis_model19,575,1000,Stk.marg,0.056069621771528,0.0560696217715284,0.0560696217715263,0.0560696217715306,1000,0,521,,
6,real_uis_model19,575,1000,GiViTI,0.114377421364858,0.114377421364858,0.11437742136485,0.114377421364858,1000,0,521,,
6,real_uis_model19,575,1000,GiViTI.t50,0.114377421364858,0.114377421364858,0.11437742136485,0.114377421364858,1000,0,521,,
6,real_uis_model19,575,1000,Cubic.LR,0.28723674825567,0.28723674825567,0.287236748255654,0.287236748255686,1000,0,521,,
6,real_uis_model19,575,1000,HL_w,0.223771829632384,0.223771829632384,0.223771829632383,0.223771829632384,1000,0,521,,
6,real_uis_model19,575,1000,PH,0.957120729162369,0.957120729162369,0.957120729162369,0.95712072916237,1000,0,521,,
6,real_uis_model19,575,1000,Tsiatis,0.00234435576136776,0.0344499332472221,0.00234435576133474,0.257486861922585,1000,0.624,521,,
6,real_uis_model19,575,1000,Xie,0.0928237293586913,0.0762581647526997,0.00904694880639138,0.291734792069416,1000,0.383,521,,
6,real_uis_model19,575,1000,PR,0.558042793013556,0.558042793013556,0.558042793013553,0.55804279301356,1000,0,521,,
6,real_diabetes_dev,50881,100,EDGE.poly3.u.G10,1.74787662095367e-13,1.74787662095212e-13,1.74787662094733e-13,1.74787662095585e-13,100,1,50808,0,0
6,real_diabetes_dev,50881,100,EDGE.poly3.sc.G10,1.8235084427355e-22,1.82350844270038e-22,1.82350844264309e-22,1.82350844276573e-22,100,1,50808,0,0
6,real_diabetes_dev,50881,100,EDGE.poly2.u.G10,9.02397058636148e-16,9.0239705863432e-16,9.02397058630084e-16,9.02397058638074e-16,100,1,50808,0,0
6,real_diabetes_dev,50881,100,EDGE.poly2.sc.G10,7.72714308069578e-17,7.72714308059613e-17,7.72714308044363e-17,7.7271430807612e-17,100,1,50808,0,0
6,real_diabetes_dev,50881,100,EDGE.stk.u.G10,4.19944517286237e-22,4.19944517279021e-22,4.19944517268042e-22,4.19944517293143e-22,100,1,50808,0,0
6,real_diabetes_dev,50881,100,EDGE.stk.sc.G10,6.04937211988293e-21,6.04937211926429e-21,6.04937211722509e-21,6.04937212072542e-21,100,1,50808,0,0
6,real_diabetes_dev,50881,100,EDGE.sym.u.G10,6.39436491174697e-16,6.39436491189187e-16,6.3943649111841e-16,6.39436491254337e-16,100,1,50808,0,0
6,real_diabetes_dev,50881,100,EDGE.sym.sc.G10,3.99989142900392e-10,3.99989142910352e-10,3.99989142867908e-10,3.99989142956602e-10,100,1,50808,0,0
6,real_diabetes_dev,50881,100,EDGE.poly3.u.Grule,8.52319105580084e-16,8.52319105579772e-16,8.52218618722644e-16,8.52400346479719e-16,100,1,50808,5,1
6,real_diabetes_dev,50881,100,EDGE.poly3.sc.Grule,1.14415902382449e-21,1.14415902384511e-21,1.14333213651286e-21,1.14515904248853e-21,100,1,50808,5,1
6,real_diabetes_dev,50881,100,EDGE.poly2.u.Grule,1.35894434986409e-16,1.35894434986418e-16,1.35881584255587e-16,1.35904865257525e-16,100,1,50808,5,1
6,real_diabetes_dev,50881,100,EDGE.poly2.sc.Grule,2.97011715861832e-18,2.97011715867214e-18,2.96956377948272e-18,2.97078313618638e-18,100,1,50808,5,1
6,real_diabetes_dev,50881,100,EDGE.stk.u.Grule,6.74096095002006e-18,6.740960950014e-18,6.73986364541183e-18,6.74183516111286e-18,100,1,50808,5,1
6,real_diabetes_dev,50881,100,EDGE.stk.sc.Grule,5.90814389302105e-20,5.90814389174924e-20,5.90202846749039e-20,5.91314092013675e-20,100,1,50808,5,1
6,real_diabetes_dev,50881,100,EDGE.sym.u.Grule,3.10383213833899e-25,3.10383213832044e-25,3.10216246244557e-25,3.10517642571602e-25,100,1,50808,5,1
6,real_diabetes_dev,50881,100,EDGE.sym.sc.Grule,4.65291649390698e-21,4.65291649391072e-21,4.65032018493949e-21,4.65502912736232e-21,100,1,50808,5,1
6,real_diabetes_dev,50881,100,EDGE.poly3.u.G50,7.08579523695643e-13,7.08579523695009e-13,7.08579523693225e-13,7.08579523696438e-13,100,1,50808,0,0
6,real_diabetes_dev,50881,100,EDGE.poly3.sc.G50,7.92853293851299e-22,7.92853293824224e-22,7.92853293785998e-22,7.92853293869147e-22,100,1,50808,0,0
6,real_diabetes_dev,50881,100,EDGE.poly2.u.G50,8.72795574911487e-10,8.727955749102e-10,8.72795574907841e-10,8.7279557491209e-10,100,1,50808,0,0
6,real_diabetes_dev,50881,100,EDGE.poly2.sc.G50,1.40063388650671e-09,1.40063388648495e-09,1.4006338864572e-09,1.40063388651586e-09,100,1,50808,0,0
6,real_diabetes_dev,50881,100,EDGE.stk.u.G50,4.29912673803529e-23,4.29912673796343e-23,4.29912673786681e-23,4.29912673809091e-23,100,1,50808,0,0
6,real_diabetes_dev,50881,100,EDGE.stk.sc.G50,9.85126673678092e-21,9.85126673710749e-21,9.85126673506844e-21,9.85126673884783e-21,100,1,50808,0,0
6,real_diabetes_dev,50881,100,EDGE.sym.u.G50,5.84161355479057e-26,5.84161355492917e-26,5.84161355365305e-26,5.84161355607099e-26,100,1,50808,0,0
6,real_diabetes_dev,50881,100,EDGE.sym.sc.G50,3.44148093842819e-21,3.44148093863014e-21,3.44148093759015e-21,3.44148093950523e-21,100,1,50808,0,0
6,real_diabetes_dev,50881,100,EDGE.poly3.u.G200,2.3251436358882e-13,2.32514363588685e-13,2.32514363588203e-13,2.32514363589055e-13,100,1,50808,0,0
6,real_diabetes_dev,50881,100,EDGE.poly3.sc.G200,6.73851636196379e-13,6.73851636183641e-13,6.73851636165832e-13,6.73851636202762e-13,100,1,50808,0,0
6,real_diabetes_dev,50881,100,EDGE.poly2.u.G200,5.09956048053126e-13,5.09956048052799e-13,5.09956048052074e-13,5.09956048053573e-13,100,1,50808,0,0
6,real_diabetes_dev,50881,100,EDGE.poly2.sc.G200,2.12007895509182e-09,2.12007895509774e-09,2.12007895509072e-09,2.12007895510462e-09,100,1,50808,0,0
6,real_diabetes_dev,50881,100,EDGE.stk.u.G200,6.81991462088508e-17,6.81991462087757e-17,6.81991462086227e-17,6.81991462089765e-17,100,1,50808,0,0
6,real_diabetes_dev,50881,100,EDGE.stk.sc.G200,2.24108253706619e-21,2.24108253717223e-21,2.24108253618143e-21,2.24108253800379e-21,100,1,50808,0,0
6,real_diabetes_dev,50881,100,EDGE.sym.u.G200,6.29382334855188e-26,6.29382334869441e-26,6.29382334726236e-26,6.29382334994605e-26,100,1,50808,0,0
6,real_diabetes_dev,50881,100,EDGE.sym.sc.G200,4.97391412540726e-22,4.9739141256942e-22,4.97391412391506e-22,4.97391412715581e-22,100,1,50808,0,0
6,real_diabetes_dev,50881,100,EDGE.poly3.u.G1000,2.16095191498731e-16,2.16095191498687e-16,2.1609519149828e-16,2.16095191498979e-16,100,1,50808,0,0
6,real_diabetes_dev,50881,100,EDGE.poly3.sc.G1000,2.17289153205777e-21,2.17289153207398e-21,2.17289153166314e-21,2.17289153240996e-21,100,1,50808,0,0
6,real_diabetes_dev,50881,100,EDGE.poly2.u.G1000,8.8669962211292e-18,8.86699622112868e-18,8.86699622111572e-18,8.86699622114029e-18,100,1,50808,0,0
6,real_diabetes_dev,50881,100,EDGE.poly2.sc.G1000,4.0591609869053e-18,4.05916098696367e-18,4.05916098685377e-18,4.05916098708496e-18,100,1,50808,0,0
6,real_diabetes_dev,50881,100,EDGE.stk.u.G1000,2.96902643233309e-21,2.96902643233052e-21,2.96902643232072e-21,2.96902643233709e-21,100,1,50808,0,0
6,real_diabetes_dev,50881,100,EDGE.stk.sc.G1000,5.45090522181658e-20,5.45090522212943e-20,5.45090522050811e-20,5.45090522349191e-20,100,1,50808,0,0
6,real_diabetes_dev,50881,100,EDGE.sym.u.G1000,5.14494325074145e-25,5.14494325085973e-25,5.14494324968744e-25,5.14494325188275e-25,100,1,50808,0,0
6,real_diabetes_dev,50881,100,EDGE.sym.sc.G1000,1.35456004721797e-20,1.35456004729428e-20,1.35456004679219e-20,1.35456004771222e-20,100,1,50808,0,0
6,real_diabetes_dev,50881,100,EDGE.poly3.u.G2000,8.79920872601113e-16,8.79920872600876e-16,8.79920872599259e-16,8.79920872602069e-16,100,1,50808,0,0
6,real_diabetes_dev,50881,100,EDGE.poly3.sc.G2000,1.16531687105728e-21,1.16531687106784e-21,1.16531687079439e-21,1.16531687129608e-21,100,1,50808,0,0
6,real_diabetes_dev,50881,100,EDGE.poly2.u.G2000,1.51774673494302e-16,1.51774673494298e-16,1.51774673494083e-16,1.5177467349448e-16,100,1,50808,0,0
6,real_diabetes_dev,50881,100,EDGE.poly2.sc.G2000,3.14757116213434e-18,3.14757116218093e-18,3.14757116208672e-18,3.14757116228631e-18,100,1,50808,0,0
6,real_diabetes_dev,50881,100,EDGE.stk.u.G2000,6.98095055443528e-18,6.9809505544267e-18,6.98095055441308e-18,6.98095055444825e-18,100,1,50808,0,0
6,real_diabetes_dev,50881,100,EDGE.stk.sc.G2000,6.18808592095441e-20,6.18808592170058e-20,6.18808591256399e-20,6.18808593166658e-20,100,1,50808,0,0
6,real_diabetes_dev,50881,100,EDGE.sym.u.G2000,3.89288650937491e-25,3.89288650946434e-25,3.89288650857498e-25,3.89288651024099e-25,100,1,50808,0,0
6,real_diabetes_dev,50881,100,EDGE.sym.sc.G2000,4.98022938747296e-21,4.98022938774843e-21,4.9802293858664e-21,4.98022938932247e-21,100,1,50808,0,0
6,real_diabetes_dev,50881,100,HL.G10,3.98418267340499e-08,3.9841826734038e-08,3.98418267339984e-08,3.98418267340683e-08,100,1,50808,0,0
6,real_diabetes_dev,50881,100,HL.Grule,0.0109040888331294,0.0111140711916933,0.0109040888331027,0.0113240647303006,100,1,50808,5,1
6,real_diabetes_dev,50881,100,HL.G50,3.52293405550466e-06,3.52293405550378e-06,3.5229340555e-06,3.522934055507e-06,100,1,50808,0,0
6,real_diabetes_dev,50881,100,HL.G200,0.00218562359642147,0.0021856235964211,0.00218562359641889,0.00218562359642304,100,1,50808,0,0
6,real_diabetes_dev,50881,100,HL.G1000,0.00397762907724733,0.00397762907724538,0.00397762907723783,0.00397762907725281,100,1,50808,0,0
6,real_diabetes_dev,50881,100,HL.G2000,0.101231508426997,0.101231508426955,0.101231508426788,0.101231508427111,100,0,50808,0,0
6,real_diabetes_dev,50881,100,HLF.G10,3.74037327420458e-08,3.74037327420359e-08,3.74037327420044e-08,3.740373274206e-08,100,1,50808,0,0
6,real_diabetes_dev,50881,100,HLF.Grule,0.0604754840098864,0.0604754840098881,0.0604754840098814,0.060475484009893,100,0,50808,2,1
6,real_diabetes_dev,50881,100,HLF.G50,5.1212413469612e-06,5.12124134696064e-06,5.12124134695737e-06,5.12124134696327e-06,100,1,50808,0,0
6,real_diabetes_dev,50881,100,HLF.G200,1.24945336524565e-05,1.24945336524564e-05,1.24945336524493e-05,1.24945336524611e-05,100,1,50808,1,1
6,real_diabetes_dev,50881,100,HLF.G1000,0.0335528276600709,0.0335528276600702,0.0335528276600651,0.0335528276600745,100,1,50808,1,1
6,real_diabetes_dev,50881,100,HLF.G2000,0.148853282744091,0.148853282744089,0.148853282744079,0.148853282744096,100,0,50808,2,1
6,real_diabetes_dev,50881,100,Stk.joint,8.54962694186087e-21,8.54962694385112e-21,8.54962694140624e-21,8.54962694661383e-21,100,1,50808,,
6,real_diabetes_dev,50881,100,Stk.LR,4.4427088414402e-19,4.4427088414402e-19,4.4427088414402e-19,4.44270884144101e-19,100,1,50808,,
6,real_diabetes_dev,50881,100,Stk.sym1,2.66744220702603e-20,2.66744220784503e-20,2.66744220682206e-20,2.66744220892517e-20,100,1,50808,,
6,real_diabetes_dev,50881,100,Stk.marg,1.25365164561439e-28,1.25365164561427e-28,1.25365164561178e-28,1.25365164561701e-28,100,1,50808,,
6,real_diabetes_dev,50881,100,GiViTI,3.15814041584872e-12,3.15814041584872e-12,3.15814041584872e-12,3.15814041584872e-12,100,1,50808,,
6,real_diabetes_dev,50881,100,GiViTI.t50,3.05377713116783e-08,3.05377713116783e-08,3.05377713116783e-08,3.05377713116783e-08,100,1,50808,,
6,real_diabetes_dev,50881,100,Cubic.LR,6.97298632115691e-15,6.97298632115691e-15,6.97298632115691e-15,6.97298632115691e-15,100,1,50808,,
6,real_diabetes_dev,50881,100,HL_w,,,,,0,0,50808,,
6,real_diabetes_dev,50881,100,PH,,,,,0,0,50808,,
6,real_diabetes_dev,50881,100,Tsiatis,,,,,0,0,50808,,
6,real_diabetes_dev,50881,100,Xie,,,,,0,0,50808,,
6,real_diabetes_dev,50881,100,PR,,,,,0,0,50808,,
6,real_diabetes_val,50882,100,EDGE.stk4,5.85327866192235e-24,5.85327866192235e-24,5.85327866192235e-24,5.85327866192235e-24,100,1,50830,0,0
6,real_diabetes_val,50882,100,EDGE.poly4,4.97157355740724e-25,4.97157355740724e-25,4.97157355740724e-25,4.97157355740724e-25,100,1,50830,0,0
6,real_diabetes_val,50882,100,SlopeLRT,0.233784573526408,0.233784573526408,0.233784573526408,0.233784573526408,100,0,50830,,
6,real_diabetes_val,50882,100,EDGE.slope2,0.68122647912063,0.68122647912063,0.68122647912063,0.68122647912063,100,0,50830,0,0
6,real_diabetes_val,50882,100,HL.ext,0.0465095848523731,0.0465095848523731,0.0465095848523731,0.0465095848523731,100,1,50830,0,0
6,real_diabetes_val,50882,100,GiViTI.ext,0,0,0,0,100,1,50830,,
6,real_diabetes_val,50882,100,EDGE.sym3,9.05150166668938e-25,9.05150166668938e-25,9.05150166668938e-25,9.05150166668938e-25,100,1,50830,0,0
6,real_diabetes_val,50882,100,EDGE.stk4.G10,1.81964256607034e-16,1.8196425660703e-16,1.8196425660703e-16,1.81964256607034e-16,100,1,50830,0,0
6,real_diabetes_val,50882,100,EDGE.poly4.G10,1.00893744611473e-15,1.00893744611471e-15,1.00893744611471e-15,1.00893744611473e-15,100,1,50830,0,0
6,real_diabetes_val,50882,100,EDGE.slope2.G10,0.0209158693598035,0.0209158693598033,0.0209158693598033,0.0209158693598035,100,1,50830,0,0
6,real_diabetes_val,50882,100,EDGE.sym3.G10,1.81964256607034e-16,1.8196425660703e-16,1.8196425660703e-16,1.81964256607034e-16,100,1,50830,0,0
6,real_diabetes_val,50882,100,HL.ext.G10,2.77270190408434e-13,2.77270190408432e-13,2.77270190408432e-13,2.77270190408434e-13,100,1,50830,0,0
6,real_diabetes_val,50882,100,EDGE.stk4.G50,1.16157880534968e-19,1.16157880534968e-19,1.16157880534968e-19,1.16157880534968e-19,100,1,50830,0,0
6,real_diabetes_val,50882,100,EDGE.poly4.G50,2.67253972794774e-20,2.67253972794774e-20,2.67253972794774e-20,2.67253972794774e-20,100,1,50830,0,0
6,real_diabetes_val,50882,100,EDGE.slope2.G50,0.202878620468204,0.202878620468204,0.202878620468204,0.202878620468204,100,0,50830,0,0
6,real_diabetes_val,50882,100,EDGE.sym3.G50,1.16157880534968e-19,1.16157880534968e-19,1.16157880534968e-19,1.16157880534968e-19,100,1,50830,0,0
6,real_diabetes_val,50882,100,HL.ext.G50,3.7753623153772e-10,3.7753623153772e-10,3.7753623153772e-10,3.7753623153772e-10,100,1,50830,0,0
6,real_diabetes_val,50882,100,EDGE.stk4.G200,1.81658170711949e-22,1.81658170711949e-22,1.81658170711949e-22,1.81658170711949e-22,100,1,50830,0,0
6,real_diabetes_val,50882,100,EDGE.poly4.G200,5.75108062692656e-23,5.75108062692656e-23,5.75108062692656e-23,5.75108062692656e-23,100,1,50830,0,0
6,real_diabetes_val,50882,100,EDGE.slope2.G200,0.450588072448412,0.450588072448412,0.450588072448412,0.450588072448412,100,0,50830,0,0
6,real_diabetes_val,50882,100,EDGE.sym3.G200,3.0368488962633e-22,3.0368488962633e-22,3.0368488962633e-22,3.0368488962633e-22,100,1,50830,0,0
6,real_diabetes_val,50882,100,HL.ext.G200,9.78158390856691e-07,9.78158390856691e-07,9.78158390856691e-07,9.78158390856691e-07,100,1,50830,0,0
6,real_diabetes_val,50882,100,EDGE.stk4.G1000,2.2313727248513e-23,2.2313727248513e-23,2.2313727248513e-23,2.2313727248513e-23,100,1,50830,0,0
6,real_diabetes_val,50882,100,EDGE.poly4.G1000,3.60619164113795e-24,3.60619164113795e-24,3.60619164113795e-24,3.60619164113795e-24,100,1,50830,0,0
6,real_diabetes_val,50882,100,EDGE.slope2.G1000,0.596713609263637,0.596713609263637,0.596713609263637,0.596713609263637,100,0,50830,0,0
6,real_diabetes_val,50882,100,EDGE.sym3.G1000,7.22524485283486e-24,7.22524485283486e-24,7.22524485283486e-24,7.22524485283486e-24,100,1,50830,0,0
6,real_diabetes_val,50882,100,HL.ext.G1000,0.00456995267077514,0.00456995267077514,0.00456995267077514,0.00456995267077514,100,1,50830,0,0
6,real_diabetes_val,50882,100,EDGE.stk4.G2000,5.91644984198957e-24,5.91644984198957e-24,5.91644984198957e-24,5.91644984198957e-24,100,1,50830,0,0
6,real_diabetes_val,50882,100,EDGE.poly4.G2000,5.20574718819116e-25,5.20574718819116e-25,5.20574718819116e-25,5.20574718819116e-25,100,1,50830,0,0
6,real_diabetes_val,50882,100,EDGE.slope2.G2000,0.690384772131537,0.690384772131537,0.690384772131537,0.690384772131537,100,0,50830,0,0
6,real_diabetes_val,50882,100,EDGE.sym3.G2000,9.0999932718195e-25,9.0999932718195e-25,9.0999932718195e-25,9.0999932718195e-25,100,1,50830,0,0
6,real_diabetes_val,50882,100,HL.ext.G2000,0.00747393454519981,0.00747393454519981,0.00747393454519981,0.00747393454519981,100,1,50830,0,0
