test,cell,role,shared_reps,rival_rejection,edge_rejection,rival_only,edge_only,mcnemar_p,holm_p,holm_reject_05
lecessie,null_link_n200,null,500,0.062,0.048,24,17,0.348888879449079,1,FALSE
lecessie,stk_long_n200,alternative,500,0.086,0.064,29,18,0.143865088440549,1,FALSE
lecessie,stk_short_n200,alternative,500,0.066,0.118,23,49,0.00294276053012497,0.0559124500723745,FALSE
lecessie,stk_asym_n200,alternative,500,0.366,0.448,37,78,0.000165523868974511,0.00331047737949022,TRUE
lecessie,cauchit_n200,alternative,500,0.052,0.086,16,33,0.0212941141413872,0.38329405454497,FALSE
lecessie,t4_n200,alternative,500,0.052,0.074,18,29,0.143865088440549,1,FALSE
lecessie,loglog_n200,alternative,500,0.126,0.156,33,48,0.119273668311764,1,FALSE
proj,null_link_n200,null,500,0.062,0.048,20,13,0.296206368599087,1,FALSE
proj,stk_long_n200,alternative,500,0.066,0.064,17,16,1,1,FALSE
proj,stk_short_n200,alternative,500,0.09,0.118,30,44,0.130177680319128,1,FALSE
proj,stk_asym_n200,alternative,500,0.466,0.448,55,46,0.426160015466994,1,FALSE
proj,cauchit_n200,alternative,500,0.074,0.086,18,24,0.440799067342597,1,FALSE
proj,t4_n200,alternative,500,0.058,0.074,14,22,0.24298495403491,1,FALSE
proj,loglog_n200,alternative,500,0.156,0.156,35,35,1,1,FALSE
bagoft,null_link_n200,null,200,0.06,0.07,10,12,0.831811904907227,1,FALSE
bagoft,stk_long_n200,alternative,200,0.035,0.05,5,8,0.5810546875,1,FALSE
bagoft,stk_short_n200,alternative,200,0.08,0.135,12,23,0.0895310789346697,1,FALSE
bagoft,stk_asym_n200,alternative,200,0.21,0.475,5,58,1.66235081255905e-12,3.49093670637401e-11,TRUE
bagoft,cauchit_n200,alternative,200,0.05,0.1,9,19,0.087158553302288,1,FALSE
bagoft,t4_n200,alternative,200,0.05,0.055,8,9,1,1,FALSE
bagoft,loglog_n200,alternative,200,0.1,0.12,16,20,0.617719317029696,1,FALSE
