truth,n,corruption,rate,test,clean,contaminated,loss
probit,1000,C1,0.001,EDGE.poly3.u.Grule,0.074,0.069,0.00499999999999999
probit,1000,C1,0.001,EDGE.sym.u.Grule,0.077,0.071,0.00600000000000001
probit,1000,C1,0.002,EDGE.poly3.u.Grule,0.074,0.065,0.009
probit,1000,C1,0.002,EDGE.sym.u.Grule,0.077,0.067,0.01
probit,1000,C1,0.005,EDGE.poly3.u.Grule,0.074,0.072,0.002
probit,1000,C1,0.005,EDGE.sym.u.Grule,0.077,0.057,0.02
probit,1000,C1,0.01,EDGE.poly3.u.Grule,0.074,0.056,0.018
probit,1000,C1,0.01,EDGE.sym.u.Grule,0.077,0.051,0.026
probit,1000,C3,0.001,EDGE.poly3.u.Grule,0.074,0.078,-0.004
probit,1000,C3,0.001,EDGE.sym.u.Grule,0.077,0.081,-0.004
probit,1000,C3,0.002,EDGE.poly3.u.Grule,0.074,0.083,-0.00900000000000001
probit,1000,C3,0.002,EDGE.sym.u.Grule,0.077,0.08,-0.003
probit,1000,C3,0.005,EDGE.poly3.u.Grule,0.074,0.078,-0.004
probit,1000,C3,0.005,EDGE.sym.u.Grule,0.077,0.085,-0.00800000000000001
probit,1000,C3,0.01,EDGE.poly3.u.Grule,0.074,0.072,0.002
probit,1000,C3,0.01,EDGE.sym.u.Grule,0.077,0.067,0.01
probit,5000,C1,0.001,EDGE.poly3.u.Grule,0.277,0.238,0.039
probit,5000,C1,0.001,EDGE.sym.u.Grule,0.316,0.295,0.021
probit,5000,C1,0.002,EDGE.poly3.u.Grule,0.277,0.218,0.059
probit,5000,C1,0.002,EDGE.sym.u.Grule,0.316,0.24,0.076
probit,5000,C1,0.005,EDGE.poly3.u.Grule,0.277,0.143,0.134
probit,5000,C1,0.005,EDGE.sym.u.Grule,0.316,0.131,0.185
probit,5000,C1,0.01,EDGE.poly3.u.Grule,0.277,0.305,-0.028
probit,5000,C1,0.01,EDGE.sym.u.Grule,0.316,0.529,-0.213
probit,5000,C3,0.001,EDGE.poly3.u.Grule,0.277,0.252,0.025
probit,5000,C3,0.001,EDGE.sym.u.Grule,0.316,0.33,-0.014
probit,5000,C3,0.002,EDGE.poly3.u.Grule,0.277,0.274,0.003
probit,5000,C3,0.002,EDGE.sym.u.Grule,0.316,0.346,-0.03
probit,5000,C3,0.005,EDGE.poly3.u.Grule,0.277,0.254,0.023
probit,5000,C3,0.005,EDGE.sym.u.Grule,0.316,0.329,-0.013
probit,5000,C3,0.01,EDGE.poly3.u.Grule,0.277,0.271,0.00600000000000001
probit,5000,C3,0.01,EDGE.sym.u.Grule,0.316,0.319,-0.003
cloglog,1000,C1,0.001,EDGE.poly3.u.Grule,0.818,0.785,0.0329999999999999
cloglog,1000,C1,0.001,EDGE.sym.u.Grule,0.781,0.765,0.016
cloglog,1000,C1,0.002,EDGE.poly3.u.Grule,0.818,0.765,0.0529999999999999
cloglog,1000,C1,0.002,EDGE.sym.u.Grule,0.781,0.732,0.049
cloglog,1000,C1,0.005,EDGE.poly3.u.Grule,0.818,0.8,0.0179999999999999
cloglog,1000,C1,0.005,EDGE.sym.u.Grule,0.781,0.762,0.019
cloglog,1000,C1,0.01,EDGE.poly3.u.Grule,0.818,0.802,0.0159999999999999
cloglog,1000,C1,0.01,EDGE.sym.u.Grule,0.781,0.728,0.053
cloglog,1000,C3,0.001,EDGE.poly3.u.Grule,0.818,0.809,0.0089999999999999
cloglog,1000,C3,0.001,EDGE.sym.u.Grule,0.781,0.782,-0.001
cloglog,1000,C3,0.002,EDGE.poly3.u.Grule,0.818,0.779,0.0389999999999999
cloglog,1000,C3,0.002,EDGE.sym.u.Grule,0.781,0.763,0.018
cloglog,1000,C3,0.005,EDGE.poly3.u.Grule,0.818,0.807,0.0109999999999999
cloglog,1000,C3,0.005,EDGE.sym.u.Grule,0.781,0.786,-0.005
cloglog,1000,C3,0.01,EDGE.poly3.u.Grule,0.818,0.77,0.0479999999999999
cloglog,1000,C3,0.01,EDGE.sym.u.Grule,0.781,0.762,0.019
cloglog,5000,C1,0.001,EDGE.poly3.u.Grule,1,1,0
cloglog,5000,C1,0.001,EDGE.sym.u.Grule,1,1,0
cloglog,5000,C1,0.002,EDGE.poly3.u.Grule,1,1,0
cloglog,5000,C1,0.002,EDGE.sym.u.Grule,1,1,0
cloglog,5000,C1,0.005,EDGE.poly3.u.Grule,1,1,0
cloglog,5000,C1,0.005,EDGE.sym.u.Grule,1,1,0
cloglog,5000,C1,0.01,EDGE.poly3.u.Grule,1,1,0
cloglog,5000,C1,0.01,EDGE.sym.u.Grule,1,0.877,0.123
cloglog,5000,C3,0.001,EDGE.poly3.u.Grule,1,1,0
cloglog,5000,C3,0.001,EDGE.sym.u.Grule,1,1,0
cloglog,5000,C3,0.002,EDGE.poly3.u.Grule,1,1,0
cloglog,5000,C3,0.002,EDGE.sym.u.Grule,1,1,0
cloglog,5000,C3,0.005,EDGE.poly3.u.Grule,1,1,0
cloglog,5000,C3,0.005,EDGE.sym.u.Grule,1,1,0
cloglog,5000,C3,0.01,EDGE.poly3.u.Grule,1,1,0
cloglog,5000,C3,0.01,EDGE.sym.u.Grule,1,1,0
