cell,truth,n,rate,test,contaminated,clean,change,beyond_3se
logit_C3_r001_n1000,logit,1000,0.001,EDGE.poly3.u.Grule,0.04,0.045,-0.005,FALSE
logit_C3_r001_n1000,logit,1000,0.001,EDGE.sym.u.Grule,0.038,0.044,-0.006,FALSE
logit_C3_r001_n1000,logit,1000,0.001,Stk.joint,0.041,0.044,-0.003,FALSE
logit_C3_r001_n1000,logit,1000,0.001,Stk.sym1,0.034,0.049,-0.015,FALSE
logit_C3_r001_n1000,logit,1000,0.001,Stk.LR,0.042,0.046,-0.004,FALSE
logit_C3_r001_n1000,logit,1000,0.001,GiViTI,0.043,0.042,0.000999999999999994,FALSE
logit_C3_r001_n1000,logit,1000,0.001,Cubic.LR,0.046,0.041,0.005,FALSE
logit_C3_r002_n1000,logit,1000,0.002,EDGE.poly3.u.Grule,0.053,0.045,0.008,FALSE
logit_C3_r002_n1000,logit,1000,0.002,EDGE.sym.u.Grule,0.041,0.044,-0.003,FALSE
logit_C3_r002_n1000,logit,1000,0.002,Stk.joint,0.051,0.044,0.007,FALSE
logit_C3_r002_n1000,logit,1000,0.002,Stk.sym1,0.047,0.049,-0.002,FALSE
logit_C3_r002_n1000,logit,1000,0.002,Stk.LR,0.052,0.046,0.006,FALSE
logit_C3_r002_n1000,logit,1000,0.002,GiViTI,0.048,0.042,0.006,FALSE
logit_C3_r002_n1000,logit,1000,0.002,Cubic.LR,0.054,0.041,0.013,FALSE
logit_C3_r005_n1000,logit,1000,0.005,EDGE.poly3.u.Grule,0.051,0.045,0.006,FALSE
logit_C3_r005_n1000,logit,1000,0.005,EDGE.sym.u.Grule,0.046,0.044,0.002,FALSE
logit_C3_r005_n1000,logit,1000,0.005,Stk.joint,0.051,0.044,0.007,FALSE
logit_C3_r005_n1000,logit,1000,0.005,Stk.sym1,0.051,0.049,0.002,FALSE
logit_C3_r005_n1000,logit,1000,0.005,Stk.LR,0.053,0.046,0.007,FALSE
logit_C3_r005_n1000,logit,1000,0.005,GiViTI,0.05,0.042,0.008,FALSE
logit_C3_r005_n1000,logit,1000,0.005,Cubic.LR,0.047,0.041,0.006,FALSE
logit_C3_r010_n1000,logit,1000,0.01,EDGE.poly3.u.Grule,0.05,0.045,0.005,FALSE
logit_C3_r010_n1000,logit,1000,0.01,EDGE.sym.u.Grule,0.051,0.044,0.007,FALSE
logit_C3_r010_n1000,logit,1000,0.01,Stk.joint,0.051,0.044,0.007,FALSE
logit_C3_r010_n1000,logit,1000,0.01,Stk.sym1,0.052,0.049,0.003,FALSE
logit_C3_r010_n1000,logit,1000,0.01,Stk.LR,0.055,0.046,0.009,FALSE
logit_C3_r010_n1000,logit,1000,0.01,GiViTI,0.051,0.042,0.009,FALSE
logit_C3_r010_n1000,logit,1000,0.01,Cubic.LR,0.047,0.041,0.006,FALSE
logit_C3_r001_n5000,logit,5000,0.001,EDGE.poly3.u.Grule,0.038,0.048,-0.01,FALSE
logit_C3_r001_n5000,logit,5000,0.001,EDGE.sym.u.Grule,0.06,0.053,0.007,FALSE
logit_C3_r001_n5000,logit,5000,0.001,Stk.joint,0.039,0.047,-0.008,FALSE
logit_C3_r001_n5000,logit,5000,0.001,Stk.sym1,0.056,0.052,0.004,FALSE
logit_C3_r001_n5000,logit,5000,0.001,Stk.LR,0.039,0.046,-0.007,FALSE
logit_C3_r001_n5000,logit,5000,0.001,GiViTI,0.045,0.048,-0.003,FALSE
logit_C3_r001_n5000,logit,5000,0.001,Cubic.LR,0.044,0.041,0.003,FALSE
logit_C3_r002_n5000,logit,5000,0.002,EDGE.poly3.u.Grule,0.048,0.048,0,FALSE
logit_C3_r002_n5000,logit,5000,0.002,EDGE.sym.u.Grule,0.051,0.053,-0.002,FALSE
logit_C3_r002_n5000,logit,5000,0.002,Stk.joint,0.048,0.047,0.001,FALSE
logit_C3_r002_n5000,logit,5000,0.002,Stk.sym1,0.045,0.052,-0.007,FALSE
logit_C3_r002_n5000,logit,5000,0.002,Stk.LR,0.049,0.046,0.003,FALSE
logit_C3_r002_n5000,logit,5000,0.002,GiViTI,0.045,0.048,-0.003,FALSE
logit_C3_r002_n5000,logit,5000,0.002,Cubic.LR,0.043,0.041,0.002,FALSE
logit_C3_r005_n5000,logit,5000,0.005,EDGE.poly3.u.Grule,0.049,0.048,0.001,FALSE
logit_C3_r005_n5000,logit,5000,0.005,EDGE.sym.u.Grule,0.047,0.053,-0.006,FALSE
logit_C3_r005_n5000,logit,5000,0.005,Stk.joint,0.047,0.047,0,FALSE
logit_C3_r005_n5000,logit,5000,0.005,Stk.sym1,0.043,0.052,-0.009,FALSE
logit_C3_r005_n5000,logit,5000,0.005,Stk.LR,0.047,0.046,0.001,FALSE
logit_C3_r005_n5000,logit,5000,0.005,GiViTI,0.048,0.048,0,FALSE
logit_C3_r005_n5000,logit,5000,0.005,Cubic.LR,0.043,0.041,0.002,FALSE
logit_C3_r010_n5000,logit,5000,0.01,EDGE.poly3.u.Grule,0.047,0.048,-0.001,FALSE
logit_C3_r010_n5000,logit,5000,0.01,EDGE.sym.u.Grule,0.047,0.053,-0.006,FALSE
logit_C3_r010_n5000,logit,5000,0.01,Stk.joint,0.048,0.047,0.001,FALSE
logit_C3_r010_n5000,logit,5000,0.01,Stk.sym1,0.05,0.052,-0.002,FALSE
logit_C3_r010_n5000,logit,5000,0.01,Stk.LR,0.051,0.046,0.005,FALSE
logit_C3_r010_n5000,logit,5000,0.01,GiViTI,0.04,0.048,-0.008,FALSE
logit_C3_r010_n5000,logit,5000,0.01,Cubic.LR,0.046,0.041,0.005,FALSE
probit_C3_r001_n1000,probit,1000,0.001,EDGE.poly3.u.Grule,0.078,0.074,0.004,FALSE
probit_C3_r001_n1000,probit,1000,0.001,EDGE.sym.u.Grule,0.081,0.077,0.004,FALSE
probit_C3_r001_n1000,probit,1000,0.001,Stk.joint,0.075,0.071,0.004,FALSE
probit_C3_r001_n1000,probit,1000,0.001,Stk.sym1,0.105,0.084,0.021,TRUE
probit_C3_r001_n1000,probit,1000,0.001,Stk.LR,0.094,0.091,0.003,FALSE
probit_C3_r001_n1000,probit,1000,0.001,GiViTI,0.055,0.047,0.008,FALSE
probit_C3_r001_n1000,probit,1000,0.001,Cubic.LR,0.1,0.092,0.00800000000000001,FALSE
probit_C3_r002_n1000,probit,1000,0.002,EDGE.poly3.u.Grule,0.083,0.074,0.00900000000000001,FALSE
probit_C3_r002_n1000,probit,1000,0.002,EDGE.sym.u.Grule,0.08,0.077,0.003,FALSE
probit_C3_r002_n1000,probit,1000,0.002,Stk.joint,0.077,0.071,0.00600000000000001,FALSE
probit_C3_r002_n1000,probit,1000,0.002,Stk.sym1,0.096,0.084,0.012,FALSE
probit_C3_r002_n1000,probit,1000,0.002,Stk.LR,0.098,0.091,0.00700000000000001,FALSE
probit_C3_r002_n1000,probit,1000,0.002,GiViTI,0.063,0.047,0.016,FALSE
probit_C3_r002_n1000,probit,1000,0.002,Cubic.LR,0.097,0.092,0.005,FALSE
probit_C3_r005_n1000,probit,1000,0.005,EDGE.poly3.u.Grule,0.078,0.074,0.004,FALSE
probit_C3_r005_n1000,probit,1000,0.005,EDGE.sym.u.Grule,0.085,0.077,0.00800000000000001,FALSE
probit_C3_r005_n1000,probit,1000,0.005,Stk.joint,0.069,0.071,-0.00199999999999999,FALSE
probit_C3_r005_n1000,probit,1000,0.005,Stk.sym1,0.1,0.084,0.016,FALSE
probit_C3_r005_n1000,probit,1000,0.005,Stk.LR,0.097,0.091,0.00600000000000001,FALSE
probit_C3_r005_n1000,probit,1000,0.005,GiViTI,0.051,0.047,0.004,FALSE
probit_C3_r005_n1000,probit,1000,0.005,Cubic.LR,0.101,0.092,0.00900000000000001,FALSE
probit_C3_r010_n1000,probit,1000,0.01,EDGE.poly3.u.Grule,0.072,0.074,-0.002,FALSE
probit_C3_r010_n1000,probit,1000,0.01,EDGE.sym.u.Grule,0.067,0.077,-0.01,FALSE
probit_C3_r010_n1000,probit,1000,0.01,Stk.joint,0.074,0.071,0.003,FALSE
probit_C3_r010_n1000,probit,1000,0.01,Stk.sym1,0.096,0.084,0.012,FALSE
probit_C3_r010_n1000,probit,1000,0.01,Stk.LR,0.097,0.091,0.00600000000000001,FALSE
probit_C3_r010_n1000,probit,1000,0.01,GiViTI,0.048,0.047,0.001,FALSE
probit_C3_r010_n1000,probit,1000,0.01,Cubic.LR,0.096,0.092,0.004,FALSE
probit_C3_r001_n5000,probit,5000,0.001,EDGE.poly3.u.Grule,0.252,0.277,-0.025,TRUE
probit_C3_r001_n5000,probit,5000,0.001,EDGE.sym.u.Grule,0.33,0.316,0.014,FALSE
probit_C3_r001_n5000,probit,5000,0.001,Stk.joint,0.248,0.269,-0.021,TRUE
probit_C3_r001_n5000,probit,5000,0.001,Stk.sym1,0.346,0.336,0.00999999999999995,FALSE
probit_C3_r001_n5000,probit,5000,0.001,Stk.LR,0.277,0.291,-0.014,FALSE
probit_C3_r001_n5000,probit,5000,0.001,GiViTI,0.129,0.119,0.01,FALSE
probit_C3_r001_n5000,probit,5000,0.001,Cubic.LR,0.285,0.286,-0.001,FALSE
probit_C3_r002_n5000,probit,5000,0.002,EDGE.poly3.u.Grule,0.274,0.277,-0.003,FALSE
probit_C3_r002_n5000,probit,5000,0.002,EDGE.sym.u.Grule,0.346,0.316,0.03,TRUE
probit_C3_r002_n5000,probit,5000,0.002,Stk.joint,0.281,0.269,0.012,FALSE
probit_C3_r002_n5000,probit,5000,0.002,Stk.sym1,0.354,0.336,0.018,FALSE
probit_C3_r002_n5000,probit,5000,0.002,Stk.LR,0.298,0.291,0.00700000000000001,FALSE
probit_C3_r002_n5000,probit,5000,0.002,GiViTI,0.13,0.119,0.011,FALSE
probit_C3_r002_n5000,probit,5000,0.002,Cubic.LR,0.307,0.286,0.021,TRUE
probit_C3_r005_n5000,probit,5000,0.005,EDGE.poly3.u.Grule,0.254,0.277,-0.023,TRUE
probit_C3_r005_n5000,probit,5000,0.005,EDGE.sym.u.Grule,0.329,0.316,0.013,FALSE
probit_C3_r005_n5000,probit,5000,0.005,Stk.joint,0.252,0.269,-0.017,FALSE
probit_C3_r005_n5000,probit,5000,0.005,Stk.sym1,0.354,0.336,0.018,FALSE
probit_C3_r005_n5000,probit,5000,0.005,Stk.LR,0.278,0.291,-0.013,FALSE
probit_C3_r005_n5000,probit,5000,0.005,GiViTI,0.126,0.119,0.00700000000000001,FALSE
probit_C3_r005_n5000,probit,5000,0.005,Cubic.LR,0.283,0.286,-0.003,FALSE
probit_C3_r010_n5000,probit,5000,0.01,EDGE.poly3.u.Grule,0.271,0.277,-0.00600000000000001,FALSE
probit_C3_r010_n5000,probit,5000,0.01,EDGE.sym.u.Grule,0.319,0.316,0.003,FALSE
probit_C3_r010_n5000,probit,5000,0.01,Stk.joint,0.271,0.269,0.002,FALSE
probit_C3_r010_n5000,probit,5000,0.01,Stk.sym1,0.333,0.336,-0.003,FALSE
probit_C3_r010_n5000,probit,5000,0.01,Stk.LR,0.284,0.291,-0.00700000000000001,FALSE
probit_C3_r010_n5000,probit,5000,0.01,GiViTI,0.132,0.119,0.013,FALSE
probit_C3_r010_n5000,probit,5000,0.01,Cubic.LR,0.297,0.286,0.011,FALSE
cloglog_C3_r001_n1000,cloglog,1000,0.001,EDGE.poly3.u.Grule,0.809,0.818,-0.0089999999999999,FALSE
cloglog_C3_r001_n1000,cloglog,1000,0.001,EDGE.sym.u.Grule,0.782,0.781,0.001,FALSE
cloglog_C3_r001_n1000,cloglog,1000,0.001,Stk.joint,0.82,0.837,-0.017,FALSE
cloglog_C3_r001_n1000,cloglog,1000,0.001,Stk.sym1,0.82,0.826,-0.00600000000000001,FALSE
cloglog_C3_r001_n1000,cloglog,1000,0.001,Stk.LR,0.86,0.872,-0.012,FALSE
cloglog_C3_r001_n1000,cloglog,1000,0.001,GiViTI,0.868,0.885,-0.017,FALSE
cloglog_C3_r001_n1000,cloglog,1000,0.001,Cubic.LR,0.878,0.893,-0.015,FALSE
cloglog_C3_r002_n1000,cloglog,1000,0.002,EDGE.poly3.u.Grule,0.779,0.818,-0.0389999999999999,TRUE
cloglog_C3_r002_n1000,cloglog,1000,0.002,EDGE.sym.u.Grule,0.763,0.781,-0.018,FALSE
cloglog_C3_r002_n1000,cloglog,1000,0.002,Stk.joint,0.8,0.837,-0.0369999999999999,TRUE
cloglog_C3_r002_n1000,cloglog,1000,0.002,Stk.sym1,0.816,0.826,-0.01,FALSE
cloglog_C3_r002_n1000,cloglog,1000,0.002,Stk.LR,0.854,0.872,-0.018,FALSE
cloglog_C3_r002_n1000,cloglog,1000,0.002,GiViTI,0.85,0.885,-0.035,TRUE
cloglog_C3_r002_n1000,cloglog,1000,0.002,Cubic.LR,0.87,0.893,-0.023,TRUE
cloglog_C3_r005_n1000,cloglog,1000,0.005,EDGE.poly3.u.Grule,0.807,0.818,-0.0109999999999999,FALSE
cloglog_C3_r005_n1000,cloglog,1000,0.005,EDGE.sym.u.Grule,0.786,0.781,0.005,FALSE
cloglog_C3_r005_n1000,cloglog,1000,0.005,Stk.joint,0.809,0.837,-0.0279999999999999,TRUE
cloglog_C3_r005_n1000,cloglog,1000,0.005,Stk.sym1,0.845,0.826,0.019,FALSE
cloglog_C3_r005_n1000,cloglog,1000,0.005,Stk.LR,0.862,0.872,-0.01,FALSE
cloglog_C3_r005_n1000,cloglog,1000,0.005,GiViTI,0.877,0.885,-0.00800000000000001,FALSE
cloglog_C3_r005_n1000,cloglog,1000,0.005,Cubic.LR,0.877,0.893,-0.016,FALSE
cloglog_C3_r010_n1000,cloglog,1000,0.01,EDGE.poly3.u.Grule,0.77,0.818,-0.0479999999999999,TRUE
cloglog_C3_r010_n1000,cloglog,1000,0.01,EDGE.sym.u.Grule,0.762,0.781,-0.019,FALSE
cloglog_C3_r010_n1000,cloglog,1000,0.01,Stk.joint,0.789,0.837,-0.0479999999999999,TRUE
cloglog_C3_r010_n1000,cloglog,1000,0.01,Stk.sym1,0.807,0.826,-0.0189999999999999,FALSE
cloglog_C3_r010_n1000,cloglog,1000,0.01,Stk.LR,0.84,0.872,-0.032,TRUE
cloglog_C3_r010_n1000,cloglog,1000,0.01,GiViTI,0.842,0.885,-0.043,TRUE
cloglog_C3_r010_n1000,cloglog,1000,0.01,Cubic.LR,0.846,0.893,-0.0470000000000001,TRUE
cloglog_C3_r001_n5000,cloglog,5000,0.001,EDGE.poly3.u.Grule,1,1,0,FALSE
cloglog_C3_r001_n5000,cloglog,5000,0.001,EDGE.sym.u.Grule,1,1,0,FALSE
cloglog_C3_r001_n5000,cloglog,5000,0.001,Stk.joint,1,1,0,FALSE
cloglog_C3_r001_n5000,cloglog,5000,0.001,Stk.sym1,1,1,0,FALSE
cloglog_C3_r001_n5000,cloglog,5000,0.001,Stk.LR,1,1,0,FALSE
cloglog_C3_r001_n5000,cloglog,5000,0.001,GiViTI,1,1,0,FALSE
cloglog_C3_r001_n5000,cloglog,5000,0.001,Cubic.LR,1,1,0,FALSE
cloglog_C3_r002_n5000,cloglog,5000,0.002,EDGE.poly3.u.Grule,1,1,0,FALSE
cloglog_C3_r002_n5000,cloglog,5000,0.002,EDGE.sym.u.Grule,1,1,0,FALSE
cloglog_C3_r002_n5000,cloglog,5000,0.002,Stk.joint,1,1,0,FALSE
cloglog_C3_r002_n5000,cloglog,5000,0.002,Stk.sym1,1,1,0,FALSE
cloglog_C3_r002_n5000,cloglog,5000,0.002,Stk.LR,1,1,0,FALSE
cloglog_C3_r002_n5000,cloglog,5000,0.002,GiViTI,1,1,0,FALSE
cloglog_C3_r002_n5000,cloglog,5000,0.002,Cubic.LR,1,1,0,FALSE
cloglog_C3_r005_n5000,cloglog,5000,0.005,EDGE.poly3.u.Grule,1,1,0,FALSE
cloglog_C3_r005_n5000,cloglog,5000,0.005,EDGE.sym.u.Grule,1,1,0,FALSE
cloglog_C3_r005_n5000,cloglog,5000,0.005,Stk.joint,1,1,0,FALSE
cloglog_C3_r005_n5000,cloglog,5000,0.005,Stk.sym1,1,1,0,FALSE
cloglog_C3_r005_n5000,cloglog,5000,0.005,Stk.LR,1,1,0,FALSE
cloglog_C3_r005_n5000,cloglog,5000,0.005,GiViTI,1,1,0,FALSE
cloglog_C3_r005_n5000,cloglog,5000,0.005,Cubic.LR,1,1,0,FALSE
cloglog_C3_r010_n5000,cloglog,5000,0.01,EDGE.poly3.u.Grule,1,1,0,FALSE
cloglog_C3_r010_n5000,cloglog,5000,0.01,EDGE.sym.u.Grule,1,1,0,FALSE
cloglog_C3_r010_n5000,cloglog,5000,0.01,Stk.joint,1,1,0,FALSE
cloglog_C3_r010_n5000,cloglog,5000,0.01,Stk.sym1,1,1,0,FALSE
cloglog_C3_r010_n5000,cloglog,5000,0.01,Stk.LR,1,1,0,FALSE
cloglog_C3_r010_n5000,cloglog,5000,0.01,GiViTI,1,1,0,FALSE
cloglog_C3_r010_n5000,cloglog,5000,0.01,Cubic.LR,1,1,0,FALSE
