cell,truth,n,corruption,rate,k,b_intercept,b_x,b_d,corrupt_in_top_Grule,corrupt_in_top_G10,errors
logit_C1_r001_n1000,logit,1000,C1,0.001,1,0.00247616109798234,0.598446843326134,0.500525602032014,0.36,0.402,0
logit_C1_r002_n1000,logit,1000,C1,0.002,2,0.00133331456484754,0.598722648209094,0.50042818162964,0.777,0.845,0
logit_C1_r005_n1000,logit,1000,C1,0.005,5,-0.000230883248955204,0.588128287096883,0.503024632649659,1.88,2.03,0
logit_C1_r010_n1000,logit,1000,C1,0.01,10,-0.00109475975452839,0.576034880695263,0.502086782644984,3.771,4.075,0
logit_C2_r001_n1000,logit,1000,C2,0.001,1,-0.000980952532117872,0.595254277589581,0.483061071966172,1,1,0
logit_C2_r002_n1000,logit,1000,C2,0.002,2,0.00410373585675367,0.590282197847911,0.473187390768653,2,2,0
logit_C2_r005_n1000,logit,1000,C2,0.005,5,-0.00216679926549175,0.570350199645105,0.450720204973684,5,5,0
logit_C2_r010_n1000,logit,1000,C2,0.01,10,0.00211136469953494,0.543520083891132,0.391005791760172,9.991,10,0
logit_C3_r001_n1000,logit,1000,C3,0.001,1,0.00566297615154087,0.603536414331907,0.497694807062903,0,0,0
logit_C3_r002_n1000,logit,1000,C3,0.002,2,0.00198493948467575,0.60330071223532,0.501012789164315,0,0,0
logit_C3_r005_n1000,logit,1000,C3,0.005,5,0.000229675539413205,0.603276364979216,0.503526177870579,0,0,0
logit_C3_r010_n1000,logit,1000,C3,0.01,10,0.00299310063336011,0.60494748417237,0.497023126023679,0,0,0
logit_C4_r005_n1000,logit,1000,C4,0.005,5,0.00227945720569256,0.605346614418323,0.503501484959613,5,5,0
logit_clean_n1000,logit,1000,clean,0,0,9.04555241740111e-05,0.601930093788046,0.499683314692501,0,0,0
logit_C1_r001_n5000,logit,5000,C1,0.001,5,-0.00219302037333196,0.597325220770441,0.502051619927804,1.755,1.973,0
logit_C1_r002_n5000,logit,5000,C1,0.002,10,-0.000619547582778167,0.595421547496751,0.499193769669125,3.604,4.01,0
logit_C1_r005_n5000,logit,5000,C1,0.005,25,-0.00142037209551239,0.586569262758896,0.497831446767552,9.076,10.06,0
logit_C1_r010_n5000,logit,5000,C1,0.01,50,4.64407410042569e-05,0.574474540828356,0.493963539777611,17.769,19.799,0
logit_C2_r001_n5000,logit,5000,C2,0.001,5,0.00124472866975565,0.595160212100053,0.489051767173438,5,5,0
logit_C2_r002_n5000,logit,5000,C2,0.002,10,-0.000463645968739363,0.587767139444583,0.477108258501493,10,10,0
logit_C2_r005_n5000,logit,5000,C2,0.005,25,0.00131395527211752,0.568084165045669,0.442187778879455,25,25,0
logit_C2_r010_n5000,logit,5000,C2,0.01,50,-0.00365420428800446,0.542167441501325,0.39439758396949,25,50,0
logit_C3_r001_n5000,logit,5000,C3,0.001,5,-0.00159529511387082,0.600682607836098,0.501639521136512,0,0,0
logit_C3_r002_n5000,logit,5000,C3,0.002,10,-0.000805804921216282,0.600037587786126,0.498001849605779,0,0,0
logit_C3_r005_n5000,logit,5000,C3,0.005,25,-0.00242623350382199,0.600989733128371,0.501289363606942,0,0,0
logit_C3_r010_n5000,logit,5000,C3,0.01,50,-0.000677278133810055,0.601039004930049,0.5006356479092,0,0,0
logit_C4_r005_n5000,logit,5000,C4,0.005,25,-0.000180406762949461,0.600972800187692,0.500893244036448,12.521,25,0
logit_clean_n5000,logit,5000,clean,0,0,-0.00139764833261548,0.601460934474657,0.503693124941503,0,0,0
probit_C1_r001_n1000,probit,1000,C1,0.001,1,0.0013422362747471,1.02986282977969,0.876171381779061,0.363,0.396,0
probit_C1_r002_n1000,probit,1000,C1,0.002,2,0.000945550288206569,1.02369097492662,0.865614397032022,0.718,0.775,0
probit_C1_r005_n1000,probit,1000,C1,0.005,5,0.000452773474052029,1.01808622951194,0.863361189136135,1.847,2.012,0
probit_C1_r010_n1000,probit,1000,C1,0.01,10,0.00111147305609116,1.00148325261995,0.860301323139924,3.708,4.014,0
probit_C2_r001_n1000,probit,1000,C2,0.001,1,0.00605618963683796,1.01613577524126,0.842461573444443,1,1,0
probit_C2_r002_n1000,probit,1000,C2,0.002,2,-0.000363197768575596,1.00764536218465,0.830661050329555,2,2,0
probit_C2_r005_n1000,probit,1000,C2,0.005,5,-0.00370526410343443,0.967225902483032,0.770214622792667,5,5,0
probit_C2_r010_n1000,probit,1000,C2,0.01,10,0.00130085741134701,0.908389817191566,0.675810060793522,10,10,0
probit_C3_r001_n1000,probit,1000,C3,0.001,1,0.00093885793977674,1.02905379273577,0.873197967197145,0,0,0
probit_C3_r002_n1000,probit,1000,C3,0.002,2,0.00159402062433623,1.03180422735852,0.868928655634364,0,0,0
probit_C3_r005_n1000,probit,1000,C3,0.005,5,-0.000889810862669919,1.02970747194239,0.87125587485809,0,0,0
probit_C3_r010_n1000,probit,1000,C3,0.01,10,0.00134877197417061,1.03501832188506,0.862597393430442,0,0,0
probit_C4_r005_n1000,probit,1000,C4,0.005,5,0.00251756594648775,1.03252288779007,0.87060146760182,5,5,0
probit_clean_n1000,probit,1000,clean,0,0,-0.00439147319904693,1.02967480504299,0.876506720096869,0,0,0
probit_C1_r001_n5000,probit,5000,C1,0.001,5,-0.000526153302656624,1.02371739601936,0.872108267003222,1.836,2.021,0
probit_C1_r002_n5000,probit,5000,C1,0.002,10,0.00271801656133403,1.02107667193606,0.863251908038131,3.607,3.986,0
probit_C1_r005_n5000,probit,5000,C1,0.005,25,-0.000818437944985705,1.01149661763569,0.863665035890128,9.005,9.994,0
probit_C1_r010_n5000,probit,5000,C1,0.01,50,0.000468967749360852,0.997275581371707,0.856357870690069,17.803,19.874,0
probit_C2_r001_n5000,probit,5000,C2,0.001,5,-0.000817754599989909,1.01352475968739,0.847969804660077,5,5,0
probit_C2_r002_n5000,probit,5000,C2,0.002,10,-0.00278297277034278,1.00085285171676,0.827899680353701,10,10,0
probit_C2_r005_n5000,probit,5000,C2,0.005,25,0.00181507945474204,0.964250296827711,0.763282559162543,25,25,0
probit_C2_r010_n5000,probit,5000,C2,0.01,50,0.000973973101604509,0.905709225506598,0.670640988079792,25,50,0
probit_C3_r001_n5000,probit,5000,C3,0.001,5,-0.00056266221378187,1.02763219764015,0.868507987485689,0,0,0
probit_C3_r002_n5000,probit,5000,C3,0.002,10,-0.00202242679044638,1.02756370526702,0.870248393417722,0,0,0
probit_C3_r005_n5000,probit,5000,C3,0.005,25,-0.000485238840110703,1.02821896423798,0.870518261386798,0,0,0
probit_C3_r010_n5000,probit,5000,C3,0.01,50,-0.00192219676486288,1.02791829631764,0.866307516787488,0,0,0
probit_C4_r005_n5000,probit,5000,C4,0.005,25,0.000933869413201207,1.02887050114579,0.872177997978963,12.544,25,0
probit_clean_n5000,probit,5000,clean,0,0,0.000486912228222494,1.02817260255997,0.869397483915348,0,0,0
cloglog_C1_r001_n1000,cloglog,1000,C1,0.001,1,0.781804517439424,1.00859058789491,0.80615657297446,0.387,0.415,0
cloglog_C1_r002_n1000,cloglog,1000,C1,0.002,2,0.78083007722989,1.00808206447676,0.809646850294836,0.774,0.836,0
cloglog_C1_r005_n1000,cloglog,1000,C1,0.005,5,0.773085052206519,0.994883257161739,0.81369132708335,1.877,2.035,0
cloglog_C1_r010_n1000,cloglog,1000,C1,0.01,10,0.762388504226503,0.976556783223107,0.797691985771344,3.71,4.047,0
cloglog_C2_r001_n1000,cloglog,1000,C2,0.001,1,0.776319424552279,0.993981233799925,0.780845972168732,1,1,0
cloglog_C2_r002_n1000,cloglog,1000,C2,0.002,2,0.766418263849324,0.979341846835394,0.758794176863239,2,2,0
cloglog_C2_r005_n1000,cloglog,1000,C2,0.005,5,0.738521445847436,0.930821701561699,0.699907667630779,5,5,0
cloglog_C2_r010_n1000,cloglog,1000,C2,0.01,10,0.702518743170819,0.861759526958204,0.602763784275364,10,10,0
cloglog_C3_r001_n1000,cloglog,1000,C3,0.001,1,0.785227606492651,1.01216162709368,0.800526704110302,0,0,0
cloglog_C3_r002_n1000,cloglog,1000,C3,0.002,2,0.787526400066461,1.01268061558566,0.807211996597169,0,0,0
cloglog_C3_r005_n1000,cloglog,1000,C3,0.005,5,0.784006134221741,1.01404847657713,0.810090256122646,0,0,0
cloglog_C3_r010_n1000,cloglog,1000,C3,0.01,10,0.785354338195219,1.01420470997177,0.806497394168952,0,0,0
cloglog_C4_r005_n1000,cloglog,1000,C4,0.005,5,0.78967628362696,1.01413560062367,0.805211407035175,5,5,0
cloglog_clean_n1000,cloglog,1000,clean,0,0,0.782927901938962,1.01349939446559,0.809079185401902,0,0,0
cloglog_C1_r001_n5000,cloglog,5000,C1,0.001,5,0.780105096002262,1.00638177145283,0.802322762087393,1.811,2.007,0
cloglog_C1_r002_n5000,cloglog,5000,C1,0.002,10,0.780288532519944,1.00140411708919,0.79548330931494,3.549,3.922,0
cloglog_C1_r005_n5000,cloglog,5000,C1,0.005,25,0.775930434867533,0.98918150773391,0.794115134123466,8.853,9.835,0
cloglog_C1_r010_n5000,cloglog,5000,C1,0.01,50,0.769087194307575,0.969791459008357,0.788292564134752,17.842,19.926,0
cloglog_C2_r001_n5000,cloglog,5000,C2,0.001,5,0.775948361108283,0.991325420759883,0.77784679094484,5,5,0
cloglog_C2_r002_n5000,cloglog,5000,C2,0.002,10,0.765556268235897,0.976629866153042,0.75550190994559,10,10,0
cloglog_C2_r005_n5000,cloglog,5000,C2,0.005,25,0.739193923393275,0.928997396884922,0.693133919970605,25,25,0
cloglog_C2_r010_n5000,cloglog,5000,C2,0.01,50,0.709534282075716,0.861406896120596,0.591085106540195,25,50,0
cloglog_C3_r001_n5000,cloglog,5000,C3,0.001,5,0.785539180803447,1.00882743999387,0.795020324699364,0,0,0
cloglog_C3_r002_n5000,cloglog,5000,C3,0.002,10,0.780764060614618,1.00921713035297,0.806490628590467,0,0,0
cloglog_C3_r005_n5000,cloglog,5000,C3,0.005,25,0.782068520928266,1.00786727406158,0.802008041443486,0,0,0
cloglog_C3_r010_n5000,cloglog,5000,C3,0.01,50,0.778150647723026,1.0071177848991,0.798492503410579,0,0,0
cloglog_C4_r005_n5000,cloglog,5000,C4,0.005,25,0.782044359556757,1.00960884241805,0.802840982726044,12.538,25,0
cloglog_clean_n5000,cloglog,5000,clean,0,0,0.785708825263336,1.00938374267064,0.798966384362318,0,0,0
