cell,truth,n,corruption,rate,edge,ungrouped,edge_rate,ungrouped_rate,edge_only,ungrouped_only,p,holm_p,holm_reject
logit_C1_r001_n1000,logit,1000,C1,0.001,EDGE.poly3.u.Grule,Stk.joint,0.056,0.121,6,71,3.41832089029029e-15,1.04942451331912e-12,TRUE
logit_C1_r001_n1000,logit,1000,C1,0.001,EDGE.poly3.u.Grule,Stk.sym1,0.056,0.115,30,89,5.68828685078394e-08,1.48464286805461e-05,TRUE
logit_C1_r001_n1000,logit,1000,C1,0.001,EDGE.poly3.u.Grule,Stk.LR,0.056,0.111,9,64,2.37888991986352e-11,6.85120296920695e-09,TRUE
logit_C1_r001_n1000,logit,1000,C1,0.001,EDGE.poly3.u.Grule,GiViTI,0.056,0.089,27,60,0.000524354673795024,0.1158823829087,FALSE
logit_C1_r001_n1000,logit,1000,C1,0.001,EDGE.poly3.u.Grule,Cubic.LR,0.056,0.127,13,84,6.92617204150323e-14,2.09863012857548e-11,TRUE
logit_C1_r001_n1000,logit,1000,C1,0.001,EDGE.sym.u.Grule,Stk.joint,0.058,0.121,31,94,1.45605168821285e-08,3.85853697376406e-06,TRUE
logit_C1_r001_n1000,logit,1000,C1,0.001,EDGE.sym.u.Grule,Stk.sym1,0.058,0.115,15,72,4.26053647884675e-10,1.1759080681617e-07,TRUE
logit_C1_r001_n1000,logit,1000,C1,0.001,EDGE.sym.u.Grule,Stk.LR,0.058,0.111,29,82,4.90649023998363e-07,0.000123152905023589,TRUE
logit_C1_r001_n1000,logit,1000,C1,0.001,EDGE.sym.u.Grule,GiViTI,0.058,0.089,42,73,0.00492815385225531,0.948856189017872,FALSE
logit_C1_r001_n1000,logit,1000,C1,0.001,EDGE.sym.u.Grule,Cubic.LR,0.058,0.127,30,99,8.37384973426959e-10,2.27768712772133e-07,TRUE
logit_C1_r002_n1000,logit,1000,C1,0.002,EDGE.poly3.u.Grule,Stk.joint,0.059,0.217,10,168,3.77258117946208e-38,1.43735342937505e-35,TRUE
logit_C1_r002_n1000,logit,1000,C1,0.002,EDGE.poly3.u.Grule,Stk.sym1,0.059,0.206,19,166,1.73050504497768e-30,6.28173331326896e-28,TRUE
logit_C1_r002_n1000,logit,1000,C1,0.002,EDGE.poly3.u.Grule,Stk.LR,0.059,0.183,17,141,1.70489087724567e-25,5.96711807035983e-23,TRUE
logit_C1_r002_n1000,logit,1000,C1,0.002,EDGE.poly3.u.Grule,GiViTI,0.059,0.146,28,115,1.01750302160667e-13,3.06268409503606e-11,TRUE
logit_C1_r002_n1000,logit,1000,C1,0.002,EDGE.poly3.u.Grule,Cubic.LR,0.059,0.201,19,161,3.21340068347323e-29,1.15039744468342e-26,TRUE
logit_C1_r002_n1000,logit,1000,C1,0.002,EDGE.sym.u.Grule,Stk.joint,0.067,0.217,24,174,2.864461042918e-29,1.02834151440756e-26,TRUE
logit_C1_r002_n1000,logit,1000,C1,0.002,EDGE.sym.u.Grule,Stk.sym1,0.067,0.206,12,151,9.00230316026631e-32,3.29484295665747e-29,TRUE
logit_C1_r002_n1000,logit,1000,C1,0.002,EDGE.sym.u.Grule,Stk.LR,0.067,0.183,31,147,2.89127608176677e-19,9.51229830901268e-17,TRUE
logit_C1_r002_n1000,logit,1000,C1,0.002,EDGE.sym.u.Grule,GiViTI,0.067,0.146,38,117,1.47886855284571e-10,4.14083194796799e-08,TRUE
logit_C1_r002_n1000,logit,1000,C1,0.002,EDGE.sym.u.Grule,Cubic.LR,0.067,0.201,30,164,1.48127614626257e-23,5.08077718168061e-21,TRUE
logit_C1_r005_n1000,logit,1000,C1,0.005,EDGE.poly3.u.Grule,Stk.joint,0.057,0.398,7,348,3.69380203738527e-93,1.64374190663645e-90,TRUE
logit_C1_r005_n1000,logit,1000,C1,0.005,EDGE.poly3.u.Grule,Stk.sym1,0.057,0.367,17,327,1.46440021448541e-75,6.26763291799754e-73,TRUE
logit_C1_r005_n1000,logit,1000,C1,0.005,EDGE.poly3.u.Grule,Stk.LR,0.057,0.314,10,267,5.31900242389216e-66,2.22334301318692e-63,TRUE
logit_C1_r005_n1000,logit,1000,C1,0.005,EDGE.poly3.u.Grule,GiViTI,0.057,0.251,15,209,6.78297117352585e-45,2.65892470002213e-42,TRUE
logit_C1_r005_n1000,logit,1000,C1,0.005,EDGE.poly3.u.Grule,Cubic.LR,0.057,0.321,13,277,1.32255905995786e-65,5.5150712800243e-63,TRUE
logit_C1_r005_n1000,logit,1000,C1,0.005,EDGE.sym.u.Grule,Stk.joint,0.048,0.398,18,368,5.04116345917921e-86,2.21307075857967e-83,TRUE
logit_C1_r005_n1000,logit,1000,C1,0.005,EDGE.sym.u.Grule,Stk.sym1,0.048,0.367,16,335,8.20734881134766e-79,3.57019673293623e-76,TRUE
logit_C1_r005_n1000,logit,1000,C1,0.005,EDGE.sym.u.Grule,Stk.LR,0.048,0.314,20,286,1.86131320772434e-61,7.68722354790151e-59,TRUE
logit_C1_r005_n1000,logit,1000,C1,0.005,EDGE.sym.u.Grule,GiViTI,0.048,0.251,28,231,6.61469005826855e-41,2.54665567243339e-38,TRUE
logit_C1_r005_n1000,logit,1000,C1,0.005,EDGE.sym.u.Grule,Cubic.LR,0.048,0.321,24,297,4.86699435218222e-61,2.00520167309907e-58,TRUE
logit_C1_r010_n1000,logit,1000,C1,0.01,EDGE.poly3.u.Grule,Stk.joint,0.097,0.627,4,534,7.7305306943612e-153,3.6256188956554e-150,TRUE
logit_C1_r010_n1000,logit,1000,C1,0.01,EDGE.poly3.u.Grule,Stk.sym1,0.097,0.592,21,516,1.30307604494808e-124,6.05930360900855e-122,TRUE
logit_C1_r010_n1000,logit,1000,C1,0.01,EDGE.poly3.u.Grule,Stk.LR,0.097,0.483,19,405,2.19872107039698e-95,9.85027039537849e-93,TRUE
logit_C1_r010_n1000,logit,1000,C1,0.01,EDGE.poly3.u.Grule,GiViTI,0.097,0.397,23,323,6.88795893580211e-69,2.89983071197269e-66,TRUE
logit_C1_r010_n1000,logit,1000,C1,0.01,EDGE.poly3.u.Grule,Cubic.LR,0.097,0.482,19,404,4.20089328021966e-95,1.87779929625819e-92,TRUE
logit_C1_r010_n1000,logit,1000,C1,0.01,EDGE.sym.u.Grule,Stk.joint,0.059,0.627,12,580,4.35621239889392e-154,2.04741982748014e-151,TRUE
logit_C1_r010_n1000,logit,1000,C1,0.01,EDGE.sym.u.Grule,Stk.sym1,0.059,0.592,24,557,5.75481435133608e-133,2.68174348772261e-130,TRUE
logit_C1_r010_n1000,logit,1000,C1,0.01,EDGE.sym.u.Grule,Stk.LR,0.059,0.483,24,448,2.30301551638071e-102,1.0501750754696e-99,TRUE
logit_C1_r010_n1000,logit,1000,C1,0.01,EDGE.sym.u.Grule,GiViTI,0.059,0.397,27,365,8.20811304188614e-77,3.53769672105293e-74,TRUE
logit_C1_r010_n1000,logit,1000,C1,0.01,EDGE.sym.u.Grule,Cubic.LR,0.059,0.482,24,447,4.37237427988462e-102,1.9894302973475e-99,TRUE
logit_C3_r001_n1000,logit,1000,C3,0.001,EDGE.poly3.u.Grule,Stk.joint,0.04,0.041,5,6,1,1,FALSE
logit_C3_r001_n1000,logit,1000,C3,0.001,EDGE.poly3.u.Grule,Stk.sym1,0.04,0.034,26,20,0.461391182136767,1,FALSE
logit_C3_r001_n1000,logit,1000,C3,0.001,EDGE.poly3.u.Grule,Stk.LR,0.04,0.042,5,7,0.7744140625,1,FALSE
logit_C3_r001_n1000,logit,1000,C3,0.001,EDGE.poly3.u.Grule,GiViTI,0.04,0.043,18,21,0.749258624760841,1,FALSE
logit_C3_r001_n1000,logit,1000,C3,0.001,EDGE.poly3.u.Grule,Cubic.LR,0.04,0.046,6,12,0.237884521484375,1,FALSE
logit_C3_r001_n1000,logit,1000,C3,0.001,EDGE.sym.u.Grule,Stk.joint,0.038,0.041,22,25,0.770866994573028,1,FALSE
logit_C3_r001_n1000,logit,1000,C3,0.001,EDGE.sym.u.Grule,Stk.sym1,0.038,0.034,11,7,0.480682373046875,1,FALSE
logit_C3_r001_n1000,logit,1000,C3,0.001,EDGE.sym.u.Grule,Stk.LR,0.038,0.042,23,27,0.671811033765366,1,FALSE
logit_C3_r001_n1000,logit,1000,C3,0.001,EDGE.sym.u.Grule,GiViTI,0.038,0.043,29,34,0.614655015765464,1,FALSE
logit_C3_r001_n1000,logit,1000,C3,0.001,EDGE.sym.u.Grule,Cubic.LR,0.038,0.046,21,29,0.322236320357547,1,FALSE
logit_C3_r002_n1000,logit,1000,C3,0.002,EDGE.poly3.u.Grule,Stk.joint,0.053,0.051,6,4,0.75390625,1,FALSE
logit_C3_r002_n1000,logit,1000,C3,0.002,EDGE.poly3.u.Grule,Stk.sym1,0.053,0.047,24,18,0.440799067342597,1,FALSE
logit_C3_r002_n1000,logit,1000,C3,0.002,EDGE.poly3.u.Grule,Stk.LR,0.053,0.052,6,5,1,1,FALSE
logit_C3_r002_n1000,logit,1000,C3,0.002,EDGE.poly3.u.Grule,GiViTI,0.053,0.048,31,26,0.596641760373082,1,FALSE
logit_C3_r002_n1000,logit,1000,C3,0.002,EDGE.poly3.u.Grule,Cubic.LR,0.053,0.054,10,11,1,1,FALSE
logit_C3_r002_n1000,logit,1000,C3,0.002,EDGE.sym.u.Grule,Stk.joint,0.041,0.051,17,27,0.174171147270727,1,FALSE
logit_C3_r002_n1000,logit,1000,C3,0.002,EDGE.sym.u.Grule,Stk.sym1,0.041,0.047,5,11,0.210113525390625,1,FALSE
logit_C3_r002_n1000,logit,1000,C3,0.002,EDGE.sym.u.Grule,Stk.LR,0.041,0.052,17,28,0.135156450845671,1,FALSE
logit_C3_r002_n1000,logit,1000,C3,0.002,EDGE.sym.u.Grule,GiViTI,0.041,0.048,36,43,0.499896876860328,1,FALSE
logit_C3_r002_n1000,logit,1000,C3,0.002,EDGE.sym.u.Grule,Cubic.LR,0.041,0.054,15,28,0.0659940344557982,1,FALSE
logit_C3_r005_n1000,logit,1000,C3,0.005,EDGE.poly3.u.Grule,Stk.joint,0.051,0.051,8,8,1,1,FALSE
logit_C3_r005_n1000,logit,1000,C3,0.005,EDGE.poly3.u.Grule,Stk.sym1,0.051,0.051,24,24,1,1,FALSE
logit_C3_r005_n1000,logit,1000,C3,0.005,EDGE.poly3.u.Grule,Stk.LR,0.051,0.053,6,8,0.79052734375,1,FALSE
logit_C3_r005_n1000,logit,1000,C3,0.005,EDGE.poly3.u.Grule,GiViTI,0.051,0.05,27,26,1,1,FALSE
logit_C3_r005_n1000,logit,1000,C3,0.005,EDGE.poly3.u.Grule,Cubic.LR,0.051,0.047,8,4,0.3876953125,1,FALSE
logit_C3_r005_n1000,logit,1000,C3,0.005,EDGE.sym.u.Grule,Stk.joint,0.046,0.051,23,28,0.575849347731848,1,FALSE
logit_C3_r005_n1000,logit,1000,C3,0.005,EDGE.sym.u.Grule,Stk.sym1,0.046,0.051,8,13,0.383310317993164,1,FALSE
logit_C3_r005_n1000,logit,1000,C3,0.005,EDGE.sym.u.Grule,Stk.LR,0.046,0.053,21,28,0.391602910547491,1,FALSE
logit_C3_r005_n1000,logit,1000,C3,0.005,EDGE.sym.u.Grule,GiViTI,0.046,0.05,36,40,0.731008882222607,1,FALSE
logit_C3_r005_n1000,logit,1000,C3,0.005,EDGE.sym.u.Grule,Cubic.LR,0.046,0.047,21,22,1,1,FALSE
logit_C3_r010_n1000,logit,1000,C3,0.01,EDGE.poly3.u.Grule,Stk.joint,0.05,0.051,10,11,1,1,FALSE
logit_C3_r010_n1000,logit,1000,C3,0.01,EDGE.poly3.u.Grule,Stk.sym1,0.05,0.052,30,32,0.899076313652861,1,FALSE
logit_C3_r010_n1000,logit,1000,C3,0.01,EDGE.poly3.u.Grule,Stk.LR,0.05,0.055,9,14,0.404872894287109,1,FALSE
logit_C3_r010_n1000,logit,1000,C3,0.01,EDGE.poly3.u.Grule,GiViTI,0.05,0.051,24,25,0.999999999999998,1,FALSE
logit_C3_r010_n1000,logit,1000,C3,0.01,EDGE.poly3.u.Grule,Cubic.LR,0.05,0.047,10,7,0.629058837890625,1,FALSE
logit_C3_r010_n1000,logit,1000,C3,0.01,EDGE.sym.u.Grule,Stk.joint,0.051,0.051,30,30,1,1,FALSE
logit_C3_r010_n1000,logit,1000,C3,0.01,EDGE.sym.u.Grule,Stk.sym1,0.051,0.052,12,13,1,1,FALSE
logit_C3_r010_n1000,logit,1000,C3,0.01,EDGE.sym.u.Grule,Stk.LR,0.051,0.055,26,30,0.688879760723341,1,FALSE
logit_C3_r010_n1000,logit,1000,C3,0.01,EDGE.sym.u.Grule,GiViTI,0.051,0.051,42,42,1,1,FALSE
logit_C3_r010_n1000,logit,1000,C3,0.01,EDGE.sym.u.Grule,Cubic.LR,0.051,0.047,27,23,0.671811033765366,1,FALSE
logit_C1_r001_n5000,logit,5000,C1,0.001,EDGE.poly3.u.Grule,Stk.joint,0.05,0.252,11,213,1.08727691769722e-49,4.35998043996587e-47,TRUE
logit_C1_r001_n5000,logit,5000,C1,0.001,EDGE.poly3.u.Grule,Stk.sym1,0.05,0.222,23,195,3.80212161060371e-35,1.41438923914458e-32,TRUE
logit_C1_r001_n5000,logit,5000,C1,0.001,EDGE.poly3.u.Grule,Stk.LR,0.05,0.224,17,191,1.95443895007701e-38,7.46595678929417e-36,TRUE
logit_C1_r001_n5000,logit,5000,C1,0.001,EDGE.poly3.u.Grule,GiViTI,0.05,0.187,21,158,3.54051918846311e-27,1.24272223515055e-24,TRUE
logit_C1_r001_n5000,logit,5000,C1,0.001,EDGE.poly3.u.Grule,Cubic.LR,0.05,0.272,18,240,1.01876741865231e-50,4.1056326971688e-48,TRUE
logit_C1_r001_n5000,logit,5000,C1,0.001,EDGE.sym.u.Grule,Stk.joint,0.045,0.252,22,229,1.3072732777068e-44,5.11143851583358e-42,TRUE
logit_C1_r001_n5000,logit,5000,C1,0.001,EDGE.sym.u.Grule,Stk.sym1,0.045,0.222,11,188,9.68221040015836e-43,3.75669763526145e-40,TRUE
logit_C1_r001_n5000,logit,5000,C1,0.001,EDGE.sym.u.Grule,Stk.LR,0.045,0.224,25,204,4.32634191807268e-36,1.61372553544111e-33,TRUE
logit_C1_r001_n5000,logit,5000,C1,0.001,EDGE.sym.u.Grule,GiViTI,0.045,0.187,33,175,1.47485824168011e-24,5.10300951621319e-22,TRUE
logit_C1_r001_n5000,logit,5000,C1,0.001,EDGE.sym.u.Grule,Cubic.LR,0.045,0.272,25,252,2.2241270355462e-48,8.8297843311184e-46,TRUE
logit_C1_r002_n5000,logit,5000,C1,0.002,EDGE.poly3.u.Grule,Stk.joint,0.06,0.472,2,414,1.02507630895476e-120,4.75635407355006e-118,TRUE
logit_C1_r002_n5000,logit,5000,C1,0.002,EDGE.poly3.u.Grule,Stk.sym1,0.06,0.42,25,385,5.15670736076747e-84,2.25863782401615e-81,TRUE
logit_C1_r002_n5000,logit,5000,C1,0.002,EDGE.poly3.u.Grule,Stk.LR,0.06,0.408,6,354,2.51134838820768e-96,1.13010677469345e-93,TRUE
logit_C1_r002_n5000,logit,5000,C1,0.002,EDGE.poly3.u.Grule,GiViTI,0.06,0.312,18,270,7.26600890622254e-59,2.97906365155124e-56,TRUE
logit_C1_r002_n5000,logit,5000,C1,0.002,EDGE.poly3.u.Grule,Cubic.LR,0.06,0.447,16,403,4.96392994376002e-98,2.24369633457953e-95,TRUE
logit_C1_r002_n5000,logit,5000,C1,0.002,EDGE.sym.u.Grule,Stk.joint,0.052,0.472,16,436,1.97963856901498e-107,9.10633741746893e-105,TRUE
logit_C1_r002_n5000,logit,5000,C1,0.002,EDGE.sym.u.Grule,Stk.sym1,0.052,0.42,24,392,7.44131735021151e-87,3.28162095144328e-84,TRUE
logit_C1_r002_n5000,logit,5000,C1,0.002,EDGE.sym.u.Grule,Stk.LR,0.052,0.408,20,376,2.96928731621513e-86,1.30648641913466e-83,TRUE
logit_C1_r002_n5000,logit,5000,C1,0.002,EDGE.sym.u.Grule,GiViTI,0.052,0.312,29,289,4.68889237786658e-55,1.9083791977917e-52,TRUE
logit_C1_r002_n5000,logit,5000,C1,0.002,EDGE.sym.u.Grule,Cubic.LR,0.052,0.447,24,419,2.60446406773308e-94,1.16159097420896e-91,TRUE
logit_C1_r005_n5000,logit,5000,C1,0.005,EDGE.poly3.u.Grule,Stk.joint,0.151,0.801,0,650,4.2808776347822e-196,2.05054038706068e-193,TRUE
logit_C1_r005_n5000,logit,5000,C1,0.005,EDGE.poly3.u.Grule,Stk.sym1,0.151,0.784,5,638,4.98026648886938e-182,2.37558711519069e-179,TRUE
logit_C1_r005_n5000,logit,5000,C1,0.005,EDGE.poly3.u.Grule,Stk.LR,0.151,0.744,1,594,9.19239833344886e-177,4.36638920838821e-174,TRUE
logit_C1_r005_n5000,logit,5000,C1,0.005,EDGE.poly3.u.Grule,GiViTI,0.151,0.575,31,455,9.48739709843175e-98,4.27881609139272e-95,TRUE
logit_C1_r005_n5000,logit,5000,C1,0.005,EDGE.poly3.u.Grule,Cubic.LR,0.151,0.753,7,609,4.80101850581356e-170,2.27088175324981e-167,TRUE
logit_C1_r005_n5000,logit,5000,C1,0.005,EDGE.sym.u.Grule,Stk.joint,0.099,0.801,6,708,4.21704398533088e-201,2.02418111295882e-198,TRUE
logit_C1_r005_n5000,logit,5000,C1,0.005,EDGE.sym.u.Grule,Stk.sym1,0.099,0.784,6,691,4.78181270405923e-196,2.28570647254031e-193,TRUE
logit_C1_r005_n5000,logit,5000,C1,0.005,EDGE.sym.u.Grule,Stk.LR,0.099,0.744,9,654,3.42229860002218e-180,1.62901413361056e-177,TRUE
logit_C1_r005_n5000,logit,5000,C1,0.005,EDGE.sym.u.Grule,GiViTI,0.099,0.575,40,516,1.69966815796865e-106,7.78448016349642e-104,TRUE
logit_C1_r005_n5000,logit,5000,C1,0.005,EDGE.sym.u.Grule,Cubic.LR,0.099,0.753,15,669,5.60439541935826e-176,2.65648342877581e-173,TRUE
logit_C1_r010_n5000,logit,5000,C1,0.01,EDGE.poly3.u.Grule,Stk.joint,0.74,0.98,1,241,6.87665630048407e-71,2.92257892770573e-68,TRUE
logit_C1_r010_n5000,logit,5000,C1,0.01,EDGE.poly3.u.Grule,Stk.sym1,0.74,0.977,5,242,6.64086665812903e-65,2.75595966312355e-62,TRUE
logit_C1_r010_n5000,logit,5000,C1,0.01,EDGE.poly3.u.Grule,Stk.LR,0.74,0.956,5,221,8.91483472008676e-59,3.64616740051548e-56,TRUE
logit_C1_r010_n5000,logit,5000,C1,0.01,EDGE.poly3.u.Grule,GiViTI,0.74,0.869,40,169,4.58590328075257e-20,1.5179339859291e-17,TRUE
logit_C1_r010_n5000,logit,5000,C1,0.01,EDGE.poly3.u.Grule,Cubic.LR,0.74,0.954,9,223,1.38418401054203e-54,5.61978708280065e-52,TRUE
logit_C1_r010_n5000,logit,5000,C1,0.01,EDGE.sym.u.Grule,Stk.joint,0.745,0.98,4,239,2.03914292969774e-65,8.4828345875426e-63,TRUE
logit_C1_r010_n5000,logit,5000,C1,0.01,EDGE.sym.u.Grule,Stk.sym1,0.745,0.977,4,236,1.55208160042082e-64,6.4256178257422e-62,TRUE
logit_C1_r010_n5000,logit,5000,C1,0.01,EDGE.sym.u.Grule,Stk.LR,0.745,0.956,11,222,3.30041224549217e-52,1.33666695942433e-49,TRUE
logit_C1_r010_n5000,logit,5000,C1,0.01,EDGE.sym.u.Grule,GiViTI,0.745,0.869,63,187,1.88093126379155e-15,5.83088691775381e-13,TRUE
logit_C1_r010_n5000,logit,5000,C1,0.01,EDGE.sym.u.Grule,Cubic.LR,0.745,0.954,15,224,5.61512402605002e-49,2.24043448639396e-46,TRUE
logit_C3_r001_n5000,logit,5000,C3,0.001,EDGE.poly3.u.Grule,Stk.joint,0.038,0.039,0,1,1,1,FALSE
logit_C3_r001_n5000,logit,5000,C3,0.001,EDGE.poly3.u.Grule,Stk.sym1,0.038,0.056,15,33,0.0132832815622451,1,FALSE
logit_C3_r001_n5000,logit,5000,C3,0.001,EDGE.poly3.u.Grule,Stk.LR,0.038,0.039,0,1,1,1,FALSE
logit_C3_r001_n5000,logit,5000,C3,0.001,EDGE.poly3.u.Grule,GiViTI,0.038,0.045,19,26,0.371298034471012,1,FALSE
logit_C3_r001_n5000,logit,5000,C3,0.001,EDGE.poly3.u.Grule,Cubic.LR,0.038,0.044,4,10,0.1795654296875,1,FALSE
logit_C3_r001_n5000,logit,5000,C3,0.001,EDGE.sym.u.Grule,Stk.joint,0.06,0.039,35,14,0.0038016544097488,0.752727573130262,FALSE
logit_C3_r001_n5000,logit,5000,C3,0.001,EDGE.sym.u.Grule,Stk.sym1,0.06,0.056,11,7,0.480682373046875,1,FALSE
logit_C3_r001_n5000,logit,5000,C3,0.001,EDGE.sym.u.Grule,Stk.LR,0.06,0.039,35,14,0.0038016544097488,0.752727573130262,FALSE
logit_C3_r001_n5000,logit,5000,C3,0.001,EDGE.sym.u.Grule,GiViTI,0.06,0.045,48,33,0.119273668311764,1,FALSE
logit_C3_r001_n5000,logit,5000,C3,0.001,EDGE.sym.u.Grule,Cubic.LR,0.06,0.044,33,17,0.0328391375642686,1,FALSE
logit_C3_r002_n5000,logit,5000,C3,0.002,EDGE.poly3.u.Grule,Stk.joint,0.048,0.048,4,4,1,1,FALSE
logit_C3_r002_n5000,logit,5000,C3,0.002,EDGE.poly3.u.Grule,Stk.sym1,0.048,0.045,24,21,0.765991824244795,1,FALSE
logit_C3_r002_n5000,logit,5000,C3,0.002,EDGE.poly3.u.Grule,Stk.LR,0.048,0.049,6,7,1,1,FALSE
logit_C3_r002_n5000,logit,5000,C3,0.002,EDGE.poly3.u.Grule,GiViTI,0.048,0.045,25,22,0.770866994573028,1,FALSE
logit_C3_r002_n5000,logit,5000,C3,0.002,EDGE.poly3.u.Grule,Cubic.LR,0.048,0.043,8,3,0.2265625,1,FALSE
logit_C3_r002_n5000,logit,5000,C3,0.002,EDGE.sym.u.Grule,Stk.joint,0.051,0.048,29,26,0.787706189670045,1,FALSE
logit_C3_r002_n5000,logit,5000,C3,0.002,EDGE.sym.u.Grule,Stk.sym1,0.051,0.045,9,3,0.14599609375,1,FALSE
logit_C3_r002_n5000,logit,5000,C3,0.002,EDGE.sym.u.Grule,Stk.LR,0.051,0.049,29,27,0.893853094835023,1,FALSE
logit_C3_r002_n5000,logit,5000,C3,0.002,EDGE.sym.u.Grule,GiViTI,0.051,0.045,43,37,0.576430626188395,1,FALSE
logit_C3_r002_n5000,logit,5000,C3,0.002,EDGE.sym.u.Grule,Cubic.LR,0.051,0.043,28,20,0.31232680747327,1,FALSE
logit_C3_r005_n5000,logit,5000,C3,0.005,EDGE.poly3.u.Grule,Stk.joint,0.049,0.047,3,1,0.625,1,FALSE
logit_C3_r005_n5000,logit,5000,C3,0.005,EDGE.poly3.u.Grule,Stk.sym1,0.049,0.043,25,19,0.451380832396126,1,FALSE
logit_C3_r005_n5000,logit,5000,C3,0.005,EDGE.poly3.u.Grule,Stk.LR,0.049,0.047,3,1,0.625,1,FALSE
logit_C3_r005_n5000,logit,5000,C3,0.005,EDGE.poly3.u.Grule,GiViTI,0.049,0.048,31,30,1,1,FALSE
logit_C3_r005_n5000,logit,5000,C3,0.005,EDGE.poly3.u.Grule,Cubic.LR,0.049,0.043,9,3,0.14599609375,1,FALSE
logit_C3_r005_n5000,logit,5000,C3,0.005,EDGE.sym.u.Grule,Stk.joint,0.047,0.047,24,24,1,1,FALSE
logit_C3_r005_n5000,logit,5000,C3,0.005,EDGE.sym.u.Grule,Stk.sym1,0.047,0.043,10,6,0.454498291015625,1,FALSE
logit_C3_r005_n5000,logit,5000,C3,0.005,EDGE.sym.u.Grule,Stk.LR,0.047,0.047,24,24,1,1,FALSE
logit_C3_r005_n5000,logit,5000,C3,0.005,EDGE.sym.u.Grule,GiViTI,0.047,0.048,40,41,1,1,FALSE
logit_C3_r005_n5000,logit,5000,C3,0.005,EDGE.sym.u.Grule,Cubic.LR,0.047,0.043,25,21,0.658738077023657,1,FALSE
logit_C3_r010_n5000,logit,5000,C3,0.01,EDGE.poly3.u.Grule,Stk.joint,0.047,0.048,3,4,1,1,FALSE
logit_C3_r010_n5000,logit,5000,C3,0.01,EDGE.poly3.u.Grule,Stk.sym1,0.047,0.05,24,27,0.779767930553075,1,FALSE
logit_C3_r010_n5000,logit,5000,C3,0.01,EDGE.poly3.u.Grule,Stk.LR,0.047,0.051,3,7,0.34375,1,FALSE
logit_C3_r010_n5000,logit,5000,C3,0.01,EDGE.poly3.u.Grule,GiViTI,0.047,0.04,26,19,0.371298034471012,1,FALSE
logit_C3_r010_n5000,logit,5000,C3,0.01,EDGE.poly3.u.Grule,Cubic.LR,0.047,0.046,4,3,1,1,FALSE
logit_C3_r010_n5000,logit,5000,C3,0.01,EDGE.sym.u.Grule,Stk.joint,0.047,0.048,24,25,0.999999999999998,1,FALSE
logit_C3_r010_n5000,logit,5000,C3,0.01,EDGE.sym.u.Grule,Stk.sym1,0.047,0.05,9,12,0.663623809814453,1,FALSE
logit_C3_r010_n5000,logit,5000,C3,0.01,EDGE.sym.u.Grule,Stk.LR,0.047,0.051,24,28,0.677808639142461,1,FALSE
logit_C3_r010_n5000,logit,5000,C3,0.01,EDGE.sym.u.Grule,GiViTI,0.047,0.04,37,30,0.463817617896872,1,FALSE
logit_C3_r010_n5000,logit,5000,C3,0.01,EDGE.sym.u.Grule,Cubic.LR,0.047,0.046,24,23,0.999999999999997,1,FALSE
probit_C1_r001_n1000,probit,1000,C1,0.001,EDGE.poly3.u.Grule,Stk.joint,0.069,0.123,5,59,9.00281693812234e-13,2.66483381368421e-10,TRUE
probit_C1_r001_n1000,probit,1000,C1,0.001,EDGE.poly3.u.Grule,Stk.sym1,0.069,0.12,25,76,3.72314232775415e-07,9.41955008921801e-05,TRUE
probit_C1_r001_n1000,probit,1000,C1,0.001,EDGE.poly3.u.Grule,Stk.LR,0.069,0.124,10,65,5.15420880824655e-11,1.46379530154202e-08,TRUE
probit_C1_r001_n1000,probit,1000,C1,0.001,EDGE.poly3.u.Grule,GiViTI,0.069,0.103,39,73,0.00169468225471825,0.354613995271415,FALSE
probit_C1_r001_n1000,probit,1000,C1,0.001,EDGE.poly3.u.Grule,Cubic.LR,0.069,0.146,12,89,1.08272143478847e-15,3.36726366219215e-13,TRUE
probit_C1_r001_n1000,probit,1000,C1,0.001,EDGE.sym.u.Grule,Stk.joint,0.071,0.123,31,83,1.18033794429163e-06,0.000293904148128616,TRUE
probit_C1_r001_n1000,probit,1000,C1,0.001,EDGE.sym.u.Grule,Stk.sym1,0.071,0.12,17,66,5.60293138505289e-08,1.46796802288386e-05,TRUE
probit_C1_r001_n1000,probit,1000,C1,0.001,EDGE.sym.u.Grule,Stk.LR,0.071,0.124,27,80,2.87737462890791e-07,7.33730530371518e-05,TRUE
probit_C1_r001_n1000,probit,1000,C1,0.001,EDGE.sym.u.Grule,GiViTI,0.071,0.103,57,89,0.0100564755669253,1,FALSE
probit_C1_r001_n1000,probit,1000,C1,0.001,EDGE.sym.u.Grule,Cubic.LR,0.071,0.146,17,92,1.22655355433184e-13,3.67966066299553e-11,TRUE
probit_C1_r002_n1000,probit,1000,C1,0.002,EDGE.poly3.u.Grule,Stk.joint,0.065,0.171,4,110,6.66361745922277e-28,2.35892058056486e-25,TRUE
probit_C1_r002_n1000,probit,1000,C1,0.002,EDGE.poly3.u.Grule,Stk.sym1,0.065,0.173,18,126,3.81233125511893e-21,1.28094330171996e-18,TRUE
probit_C1_r002_n1000,probit,1000,C1,0.002,EDGE.poly3.u.Grule,Stk.LR,0.065,0.167,6,108,2.71618645163127e-25,9.45232885167681e-23,TRUE
probit_C1_r002_n1000,probit,1000,C1,0.002,EDGE.poly3.u.Grule,GiViTI,0.065,0.141,39,115,6.77663988478944e-10,1.85002268854752e-07,TRUE
probit_C1_r002_n1000,probit,1000,C1,0.002,EDGE.poly3.u.Grule,Cubic.LR,0.065,0.191,9,135,5.45655345189341e-30,1.96981579613352e-27,TRUE
probit_C1_r002_n1000,probit,1000,C1,0.002,EDGE.sym.u.Grule,Stk.joint,0.067,0.171,27,131,1.37859377398949e-17,4.37014226354669e-15,TRUE
probit_C1_r002_n1000,probit,1000,C1,0.002,EDGE.sym.u.Grule,Stk.sym1,0.067,0.173,11,117,1.57567926375035e-23,5.38882308202621e-21,TRUE
probit_C1_r002_n1000,probit,1000,C1,0.002,EDGE.sym.u.Grule,Stk.LR,0.067,0.167,24,124,1.89257955080098e-17,5.98055138053109e-15,TRUE
probit_C1_r002_n1000,probit,1000,C1,0.002,EDGE.sym.u.Grule,GiViTI,0.067,0.141,55,129,4.9248320896266e-08,1.2952308395718e-05,TRUE
probit_C1_r002_n1000,probit,1000,C1,0.002,EDGE.sym.u.Grule,Cubic.LR,0.067,0.191,18,142,4.27176642551091e-25,1.48230294965229e-22,TRUE
probit_C1_r005_n1000,probit,1000,C1,0.005,EDGE.poly3.u.Grule,Stk.joint,0.072,0.28,10,218,4.15948908341618e-52,1.68043358970014e-49,TRUE
probit_C1_r005_n1000,probit,1000,C1,0.005,EDGE.poly3.u.Grule,Stk.sym1,0.072,0.242,31,201,1.0906446435809e-31,3.98085294907029e-29,TRUE
probit_C1_r005_n1000,probit,1000,C1,0.005,EDGE.poly3.u.Grule,Stk.LR,0.072,0.256,7,191,1.09845350051115e-47,4.34987586202415e-45,TRUE
probit_C1_r005_n1000,probit,1000,C1,0.005,EDGE.poly3.u.Grule,GiViTI,0.072,0.233,39,200,2.95443777614682e-27,1.03996209720368e-24,TRUE
probit_C1_r005_n1000,probit,1000,C1,0.005,EDGE.poly3.u.Grule,Cubic.LR,0.072,0.258,17,203,1.27839147995989e-41,4.94737502744477e-39,TRUE
probit_C1_r005_n1000,probit,1000,C1,0.005,EDGE.sym.u.Grule,Stk.joint,0.057,0.28,20,243,7.21580885873154e-50,2.90075516121008e-47,TRUE
probit_C1_r005_n1000,probit,1000,C1,0.005,EDGE.sym.u.Grule,Stk.sym1,0.057,0.242,19,204,2.53156372556793e-40,9.72120470618084e-38,TRUE
probit_C1_r005_n1000,probit,1000,C1,0.005,EDGE.sym.u.Grule,Stk.LR,0.057,0.256,16,215,1.15527017785673e-45,4.55176450075551e-43,TRUE
probit_C1_r005_n1000,probit,1000,C1,0.005,EDGE.sym.u.Grule,GiViTI,0.057,0.233,36,212,1.56724907123666e-31,5.70478661930145e-29,TRUE
probit_C1_r005_n1000,probit,1000,C1,0.005,EDGE.sym.u.Grule,Cubic.LR,0.057,0.258,16,217,3.32842715309879e-46,1.31472872547402e-43,TRUE
probit_C1_r010_n1000,probit,1000,C1,0.01,EDGE.poly3.u.Grule,Stk.joint,0.056,0.44,4,388,1.94095117525704e-109,8.96719442968751e-107,TRUE
probit_C1_r010_n1000,probit,1000,C1,0.01,EDGE.poly3.u.Grule,Stk.sym1,0.056,0.379,18,341,1.78587834330009e-78,7.71499444305639e-76,TRUE
probit_C1_r010_n1000,probit,1000,C1,0.01,EDGE.poly3.u.Grule,Stk.LR,0.056,0.364,4,312,6.18556476317927e-87,2.73401962532524e-84,TRUE
probit_C1_r010_n1000,probit,1000,C1,0.01,EDGE.poly3.u.Grule,GiViTI,0.056,0.348,20,312,1.48157174658461e-68,6.22260133565536e-66,TRUE
probit_C1_r010_n1000,probit,1000,C1,0.01,EDGE.poly3.u.Grule,Cubic.LR,0.056,0.354,9,307,1.19091516910281e-78,5.15666268221515e-76,TRUE
probit_C1_r010_n1000,probit,1000,C1,0.01,EDGE.sym.u.Grule,Stk.joint,0.051,0.44,15,404,1.96068837664654e-99,8.90152522997529e-97,TRUE
probit_C1_r010_n1000,probit,1000,C1,0.01,EDGE.sym.u.Grule,Stk.sym1,0.051,0.379,16,344,2.42169986580513e-81,1.05828284135684e-78,TRUE
probit_C1_r010_n1000,probit,1000,C1,0.01,EDGE.sym.u.Grule,Stk.LR,0.051,0.364,14,327,1.17321555430646e-78,5.09175550569005e-76,TRUE
probit_C1_r010_n1000,probit,1000,C1,0.01,EDGE.sym.u.Grule,GiViTI,0.051,0.348,26,323,2.34931535923123e-66,9.84363135517886e-64,TRUE
probit_C1_r010_n1000,probit,1000,C1,0.01,EDGE.sym.u.Grule,Cubic.LR,0.051,0.354,15,318,4.5716998432514e-75,1.95211583306835e-72,TRUE
probit_C3_r001_n1000,probit,1000,C3,0.001,EDGE.poly3.u.Grule,Stk.joint,0.078,0.075,8,5,0.5810546875,1,FALSE
probit_C3_r001_n1000,probit,1000,C3,0.001,EDGE.poly3.u.Grule,Stk.sym1,0.078,0.105,21,48,0.00155031694948686,0.327116876341728,FALSE
probit_C3_r001_n1000,probit,1000,C3,0.001,EDGE.poly3.u.Grule,Stk.LR,0.078,0.094,3,19,0.000855445861816406,0.186487197875977,FALSE
probit_C3_r001_n1000,probit,1000,C3,0.001,EDGE.poly3.u.Grule,GiViTI,0.078,0.055,50,27,0.011672721024383,1,FALSE
probit_C3_r001_n1000,probit,1000,C3,0.001,EDGE.poly3.u.Grule,Cubic.LR,0.078,0.1,10,32,0.000940674028242939,0.202244916072232,FALSE
probit_C3_r001_n1000,probit,1000,C3,0.001,EDGE.sym.u.Grule,Stk.joint,0.081,0.075,36,30,0.538582775245947,1,FALSE
probit_C3_r001_n1000,probit,1000,C3,0.001,EDGE.sym.u.Grule,Stk.sym1,0.081,0.105,12,36,0.000717269673394583,0.157082058473414,FALSE
probit_C3_r001_n1000,probit,1000,C3,0.001,EDGE.sym.u.Grule,Stk.LR,0.081,0.094,27,40,0.142071379426376,1,FALSE
probit_C3_r001_n1000,probit,1000,C3,0.001,EDGE.sym.u.Grule,GiViTI,0.081,0.055,67,41,0.0157492911491274,1,FALSE
probit_C3_r001_n1000,probit,1000,C3,0.001,EDGE.sym.u.Grule,Cubic.LR,0.081,0.1,18,37,0.0144538335338278,1,FALSE
probit_C3_r002_n1000,probit,1000,C3,0.002,EDGE.poly3.u.Grule,Stk.joint,0.083,0.077,9,3,0.14599609375,1,FALSE
probit_C3_r002_n1000,probit,1000,C3,0.002,EDGE.poly3.u.Grule,Stk.sym1,0.083,0.096,29,42,0.153912769326457,1,FALSE
probit_C3_r002_n1000,probit,1000,C3,0.002,EDGE.poly3.u.Grule,Stk.LR,0.083,0.098,4,19,0.00259947776794434,0.5276939868927,FALSE
probit_C3_r002_n1000,probit,1000,C3,0.002,EDGE.poly3.u.Grule,GiViTI,0.083,0.063,52,32,0.0375295336344133,1,FALSE
probit_C3_r002_n1000,probit,1000,C3,0.002,EDGE.poly3.u.Grule,Cubic.LR,0.083,0.097,9,23,0.0200616070069373,1,FALSE
probit_C3_r002_n1000,probit,1000,C3,0.002,EDGE.sym.u.Grule,Stk.joint,0.08,0.077,35,32,0.807194691367029,1,FALSE
probit_C3_r002_n1000,probit,1000,C3,0.002,EDGE.sym.u.Grule,Stk.sym1,0.08,0.096,12,28,0.0165890033749747,1,FALSE
probit_C3_r002_n1000,probit,1000,C3,0.002,EDGE.sym.u.Grule,Stk.LR,0.08,0.098,27,45,0.0443709200080259,1,FALSE
probit_C3_r002_n1000,probit,1000,C3,0.002,EDGE.sym.u.Grule,GiViTI,0.08,0.063,68,51,0.142132028075059,1,FALSE
probit_C3_r002_n1000,probit,1000,C3,0.002,EDGE.sym.u.Grule,Cubic.LR,0.08,0.097,24,41,0.0463534743329114,1,FALSE
probit_C3_r005_n1000,probit,1000,C3,0.005,EDGE.poly3.u.Grule,Stk.joint,0.078,0.069,12,3,0.03515625,1,FALSE
probit_C3_r005_n1000,probit,1000,C3,0.005,EDGE.poly3.u.Grule,Stk.sym1,0.078,0.1,24,46,0.0115264096543635,1,FALSE
probit_C3_r005_n1000,probit,1000,C3,0.005,EDGE.poly3.u.Grule,Stk.LR,0.078,0.097,5,24,0.000546112656593324,0.120144784450531,FALSE
probit_C3_r005_n1000,probit,1000,C3,0.005,EDGE.poly3.u.Grule,GiViTI,0.078,0.051,50,23,0.00211817274640063,0.436343585758529,FALSE
probit_C3_r005_n1000,probit,1000,C3,0.005,EDGE.poly3.u.Grule,Cubic.LR,0.078,0.101,9,32,0.000430857042374556,0.096942834534275,FALSE
probit_C3_r005_n1000,probit,1000,C3,0.005,EDGE.sym.u.Grule,Stk.joint,0.085,0.069,44,28,0.0763691546718314,1,FALSE
probit_C3_r005_n1000,probit,1000,C3,0.005,EDGE.sym.u.Grule,Stk.sym1,0.085,0.1,12,27,0.023702702470473,1,FALSE
probit_C3_r005_n1000,probit,1000,C3,0.005,EDGE.sym.u.Grule,Stk.LR,0.085,0.097,29,41,0.188216203023029,1,FALSE
probit_C3_r005_n1000,probit,1000,C3,0.005,EDGE.sym.u.Grule,GiViTI,0.085,0.051,75,41,0.00204932925228526,0.424211155223048,FALSE
probit_C3_r005_n1000,probit,1000,C3,0.005,EDGE.sym.u.Grule,Cubic.LR,0.085,0.101,22,38,0.0518938959289215,1,FALSE
probit_C3_r010_n1000,probit,1000,C3,0.01,EDGE.poly3.u.Grule,Stk.joint,0.072,0.074,4,6,0.75390625,1,FALSE
probit_C3_r010_n1000,probit,1000,C3,0.01,EDGE.poly3.u.Grule,Stk.sym1,0.072,0.096,25,49,0.00708425267388049,1,FALSE
probit_C3_r010_n1000,probit,1000,C3,0.01,EDGE.poly3.u.Grule,Stk.LR,0.072,0.097,1,26,4.17232513427736e-07,0.00010514259338379,TRUE
probit_C3_r010_n1000,probit,1000,C3,0.01,EDGE.poly3.u.Grule,GiViTI,0.072,0.048,49,25,0.00708425267388049,1,FALSE
probit_C3_r010_n1000,probit,1000,C3,0.01,EDGE.poly3.u.Grule,Cubic.LR,0.072,0.096,3,27,8.43033194541932e-06,0.00203170999884606,TRUE
probit_C3_r010_n1000,probit,1000,C3,0.01,EDGE.sym.u.Grule,Stk.joint,0.067,0.074,30,37,0.463817617896872,1,FALSE
probit_C3_r010_n1000,probit,1000,C3,0.01,EDGE.sym.u.Grule,Stk.sym1,0.067,0.096,7,36,8.96303936315236e-06,0.00215112944715657,TRUE
probit_C3_r010_n1000,probit,1000,C3,0.01,EDGE.sym.u.Grule,Stk.LR,0.067,0.097,18,48,0.00028711844966164,0.0651758880731923,FALSE
probit_C3_r010_n1000,probit,1000,C3,0.01,EDGE.sym.u.Grule,GiViTI,0.067,0.048,59,40,0.0699005736949464,1,FALSE
probit_C3_r010_n1000,probit,1000,C3,0.01,EDGE.sym.u.Grule,Cubic.LR,0.067,0.096,19,48,0.000521612756811516,0.115798032012156,FALSE
probit_C1_r001_n5000,probit,5000,C1,0.001,EDGE.poly3.u.Grule,Stk.joint,0.238,0.262,42,66,0.0264235202771478,1,FALSE
probit_C1_r001_n5000,probit,5000,C1,0.001,EDGE.poly3.u.Grule,Stk.sym1,0.238,0.258,71,91,0.135247921934002,1,FALSE
probit_C1_r001_n5000,probit,5000,C1,0.001,EDGE.poly3.u.Grule,Stk.LR,0.238,0.271,37,70,0.00184012404687335,0.382745801749657,FALSE
probit_C1_r001_n5000,probit,5000,C1,0.001,EDGE.poly3.u.Grule,GiViTI,0.238,0.191,138,91,0.00229593972370908,0.470667643360362,FALSE
probit_C1_r001_n5000,probit,5000,C1,0.001,EDGE.poly3.u.Grule,Cubic.LR,0.238,0.279,57,98,0.00124060402558243,0.265489261474639,FALSE
probit_C1_r001_n5000,probit,5000,C1,0.001,EDGE.sym.u.Grule,Stk.joint,0.295,0.262,128,95,0.0318910825743919,1,FALSE
probit_C1_r001_n5000,probit,5000,C1,0.001,EDGE.sym.u.Grule,Stk.sym1,0.295,0.258,101,64,0.00491635331097343,0.948856189017872,FALSE
probit_C1_r001_n5000,probit,5000,C1,0.001,EDGE.sym.u.Grule,Stk.LR,0.295,0.271,118,94,0.113975110419086,1,FALSE
probit_C1_r001_n5000,probit,5000,C1,0.001,EDGE.sym.u.Grule,GiViTI,0.295,0.191,193,89,5.52671340502271e-10,1.51431947297622e-07,TRUE
probit_C1_r001_n5000,probit,5000,C1,0.001,EDGE.sym.u.Grule,Cubic.LR,0.295,0.279,110,94,0.293602453979378,1,FALSE
probit_C1_r002_n5000,probit,5000,C1,0.002,EDGE.poly3.u.Grule,Stk.joint,0.218,0.32,55,157,1.47180841742262e-12,4.31239866304828e-10,TRUE
probit_C1_r002_n5000,probit,5000,C1,0.002,EDGE.poly3.u.Grule,Stk.sym1,0.218,0.261,103,146,0.00765053322831941,1,FALSE
probit_C1_r002_n5000,probit,5000,C1,0.002,EDGE.poly3.u.Grule,Stk.LR,0.218,0.318,48,148,4.67519114736829e-13,1.38853177076838e-10,TRUE
probit_C1_r002_n5000,probit,5000,C1,0.002,EDGE.poly3.u.Grule,GiViTI,0.218,0.267,112,161,0.00359395918504869,0.71519787782469,FALSE
probit_C1_r002_n5000,probit,5000,C1,0.002,EDGE.poly3.u.Grule,Cubic.LR,0.218,0.361,56,199,5.71511760098837e-20,1.88598880832616e-17,TRUE
probit_C1_r002_n5000,probit,5000,C1,0.002,EDGE.sym.u.Grule,Stk.joint,0.24,0.32,116,196,6.9328866978032e-06,0.00168150759218788,TRUE
probit_C1_r002_n5000,probit,5000,C1,0.002,EDGE.sym.u.Grule,Stk.sym1,0.24,0.261,105,126,0.188090439793898,1,FALSE
probit_C1_r002_n5000,probit,5000,C1,0.002,EDGE.sym.u.Grule,Stk.LR,0.24,0.318,108,186,6.30916920770965e-06,0.00153943728668115,TRUE
probit_C1_r002_n5000,probit,5000,C1,0.002,EDGE.sym.u.Grule,GiViTI,0.24,0.267,154,181,0.155348456262374,1,FALSE
probit_C1_r002_n5000,probit,5000,C1,0.002,EDGE.sym.u.Grule,Cubic.LR,0.24,0.361,95,216,5.50205722912023e-12,1.60109865367399e-09,TRUE
probit_C1_r005_n5000,probit,5000,C1,0.005,EDGE.poly3.u.Grule,Stk.joint,0.143,0.573,33,463,3.64388880808501e-98,1.65068163006251e-95,TRUE
probit_C1_r005_n5000,probit,5000,C1,0.005,EDGE.poly3.u.Grule,Stk.sym1,0.143,0.414,72,343,2.2095579662757e-43,8.59518048881246e-41,TRUE
probit_C1_r005_n5000,probit,5000,C1,0.005,EDGE.poly3.u.Grule,Stk.LR,0.143,0.55,34,441,2.28265720410413e-91,1.01349979862223e-88,TRUE
probit_C1_r005_n5000,probit,5000,C1,0.005,EDGE.poly3.u.Grule,GiViTI,0.143,0.506,44,407,1.00768364054903e-74,4.29273230873887e-72,TRUE
probit_C1_r005_n5000,probit,5000,C1,0.005,EDGE.poly3.u.Grule,Cubic.LR,0.143,0.613,36,506,3.25026954336184e-107,1.49187372040308e-104,TRUE
probit_C1_r005_n5000,probit,5000,C1,0.005,EDGE.sym.u.Grule,Stk.joint,0.131,0.573,42,484,2.5226339812201e-96,1.13266265756782e-93,TRUE
probit_C1_r005_n5000,probit,5000,C1,0.005,EDGE.sym.u.Grule,Stk.sym1,0.131,0.414,74,357,1.57720556321645e-45,6.19841786344063e-43,TRUE
probit_C1_r005_n5000,probit,5000,C1,0.005,EDGE.sym.u.Grule,Stk.LR,0.131,0.55,42,461,3.00381648384509e-90,1.33069070234337e-87,TRUE
probit_C1_r005_n5000,probit,5000,C1,0.005,EDGE.sym.u.Grule,GiViTI,0.131,0.506,49,424,1.35605585083533e-75,5.81747960008355e-73,TRUE
probit_C1_r005_n5000,probit,5000,C1,0.005,EDGE.sym.u.Grule,Cubic.LR,0.131,0.613,38,520,2.83695118399002e-109,1.3078344958194e-106,TRUE
probit_C1_r010_n5000,probit,5000,C1,0.01,EDGE.poly3.u.Grule,Stk.joint,0.305,0.852,9,556,2.55273216037627e-151,1.1946786510561e-148,TRUE
probit_C1_r010_n5000,probit,5000,C1,0.01,EDGE.poly3.u.Grule,Stk.sym1,0.305,0.784,42,521,3.54848470869694e-106,1.6216575118745e-103,TRUE
probit_C1_r010_n5000,probit,5000,C1,0.01,EDGE.poly3.u.Grule,Stk.LR,0.305,0.828,11,534,5.05569569232541e-142,2.36100988831596e-139,TRUE
probit_C1_r010_n5000,probit,5000,C1,0.01,EDGE.poly3.u.Grule,GiViTI,0.305,0.756,22,473,2.17095489049753e-111,1.00515211430035e-108,TRUE
probit_C1_r010_n5000,probit,5000,C1,0.01,EDGE.poly3.u.Grule,Cubic.LR,0.305,0.878,9,582,5.71464562522354e-159,2.69731273510551e-156,TRUE
probit_C1_r010_n5000,probit,5000,C1,0.01,EDGE.sym.u.Grule,Stk.joint,0.529,0.852,31,354,1.37823396389087e-70,5.84371200689729e-68,TRUE
probit_C1_r010_n5000,probit,5000,C1,0.01,EDGE.sym.u.Grule,Stk.sym1,0.529,0.784,39,294,1.51047636320011e-49,6.04190545280044e-47,TRUE
probit_C1_r010_n5000,probit,5000,C1,0.01,EDGE.sym.u.Grule,Stk.LR,0.529,0.828,41,340,9.72318797821669e-60,3.99623025904706e-57,TRUE
probit_C1_r010_n5000,probit,5000,C1,0.01,EDGE.sym.u.Grule,GiViTI,0.529,0.756,83,310,6.50576691924202e-32,2.38761645936182e-29,TRUE
probit_C1_r010_n5000,probit,5000,C1,0.01,EDGE.sym.u.Grule,Cubic.LR,0.529,0.878,33,382,2.00411876446773e-76,8.61771068721123e-74,TRUE
probit_C3_r001_n5000,probit,5000,C3,0.001,EDGE.poly3.u.Grule,Stk.joint,0.252,0.248,10,6,0.454498291015625,1,FALSE
probit_C3_r001_n5000,probit,5000,C3,0.001,EDGE.poly3.u.Grule,Stk.sym1,0.252,0.346,25,119,7.24828596603865e-16,2.2687135073701e-13,TRUE
probit_C3_r001_n5000,probit,5000,C3,0.001,EDGE.poly3.u.Grule,Stk.LR,0.252,0.277,4,29,1.09286047518253e-05,0.00261193653568626,TRUE
probit_C3_r001_n5000,probit,5000,C3,0.001,EDGE.poly3.u.Grule,GiViTI,0.252,0.129,147,24,9.219252518859e-23,3.1253266038932e-20,TRUE
probit_C3_r001_n5000,probit,5000,C3,0.001,EDGE.poly3.u.Grule,Cubic.LR,0.252,0.285,19,52,0.000112268646894988,0.0259340574327423,TRUE
probit_C3_r001_n5000,probit,5000,C3,0.001,EDGE.sym.u.Grule,Stk.joint,0.33,0.248,119,37,3.06206365989886e-11,8.75750206731075e-09,TRUE
probit_C3_r001_n5000,probit,5000,C3,0.001,EDGE.sym.u.Grule,Stk.sym1,0.33,0.346,32,48,0.0929118822205462,1,FALSE
probit_C3_r001_n5000,probit,5000,C3,0.001,EDGE.sym.u.Grule,Stk.LR,0.33,0.277,95,42,6.91978432999129e-06,0.00168150759218788,TRUE
probit_C3_r001_n5000,probit,5000,C3,0.001,EDGE.sym.u.Grule,GiViTI,0.33,0.129,237,36,1.87598432444246e-37,7.12874043288137e-35,TRUE
probit_C3_r001_n5000,probit,5000,C3,0.001,EDGE.sym.u.Grule,Cubic.LR,0.33,0.285,78,33,2.32626705010725e-05,0.00553651557925526,TRUE
probit_C3_r002_n5000,probit,5000,C3,0.002,EDGE.poly3.u.Grule,Stk.joint,0.274,0.281,5,12,0.143463134765625,1,FALSE
probit_C3_r002_n5000,probit,5000,C3,0.002,EDGE.poly3.u.Grule,Stk.sym1,0.274,0.354,28,108,2.78495576161161e-12,8.13207082390592e-10,TRUE
probit_C3_r002_n5000,probit,5000,C3,0.002,EDGE.poly3.u.Grule,Stk.LR,0.274,0.298,1,25,8.04662704467775e-07,0.000201165676116944,TRUE
probit_C3_r002_n5000,probit,5000,C3,0.002,EDGE.poly3.u.Grule,GiViTI,0.274,0.13,165,21,6.4525746816119e-29,2.29711658665384e-26,TRUE
probit_C3_r002_n5000,probit,5000,C3,0.002,EDGE.poly3.u.Grule,Cubic.LR,0.274,0.307,17,50,6.73797366691545e-05,0.0157668583805821,TRUE
probit_C3_r002_n5000,probit,5000,C3,0.002,EDGE.sym.u.Grule,Stk.joint,0.346,0.281,105,40,6.49310735531555e-08,1.68171480502673e-05,TRUE
probit_C3_r002_n5000,probit,5000,C3,0.002,EDGE.sym.u.Grule,Stk.sym1,0.346,0.354,36,44,0.434042255345479,1,FALSE
probit_C3_r002_n5000,probit,5000,C3,0.002,EDGE.sym.u.Grule,Stk.LR,0.346,0.298,91,43,4.11130476543132e-05,0.00970267924641792,TRUE
probit_C3_r002_n5000,probit,5000,C3,0.002,EDGE.sym.u.Grule,GiViTI,0.346,0.13,252,36,4.43221806077856e-41,1.71083617146053e-38,TRUE
probit_C3_r002_n5000,probit,5000,C3,0.002,EDGE.sym.u.Grule,Cubic.LR,0.346,0.307,75,36,0.000271817752202843,0.0619744475022481,FALSE
probit_C3_r005_n5000,probit,5000,C3,0.005,EDGE.poly3.u.Grule,Stk.joint,0.254,0.252,13,11,0.838819742202759,1,FALSE
probit_C3_r005_n5000,probit,5000,C3,0.005,EDGE.poly3.u.Grule,Stk.sym1,0.254,0.354,33,133,1.97017512936632e-15,6.08784114974193e-13,TRUE
probit_C3_r005_n5000,probit,5000,C3,0.005,EDGE.poly3.u.Grule,Stk.LR,0.254,0.278,5,29,3.85581515729428e-05,0.00913828192278744,TRUE
probit_C3_r005_n5000,probit,5000,C3,0.005,EDGE.poly3.u.Grule,GiViTI,0.254,0.126,161,33,2.01255869747931e-21,6.78232281050528e-19,TRUE
probit_C3_r005_n5000,probit,5000,C3,0.005,EDGE.poly3.u.Grule,Cubic.LR,0.254,0.283,26,55,0.00168863807272102,0.354613995271415,FALSE
probit_C3_r005_n5000,probit,5000,C3,0.005,EDGE.sym.u.Grule,Stk.joint,0.329,0.252,125,48,4.22074554790307e-09,1.13115980683802e-06,TRUE
probit_C3_r005_n5000,probit,5000,C3,0.005,EDGE.sym.u.Grule,Stk.sym1,0.329,0.354,48,73,0.028703199173737,1,FALSE
probit_C3_r005_n5000,probit,5000,C3,0.005,EDGE.sym.u.Grule,Stk.LR,0.329,0.278,108,57,8.80792575057976e-05,0.0204343877413451,TRUE
probit_C3_r005_n5000,probit,5000,C3,0.005,EDGE.sym.u.Grule,GiViTI,0.329,0.126,250,47,1.32170531897597e-34,4.89030968021107e-32,TRUE
probit_C3_r005_n5000,probit,5000,C3,0.005,EDGE.sym.u.Grule,Cubic.LR,0.329,0.283,96,50,0.000175032839591852,0.0400825202665342,TRUE
probit_C3_r010_n5000,probit,5000,C3,0.01,EDGE.poly3.u.Grule,Stk.joint,0.271,0.271,10,10,1,1,FALSE
probit_C3_r010_n5000,probit,5000,C3,0.01,EDGE.poly3.u.Grule,Stk.sym1,0.271,0.333,42,104,2.99363928236027e-07,7.60384377719508e-05,TRUE
probit_C3_r010_n5000,probit,5000,C3,0.01,EDGE.poly3.u.Grule,Stk.LR,0.271,0.284,3,16,0.004425048828125,0.858459472656251,FALSE
probit_C3_r010_n5000,probit,5000,C3,0.01,EDGE.poly3.u.Grule,GiViTI,0.271,0.132,158,19,1.8404446754231e-28,6.53357859775201e-26,TRUE
probit_C3_r010_n5000,probit,5000,C3,0.01,EDGE.poly3.u.Grule,Cubic.LR,0.271,0.297,18,44,0.00129900277095501,0.276687590213417,FALSE
probit_C3_r010_n5000,probit,5000,C3,0.01,EDGE.sym.u.Grule,Stk.joint,0.319,0.271,103,55,0.000166167291307862,0.0382184770008083,TRUE
probit_C3_r010_n5000,probit,5000,C3,0.01,EDGE.sym.u.Grule,Stk.sym1,0.319,0.333,33,47,0.145635454402982,1,FALSE
probit_C3_r010_n5000,probit,5000,C3,0.01,EDGE.sym.u.Grule,Stk.LR,0.319,0.284,94,59,0.00580274034717434,1,FALSE
probit_C3_r010_n5000,probit,5000,C3,0.01,EDGE.sym.u.Grule,GiViTI,0.319,0.132,241,54,2.32321019862553e-29,8.3635567150519e-27,TRUE
probit_C3_r010_n5000,probit,5000,C3,0.01,EDGE.sym.u.Grule,Cubic.LR,0.319,0.297,80,58,0.0734506042125266,1,FALSE
cloglog_C1_r001_n1000,cloglog,1000,C1,0.001,EDGE.poly3.u.Grule,Stk.joint,0.785,0.806,12,33,0.00245890032209673,0.501615665707733,FALSE
cloglog_C1_r001_n1000,cloglog,1000,C1,0.001,EDGE.poly3.u.Grule,Stk.sym1,0.785,0.772,91,78,0.356004126504685,1,FALSE
cloglog_C1_r001_n1000,cloglog,1000,C1,0.001,EDGE.poly3.u.Grule,Stk.LR,0.785,0.845,9,69,1.3812783597891e-12,4.07477116137785e-10,TRUE
cloglog_C1_r001_n1000,cloglog,1000,C1,0.001,EDGE.poly3.u.Grule,GiViTI,0.785,0.859,37,111,8.74661329915909e-10,2.37033220407211e-07,TRUE
cloglog_C1_r001_n1000,cloglog,1000,C1,0.001,EDGE.poly3.u.Grule,Cubic.LR,0.785,0.871,6,92,7.09532095861477e-21,2.37693252113595e-18,TRUE
cloglog_C1_r001_n1000,cloglog,1000,C1,0.001,EDGE.sym.u.Grule,Stk.joint,0.765,0.806,46,87,0.000477222524072068,0.106897845392143,FALSE
cloglog_C1_r001_n1000,cloglog,1000,C1,0.001,EDGE.sym.u.Grule,Stk.sym1,0.765,0.772,60,67,0.594615485935494,1,FALSE
cloglog_C1_r001_n1000,cloglog,1000,C1,0.001,EDGE.sym.u.Grule,Stk.LR,0.765,0.845,19,99,3.0559701374427e-14,9.2901492178258e-12,TRUE
cloglog_C1_r001_n1000,cloglog,1000,C1,0.001,EDGE.sym.u.Grule,GiViTI,0.765,0.859,54,148,2.62783901073768e-11,7.54189796081713e-09,TRUE
cloglog_C1_r001_n1000,cloglog,1000,C1,0.001,EDGE.sym.u.Grule,Cubic.LR,0.765,0.871,13,119,1.32551526353428e-22,4.48024159074587e-20,TRUE
cloglog_C1_r002_n1000,cloglog,1000,C1,0.002,EDGE.poly3.u.Grule,Stk.joint,0.765,0.801,11,47,2.03159453604495e-06,0.000499772255867057,TRUE
cloglog_C1_r002_n1000,cloglog,1000,C1,0.002,EDGE.poly3.u.Grule,Stk.sym1,0.765,0.684,152,71,6.11482601315412e-08,1.58985476342007e-05,TRUE
cloglog_C1_r002_n1000,cloglog,1000,C1,0.002,EDGE.poly3.u.Grule,Stk.LR,0.765,0.834,7,76,9.43054794183668e-16,2.94233095785304e-13,TRUE
cloglog_C1_r002_n1000,cloglog,1000,C1,0.002,EDGE.poly3.u.Grule,GiViTI,0.765,0.858,42,135,1.39152434468899e-12,4.09108157338563e-10,TRUE
cloglog_C1_r002_n1000,cloglog,1000,C1,0.002,EDGE.poly3.u.Grule,Cubic.LR,0.765,0.833,21,89,3.76517733632376e-11,1.07307554085227e-08,TRUE
cloglog_C1_r002_n1000,cloglog,1000,C1,0.002,EDGE.sym.u.Grule,Stk.joint,0.732,0.801,40,109,1.40935026184901e-08,3.76296519913687e-06,TRUE
cloglog_C1_r002_n1000,cloglog,1000,C1,0.002,EDGE.sym.u.Grule,Stk.sym1,0.732,0.684,113,65,0.000396946597350913,0.0897099310013063,FALSE
cloglog_C1_r002_n1000,cloglog,1000,C1,0.002,EDGE.sym.u.Grule,Stk.LR,0.732,0.834,21,123,9.63508284638941e-19,3.12176684223017e-16,TRUE
cloglog_C1_r002_n1000,cloglog,1000,C1,0.002,EDGE.sym.u.Grule,GiViTI,0.732,0.858,49,175,8.38145237448168e-18,2.68206475983414e-15,TRUE
cloglog_C1_r002_n1000,cloglog,1000,C1,0.002,EDGE.sym.u.Grule,Cubic.LR,0.732,0.833,22,123,3.20579404547408e-18,1.03547147668813e-15,TRUE
cloglog_C1_r005_n1000,cloglog,1000,C1,0.005,EDGE.poly3.u.Grule,Stk.joint,0.8,0.87,9,79,4.15244128305229e-15,1.270647032614e-12,TRUE
cloglog_C1_r005_n1000,cloglog,1000,C1,0.005,EDGE.poly3.u.Grule,Stk.sym1,0.8,0.58,280,60,4.14369360110121e-35,1.53731032600855e-32,TRUE
cloglog_C1_r005_n1000,cloglog,1000,C1,0.005,EDGE.poly3.u.Grule,Stk.LR,0.8,0.88,15,95,2.14160813642903e-15,6.59615306020141e-13,TRUE
cloglog_C1_r005_n1000,cloglog,1000,C1,0.005,EDGE.poly3.u.Grule,GiViTI,0.8,0.901,31,132,4.84494391175395e-16,1.52131238829074e-13,TRUE
cloglog_C1_r005_n1000,cloglog,1000,C1,0.005,EDGE.poly3.u.Grule,Cubic.LR,0.8,0.85,52,102,6.8652333581894e-05,0.0159959937245813,TRUE
cloglog_C1_r005_n1000,cloglog,1000,C1,0.005,EDGE.sym.u.Grule,Stk.joint,0.762,0.87,30,138,9.35656372964292e-18,2.98474382975609e-15,TRUE
cloglog_C1_r005_n1000,cloglog,1000,C1,0.005,EDGE.sym.u.Grule,Stk.sym1,0.762,0.58,238,56,7.17099514618829e-28,2.53136128660447e-25,TRUE
cloglog_C1_r005_n1000,cloglog,1000,C1,0.005,EDGE.sym.u.Grule,Stk.LR,0.762,0.88,19,137,3.10627639973685e-23,1.05924025231027e-20,TRUE
cloglog_C1_r005_n1000,cloglog,1000,C1,0.005,EDGE.sym.u.Grule,GiViTI,0.762,0.901,34,173,1.28234363750469e-23,4.41126211301613e-21,TRUE
cloglog_C1_r005_n1000,cloglog,1000,C1,0.005,EDGE.sym.u.Grule,Cubic.LR,0.762,0.85,52,140,1.6364554313405e-10,4.56571065343999e-08,TRUE
cloglog_C1_r010_n1000,cloglog,1000,C1,0.01,EDGE.poly3.u.Grule,Stk.joint,0.802,0.927,10,135,3.98708379363282e-29,1.42338891432692e-26,TRUE
cloglog_C1_r010_n1000,cloglog,1000,C1,0.01,EDGE.poly3.u.Grule,Stk.sym1,0.802,0.498,360,56,1.89849065711581e-55,7.74584188103249e-53,TRUE
cloglog_C1_r010_n1000,cloglog,1000,C1,0.01,EDGE.poly3.u.Grule,Stk.LR,0.802,0.909,24,131,4.86520528784082e-19,1.59092212912395e-16,TRUE
cloglog_C1_r010_n1000,cloglog,1000,C1,0.01,EDGE.poly3.u.Grule,GiViTI,0.802,0.915,24,137,2.01722417083638e-20,6.69718424717677e-18,TRUE
cloglog_C1_r010_n1000,cloglog,1000,C1,0.01,EDGE.poly3.u.Grule,Cubic.LR,0.802,0.89,52,140,1.6364554313405e-10,4.56571065343999e-08,TRUE
cloglog_C1_r010_n1000,cloglog,1000,C1,0.01,EDGE.sym.u.Grule,Stk.joint,0.728,0.927,11,210,7.47916756982266e-49,2.97670869278942e-46,TRUE
cloglog_C1_r010_n1000,cloglog,1000,C1,0.01,EDGE.sym.u.Grule,Stk.sym1,0.728,0.498,295,65,4.04045621027409e-36,1.51113062264251e-33,TRUE
cloglog_C1_r010_n1000,cloglog,1000,C1,0.01,EDGE.sym.u.Grule,Stk.LR,0.728,0.909,10,191,1.55057817611372e-44,6.04725488684351e-42,TRUE
cloglog_C1_r010_n1000,cloglog,1000,C1,0.01,EDGE.sym.u.Grule,GiViTI,0.728,0.915,24,211,1.56959829372375e-38,6.01156146496197e-36,TRUE
cloglog_C1_r010_n1000,cloglog,1000,C1,0.01,EDGE.sym.u.Grule,Cubic.LR,0.728,0.89,30,192,4.17558888716418e-30,1.51156317715343e-27,TRUE
cloglog_C3_r001_n1000,cloglog,1000,C3,0.001,EDGE.poly3.u.Grule,Stk.joint,0.809,0.82,5,16,0.0266036987304688,1,FALSE
cloglog_C3_r001_n1000,cloglog,1000,C3,0.001,EDGE.poly3.u.Grule,Stk.sym1,0.809,0.82,55,66,0.363363260548098,1,FALSE
cloglog_C3_r001_n1000,cloglog,1000,C3,0.001,EDGE.poly3.u.Grule,Stk.LR,0.809,0.86,2,53,8.55426840473684e-14,2.58338905823053e-11,TRUE
cloglog_C3_r001_n1000,cloglog,1000,C3,0.001,EDGE.poly3.u.Grule,GiViTI,0.809,0.868,32,91,9.73884215827357e-08,2.51262127683458e-05,TRUE
cloglog_C3_r001_n1000,cloglog,1000,C3,0.001,EDGE.poly3.u.Grule,Cubic.LR,0.809,0.878,3,72,3.72567441849804e-18,1.19966716275637e-15,TRUE
cloglog_C3_r001_n1000,cloglog,1000,C3,0.001,EDGE.sym.u.Grule,Stk.joint,0.782,0.82,48,86,0.00130375867109864,0.276687590213417,FALSE
cloglog_C3_r001_n1000,cloglog,1000,C3,0.001,EDGE.sym.u.Grule,Stk.sym1,0.782,0.82,24,62,5.08365420184412e-05,0.0119465873743337,TRUE
cloglog_C3_r001_n1000,cloglog,1000,C3,0.001,EDGE.sym.u.Grule,Stk.LR,0.782,0.86,22,100,4.50885985570198e-13,1.34364023699919e-10,TRUE
cloglog_C3_r001_n1000,cloglog,1000,C3,0.001,EDGE.sym.u.Grule,GiViTI,0.782,0.868,47,133,1.04161972753008e-10,2.92695143435953e-08,TRUE
cloglog_C3_r001_n1000,cloglog,1000,C3,0.001,EDGE.sym.u.Grule,Cubic.LR,0.782,0.878,7,103,5.25270952980457e-23,1.78592124013356e-20,TRUE
cloglog_C3_r002_n1000,cloglog,1000,C3,0.002,EDGE.poly3.u.Grule,Stk.joint,0.779,0.8,7,28,0.000508260447531939,0.113342079799622,FALSE
cloglog_C3_r002_n1000,cloglog,1000,C3,0.002,EDGE.poly3.u.Grule,Stk.sym1,0.779,0.816,57,94,0.0032594073594769,0.655140879254857,FALSE
cloglog_C3_r002_n1000,cloglog,1000,C3,0.002,EDGE.poly3.u.Grule,Stk.LR,0.779,0.854,2,77,1.04588716651205e-20,3.49326313615024e-18,TRUE
cloglog_C3_r002_n1000,cloglog,1000,C3,0.002,EDGE.poly3.u.Grule,GiViTI,0.779,0.85,35,106,1.69447392209508e-09,4.55813485043576e-07,TRUE
cloglog_C3_r002_n1000,cloglog,1000,C3,0.002,EDGE.poly3.u.Grule,Cubic.LR,0.779,0.87,3,94,1.92095834574729e-24,6.62730629282816e-22,TRUE
cloglog_C3_r002_n1000,cloglog,1000,C3,0.002,EDGE.sym.u.Grule,Stk.joint,0.763,0.8,54,91,0.00266820801682678,0.538978019399009,FALSE
cloglog_C3_r002_n1000,cloglog,1000,C3,0.002,EDGE.sym.u.Grule,Stk.sym1,0.763,0.816,25,78,1.60992717695088e-07,4.12141357299426e-05,TRUE
cloglog_C3_r002_n1000,cloglog,1000,C3,0.002,EDGE.sym.u.Grule,Stk.LR,0.763,0.854,20,111,1.76186158890819e-16,5.5498640050608e-14,TRUE
cloglog_C3_r002_n1000,cloglog,1000,C3,0.002,EDGE.sym.u.Grule,GiViTI,0.763,0.85,58,145,8.78297855118167e-10,2.37140420881905e-07,TRUE
cloglog_C3_r002_n1000,cloglog,1000,C3,0.002,EDGE.sym.u.Grule,Cubic.LR,0.763,0.87,8,115,2.07897752296863e-25,7.25563155516052e-23,TRUE
cloglog_C3_r005_n1000,cloglog,1000,C3,0.005,EDGE.poly3.u.Grule,Stk.joint,0.807,0.809,11,13,0.838819742202759,1,FALSE
cloglog_C3_r005_n1000,cloglog,1000,C3,0.005,EDGE.poly3.u.Grule,Stk.sym1,0.807,0.845,44,82,0.000905277463078636,0.195539932024986,FALSE
cloglog_C3_r005_n1000,cloglog,1000,C3,0.005,EDGE.poly3.u.Grule,Stk.LR,0.807,0.862,2,57,6.14439055190984e-15,1.8740391183325e-12,TRUE
cloglog_C3_r005_n1000,cloglog,1000,C3,0.005,EDGE.poly3.u.Grule,GiViTI,0.807,0.877,29,99,3.84182664798368e-10,1.06418598149148e-07,TRUE
cloglog_C3_r005_n1000,cloglog,1000,C3,0.005,EDGE.poly3.u.Grule,Cubic.LR,0.807,0.877,4,74,9.96311254551545e-18,3.16826978947391e-15,TRUE
cloglog_C3_r005_n1000,cloglog,1000,C3,0.005,EDGE.sym.u.Grule,Stk.joint,0.786,0.809,59,82,0.0635371986671395,1,FALSE
cloglog_C3_r005_n1000,cloglog,1000,C3,0.005,EDGE.sym.u.Grule,Stk.sym1,0.786,0.845,17,76,4.44630693776552e-10,1.22273440788552e-07,TRUE
cloglog_C3_r005_n1000,cloglog,1000,C3,0.005,EDGE.sym.u.Grule,Stk.LR,0.786,0.862,27,103,1.18378676531123e-11,3.42114375174946e-09,TRUE
cloglog_C3_r005_n1000,cloglog,1000,C3,0.005,EDGE.sym.u.Grule,GiViTI,0.786,0.877,46,137,1.06702823857247e-11,3.09438189186015e-09,TRUE
cloglog_C3_r005_n1000,cloglog,1000,C3,0.005,EDGE.sym.u.Grule,Cubic.LR,0.786,0.877,13,104,8.49002180612917e-19,2.76774710879811e-16,TRUE
cloglog_C3_r010_n1000,cloglog,1000,C3,0.01,EDGE.poly3.u.Grule,Stk.joint,0.77,0.789,6,25,0.000877910293638708,0.1905065337196,FALSE
cloglog_C3_r010_n1000,cloglog,1000,C3,0.01,EDGE.poly3.u.Grule,Stk.sym1,0.77,0.807,58,95,0.00347225366624875,0.694450733249749,FALSE
cloglog_C3_r010_n1000,cloglog,1000,C3,0.01,EDGE.poly3.u.Grule,Stk.LR,0.77,0.84,2,72,2.93920432697242e-19,9.64059019246954e-17,TRUE
cloglog_C3_r010_n1000,cloglog,1000,C3,0.01,EDGE.poly3.u.Grule,GiViTI,0.77,0.842,45,117,1.41660090807131e-08,3.76815841546969e-06,TRUE
cloglog_C3_r010_n1000,cloglog,1000,C3,0.01,EDGE.poly3.u.Grule,Cubic.LR,0.77,0.846,5,81,9.57873572523365e-19,3.11308911070094e-16,TRUE
cloglog_C3_r010_n1000,cloglog,1000,C3,0.01,EDGE.sym.u.Grule,Stk.joint,0.762,0.789,57,84,0.0281953089268775,1,FALSE
cloglog_C3_r010_n1000,cloglog,1000,C3,0.01,EDGE.sym.u.Grule,Stk.sym1,0.762,0.807,15,60,1.58779907453794e-07,4.08064362156251e-05,TRUE
cloglog_C3_r010_n1000,cloglog,1000,C3,0.01,EDGE.sym.u.Grule,Stk.LR,0.762,0.84,21,99,2.66178349605294e-13,7.9587326531983e-11,TRUE
cloglog_C3_r010_n1000,cloglog,1000,C3,0.01,EDGE.sym.u.Grule,GiViTI,0.762,0.842,67,147,4.68970171251806e-08,1.23808125210477e-05,TRUE
cloglog_C3_r010_n1000,cloglog,1000,C3,0.01,EDGE.sym.u.Grule,Cubic.LR,0.762,0.846,11,95,7.72737013520794e-18,2.48048581340175e-15,TRUE
cloglog_C1_r001_n5000,cloglog,5000,C1,0.001,EDGE.poly3.u.Grule,Stk.joint,1,1,0,0,1,1,FALSE
cloglog_C1_r001_n5000,cloglog,5000,C1,0.001,EDGE.poly3.u.Grule,Stk.sym1,1,0.994,6,0,0.03125,1,FALSE
cloglog_C1_r001_n5000,cloglog,5000,C1,0.001,EDGE.poly3.u.Grule,Stk.LR,1,0.991,9,0,0.00390625,0.765625000000001,FALSE
cloglog_C1_r001_n5000,cloglog,5000,C1,0.001,EDGE.poly3.u.Grule,GiViTI,1,1,0,0,1,1,FALSE
cloglog_C1_r001_n5000,cloglog,5000,C1,0.001,EDGE.poly3.u.Grule,Cubic.LR,1,0.98,20,0,1.9073486328125e-06,0.0004730224609375,TRUE
cloglog_C1_r001_n5000,cloglog,5000,C1,0.001,EDGE.sym.u.Grule,Stk.joint,1,1,0,0,1,1,FALSE
cloglog_C1_r001_n5000,cloglog,5000,C1,0.001,EDGE.sym.u.Grule,Stk.sym1,1,0.994,6,0,0.03125,1,FALSE
cloglog_C1_r001_n5000,cloglog,5000,C1,0.001,EDGE.sym.u.Grule,Stk.LR,1,0.991,9,0,0.00390625,0.765625000000001,FALSE
cloglog_C1_r001_n5000,cloglog,5000,C1,0.001,EDGE.sym.u.Grule,GiViTI,1,1,0,0,1,1,FALSE
cloglog_C1_r001_n5000,cloglog,5000,C1,0.001,EDGE.sym.u.Grule,Cubic.LR,1,0.98,20,0,1.9073486328125e-06,0.0004730224609375,TRUE
cloglog_C1_r002_n5000,cloglog,5000,C1,0.002,EDGE.poly3.u.Grule,Stk.joint,1,1,0,0,1,1,FALSE
cloglog_C1_r002_n5000,cloglog,5000,C1,0.002,EDGE.poly3.u.Grule,Stk.sym1,1,0.965,35,0,5.82076609134676e-11,1.64727680385113e-08,TRUE
cloglog_C1_r002_n5000,cloglog,5000,C1,0.002,EDGE.poly3.u.Grule,Stk.LR,1,0.995,5,0,0.0625,1,FALSE
cloglog_C1_r002_n5000,cloglog,5000,C1,0.002,EDGE.poly3.u.Grule,GiViTI,1,1,0,0,1,1,FALSE
cloglog_C1_r002_n5000,cloglog,5000,C1,0.002,EDGE.poly3.u.Grule,Cubic.LR,1,0.877,123,0,1.88079096131567e-37,7.12874043288137e-35,TRUE
cloglog_C1_r002_n5000,cloglog,5000,C1,0.002,EDGE.sym.u.Grule,Stk.joint,1,1,0,0,1,1,FALSE
cloglog_C1_r002_n5000,cloglog,5000,C1,0.002,EDGE.sym.u.Grule,Stk.sym1,1,0.965,35,0,5.82076609134676e-11,1.64727680385113e-08,TRUE
cloglog_C1_r002_n5000,cloglog,5000,C1,0.002,EDGE.sym.u.Grule,Stk.LR,1,0.995,5,0,0.0625,1,FALSE
cloglog_C1_r002_n5000,cloglog,5000,C1,0.002,EDGE.sym.u.Grule,GiViTI,1,1,0,0,1,1,FALSE
cloglog_C1_r002_n5000,cloglog,5000,C1,0.002,EDGE.sym.u.Grule,Cubic.LR,1,0.877,123,0,1.88079096131567e-37,7.12874043288137e-35,TRUE
cloglog_C1_r005_n5000,cloglog,5000,C1,0.005,EDGE.poly3.u.Grule,Stk.joint,1,1,0,0,1,1,FALSE
cloglog_C1_r005_n5000,cloglog,5000,C1,0.005,EDGE.poly3.u.Grule,Stk.sym1,1,0.771,229,0,2.31825384417963e-69,9.80621376087984e-67,TRUE
cloglog_C1_r005_n5000,cloglog,5000,C1,0.005,EDGE.poly3.u.Grule,Stk.LR,1,1,0,0,1,1,FALSE
cloglog_C1_r005_n5000,cloglog,5000,C1,0.005,EDGE.poly3.u.Grule,GiViTI,1,1,0,0,1,1,FALSE
cloglog_C1_r005_n5000,cloglog,5000,C1,0.005,EDGE.poly3.u.Grule,Cubic.LR,1,0.894,106,0,2.46519032881566e-32,9.09655231332978e-30,TRUE
cloglog_C1_r005_n5000,cloglog,5000,C1,0.005,EDGE.sym.u.Grule,Stk.joint,1,1,0,0,1,1,FALSE
cloglog_C1_r005_n5000,cloglog,5000,C1,0.005,EDGE.sym.u.Grule,Stk.sym1,1,0.771,229,0,2.31825384417963e-69,9.80621376087984e-67,TRUE
cloglog_C1_r005_n5000,cloglog,5000,C1,0.005,EDGE.sym.u.Grule,Stk.LR,1,1,0,0,1,1,FALSE
cloglog_C1_r005_n5000,cloglog,5000,C1,0.005,EDGE.sym.u.Grule,GiViTI,1,1,0,0,1,1,FALSE
cloglog_C1_r005_n5000,cloglog,5000,C1,0.005,EDGE.sym.u.Grule,Cubic.LR,1,0.894,106,0,2.46519032881566e-32,9.09655231332978e-30,TRUE
cloglog_C1_r010_n5000,cloglog,5000,C1,0.01,EDGE.poly3.u.Grule,Stk.joint,1,1,0,0,1,1,FALSE
cloglog_C1_r010_n5000,cloglog,5000,C1,0.01,EDGE.poly3.u.Grule,Stk.sym1,1,0.487,513,0,7.45834073120008e-155,3.51287848439524e-152,TRUE
cloglog_C1_r010_n5000,cloglog,5000,C1,0.01,EDGE.poly3.u.Grule,Stk.LR,1,1,0,0,1,1,FALSE
cloglog_C1_r010_n5000,cloglog,5000,C1,0.01,EDGE.poly3.u.Grule,GiViTI,1,1,0,0,1,1,FALSE
cloglog_C1_r010_n5000,cloglog,5000,C1,0.01,EDGE.poly3.u.Grule,Cubic.LR,1,0.981,19,0,3.814697265625e-06,0.000934600830078125,TRUE
cloglog_C1_r010_n5000,cloglog,5000,C1,0.01,EDGE.sym.u.Grule,Stk.joint,0.877,1,0,123,1.88079096131567e-37,7.12874043288137e-35,TRUE
cloglog_C1_r010_n5000,cloglog,5000,C1,0.01,EDGE.sym.u.Grule,Stk.sym1,0.877,0.487,439,49,2.06489708952772e-79,9.00295131034085e-77,TRUE
cloglog_C1_r010_n5000,cloglog,5000,C1,0.01,EDGE.sym.u.Grule,Stk.LR,0.877,1,0,123,1.88079096131567e-37,7.12874043288137e-35,TRUE
cloglog_C1_r010_n5000,cloglog,5000,C1,0.01,EDGE.sym.u.Grule,GiViTI,0.877,1,0,123,1.88079096131567e-37,7.12874043288137e-35,TRUE
cloglog_C1_r010_n5000,cloglog,5000,C1,0.01,EDGE.sym.u.Grule,Cubic.LR,0.877,0.981,17,121,1.59972100606478e-20,5.32707095019571e-18,TRUE
cloglog_C3_r001_n5000,cloglog,5000,C3,0.001,EDGE.poly3.u.Grule,Stk.joint,1,1,0,0,1,1,FALSE
cloglog_C3_r001_n5000,cloglog,5000,C3,0.001,EDGE.poly3.u.Grule,Stk.sym1,1,1,0,0,1,1,FALSE
cloglog_C3_r001_n5000,cloglog,5000,C3,0.001,EDGE.poly3.u.Grule,Stk.LR,1,1,0,0,1,1,FALSE
cloglog_C3_r001_n5000,cloglog,5000,C3,0.001,EDGE.poly3.u.Grule,GiViTI,1,1,0,0,1,1,FALSE
cloglog_C3_r001_n5000,cloglog,5000,C3,0.001,EDGE.poly3.u.Grule,Cubic.LR,1,1,0,0,1,1,FALSE
cloglog_C3_r001_n5000,cloglog,5000,C3,0.001,EDGE.sym.u.Grule,Stk.joint,1,1,0,0,1,1,FALSE
cloglog_C3_r001_n5000,cloglog,5000,C3,0.001,EDGE.sym.u.Grule,Stk.sym1,1,1,0,0,1,1,FALSE
cloglog_C3_r001_n5000,cloglog,5000,C3,0.001,EDGE.sym.u.Grule,Stk.LR,1,1,0,0,1,1,FALSE
cloglog_C3_r001_n5000,cloglog,5000,C3,0.001,EDGE.sym.u.Grule,GiViTI,1,1,0,0,1,1,FALSE
cloglog_C3_r001_n5000,cloglog,5000,C3,0.001,EDGE.sym.u.Grule,Cubic.LR,1,1,0,0,1,1,FALSE
cloglog_C3_r002_n5000,cloglog,5000,C3,0.002,EDGE.poly3.u.Grule,Stk.joint,1,1,0,0,1,1,FALSE
cloglog_C3_r002_n5000,cloglog,5000,C3,0.002,EDGE.poly3.u.Grule,Stk.sym1,1,1,0,0,1,1,FALSE
cloglog_C3_r002_n5000,cloglog,5000,C3,0.002,EDGE.poly3.u.Grule,Stk.LR,1,1,0,0,1,1,FALSE
cloglog_C3_r002_n5000,cloglog,5000,C3,0.002,EDGE.poly3.u.Grule,GiViTI,1,1,0,0,1,1,FALSE
cloglog_C3_r002_n5000,cloglog,5000,C3,0.002,EDGE.poly3.u.Grule,Cubic.LR,1,1,0,0,1,1,FALSE
cloglog_C3_r002_n5000,cloglog,5000,C3,0.002,EDGE.sym.u.Grule,Stk.joint,1,1,0,0,1,1,FALSE
cloglog_C3_r002_n5000,cloglog,5000,C3,0.002,EDGE.sym.u.Grule,Stk.sym1,1,1,0,0,1,1,FALSE
cloglog_C3_r002_n5000,cloglog,5000,C3,0.002,EDGE.sym.u.Grule,Stk.LR,1,1,0,0,1,1,FALSE
cloglog_C3_r002_n5000,cloglog,5000,C3,0.002,EDGE.sym.u.Grule,GiViTI,1,1,0,0,1,1,FALSE
cloglog_C3_r002_n5000,cloglog,5000,C3,0.002,EDGE.sym.u.Grule,Cubic.LR,1,1,0,0,1,1,FALSE
cloglog_C3_r005_n5000,cloglog,5000,C3,0.005,EDGE.poly3.u.Grule,Stk.joint,1,1,0,0,1,1,FALSE
cloglog_C3_r005_n5000,cloglog,5000,C3,0.005,EDGE.poly3.u.Grule,Stk.sym1,1,1,0,0,1,1,FALSE
cloglog_C3_r005_n5000,cloglog,5000,C3,0.005,EDGE.poly3.u.Grule,Stk.LR,1,1,0,0,1,1,FALSE
cloglog_C3_r005_n5000,cloglog,5000,C3,0.005,EDGE.poly3.u.Grule,GiViTI,1,1,0,0,1,1,FALSE
cloglog_C3_r005_n5000,cloglog,5000,C3,0.005,EDGE.poly3.u.Grule,Cubic.LR,1,1,0,0,1,1,FALSE
cloglog_C3_r005_n5000,cloglog,5000,C3,0.005,EDGE.sym.u.Grule,Stk.joint,1,1,0,0,1,1,FALSE
cloglog_C3_r005_n5000,cloglog,5000,C3,0.005,EDGE.sym.u.Grule,Stk.sym1,1,1,0,0,1,1,FALSE
cloglog_C3_r005_n5000,cloglog,5000,C3,0.005,EDGE.sym.u.Grule,Stk.LR,1,1,0,0,1,1,FALSE
cloglog_C3_r005_n5000,cloglog,5000,C3,0.005,EDGE.sym.u.Grule,GiViTI,1,1,0,0,1,1,FALSE
cloglog_C3_r005_n5000,cloglog,5000,C3,0.005,EDGE.sym.u.Grule,Cubic.LR,1,1,0,0,1,1,FALSE
cloglog_C3_r010_n5000,cloglog,5000,C3,0.01,EDGE.poly3.u.Grule,Stk.joint,1,1,0,0,1,1,FALSE
cloglog_C3_r010_n5000,cloglog,5000,C3,0.01,EDGE.poly3.u.Grule,Stk.sym1,1,1,0,0,1,1,FALSE
cloglog_C3_r010_n5000,cloglog,5000,C3,0.01,EDGE.poly3.u.Grule,Stk.LR,1,1,0,0,1,1,FALSE
cloglog_C3_r010_n5000,cloglog,5000,C3,0.01,EDGE.poly3.u.Grule,GiViTI,1,1,0,0,1,1,FALSE
cloglog_C3_r010_n5000,cloglog,5000,C3,0.01,EDGE.poly3.u.Grule,Cubic.LR,1,1,0,0,1,1,FALSE
cloglog_C3_r010_n5000,cloglog,5000,C3,0.01,EDGE.sym.u.Grule,Stk.joint,1,1,0,0,1,1,FALSE
cloglog_C3_r010_n5000,cloglog,5000,C3,0.01,EDGE.sym.u.Grule,Stk.sym1,1,1,0,0,1,1,FALSE
cloglog_C3_r010_n5000,cloglog,5000,C3,0.01,EDGE.sym.u.Grule,Stk.LR,1,1,0,0,1,1,FALSE
cloglog_C3_r010_n5000,cloglog,5000,C3,0.01,EDGE.sym.u.Grule,GiViTI,1,1,0,0,1,1,FALSE
cloglog_C3_r010_n5000,cloglog,5000,C3,0.01,EDGE.sym.u.Grule,Cubic.LR,1,1,0,0,1,1,FALSE
