n,k,test,sign_error,exaggerated,difference
1000,0,EDGE,0.051,0.045,0.006
1000,0,EDGE-sym,0.047,0.044,0.003
1000,0,HL (rule G),0.04,0.038,0.002
1000,0,HL (G=10),0.052,0.04,0.012
1000,0,Stukel joint,0.048,0.044,0.004
1000,0,GiViTI,0.046,0.042,0.004
1000,0,cubic LR,0.048,0.041,0.007
1000,1,EDGE,0.054,0.056,-0.002
1000,1,EDGE-sym,0.056,0.058,-0.002
1000,1,HL (rule G),0.04,0.052,-0.012
1000,1,HL (G=10),0.057,0.051,0.00600000000000001
1000,1,Stukel joint,0.364,0.121,0.243
1000,1,GiViTI,0.268,0.089,0.179
1000,1,cubic LR,0.389,0.127,0.262
1000,2,EDGE,0.072,0.059,0.013
1000,2,EDGE-sym,0.079,0.067,0.012
1000,2,HL (rule G),0.057,0.051,0.00600000000000001
1000,2,HL (G=10),0.058,0.044,0.014
1000,2,Stukel joint,0.584,0.217,0.367
1000,2,GiViTI,0.443,0.146,0.297
1000,2,cubic LR,0.599,0.201,0.398
1000,5,EDGE,0.124,0.057,0.067
1000,5,EDGE-sym,0.095,0.048,0.047
1000,5,HL (rule G),0.059,0.045,0.014
1000,5,HL (G=10),0.056,0.042,0.014
1000,5,Stukel joint,0.893,0.398,0.495
1000,5,GiViTI,0.798,0.251,0.547
1000,5,cubic LR,0.887,0.321,0.566
1000,10,EDGE,0.381,0.097,0.284
1000,10,EDGE-sym,0.098,0.059,0.039
1000,10,HL (rule G),0.125,0.066,0.059
1000,10,HL (G=10),0.099,0.058,0.041
1000,10,Stukel joint,0.992,0.627,0.365
1000,10,GiViTI,0.965,0.397,0.568
1000,10,cubic LR,0.987,0.482,0.505
5000,0,EDGE,0.06,0.048,0.012
5000,0,EDGE-sym,0.05,0.053,-0.003
5000,0,HL (rule G),0.039,0.052,-0.013
5000,0,HL (G=10),0.049,0.055,-0.006
5000,0,Stukel joint,0.058,0.047,0.011
5000,0,GiViTI,0.053,0.048,0.005
5000,0,cubic LR,0.05,0.041,0.009
5000,5,EDGE,0.072,0.05,0.022
5000,5,EDGE-sym,0.07,0.045,0.025
5000,5,HL (rule G),0.055,0.043,0.012
5000,5,HL (G=10),0.051,0.037,0.014
5000,5,Stukel joint,0.746,0.252,0.494
5000,5,GiViTI,0.723,0.187,0.536
5000,5,cubic LR,0.838,0.272,0.566
5000,10,EDGE,0.139,0.06,0.079
5000,10,EDGE-sym,0.058,0.052,0.00600000000000001
5000,10,HL (rule G),0.077,0.052,0.025
5000,10,HL (G=10),0.054,0.043,0.011
5000,10,Stukel joint,0.974,0.472,0.502
5000,10,GiViTI,0.964,0.312,0.652
5000,10,cubic LR,0.98,0.447,0.533
5000,25,EDGE,0.794,0.151,0.643
5000,25,EDGE-sym,0.291,0.099,0.192
5000,25,HL (rule G),0.569,0.077,0.492
5000,25,HL (G=10),0.126,0.05,0.076
5000,25,Stukel joint,1,0.801,0.199
5000,25,GiViTI,1,0.575,0.425
5000,25,cubic LR,1,0.753,0.247
5000,50,EDGE,1,0.74,0.26
5000,50,EDGE-sym,0.999,0.745,0.254
5000,50,HL (rule G),1,0.437,0.563
5000,50,HL (G=10),0.575,0.088,0.487
5000,50,Stukel joint,1,0.98,0.02
5000,50,GiViTI,1,0.869,0.131
5000,50,cubic LR,1,0.954,0.046
