id,cell,d_cox,se_cox,d_giviti,se_giviti,same_p_cox_giviti
4,shift 0.2,-0.079,0.0111751458104082,-0.081,0.0115139728839168,0.957
5,shift 0.4,-0.042,0.00736819450681714,-0.04,0.00737932615178747,0.949
6,slope 0.8,-0.021,0.0116916934485854,-0.021,0.0119457817534769,0.953
7,slope 0.6,-0.015,0.00433518094129804,-0.015,0.00433518094129804,0.949
8,U-shape 0.4,0.045,0.00933070533572152,0.04,0.00908198670349624,0.889
9,U-shape 0.8,0.118,0.0145012511972687,0.099,0.0141208497760722,0.663
10,threshold 2,-0.068,0.0107466967711707,-0.067,0.0107994271897924,0.939
11,threshold 4,-0.141,0.013538918062471,-0.152,0.0133818935534204,0.925
12,interaction 0.6,0.053,0.0106913659232722,0.042,0.0102147119558184,0.822
13,interaction 1,0.206,0.0147574314086762,0.145,0.0135705253825767,0.574
