id,fam,C,n,k,test,raw,adj,reps,role,holds
1,null,0,250,0,EDGE_G10,0.051,0.051,1000,level,TRUE
2,null,0,500,0,EDGE_G10,0.051,0.05,1000,level,TRUE
3,null,0,1000,0,EDGE_G10,0.061,0.054,1000,level,TRUE
4,large,0.2,500,0,EDGE_G10,0.315,0.311,1000,alternative,
5,large,0.4,500,0,EDGE_G10,0.917,0.911,1000,alternative,
6,slope,0.8,500,0,EDGE_G10,0.399,0.394,1000,alternative,
7,slope,0.6,500,0,EDGE_G10,0.973,0.972,1000,alternative,
8,ushape,0.4,500,0,EDGE_G10,0.126,0.124,1000,alternative,
9,ushape,0.8,500,0,EDGE_G10,0.468,0.46,1000,alternative,
10,thresh,2,500,0,EDGE_G10,0.142,0.135,1000,alternative,
11,thresh,4,500,0,EDGE_G10,0.282,0.277,1000,alternative,
12,inter,0.6,500,0,EDGE_G10,0.149,0.144,1000,alternative,
13,inter,1,500,0,EDGE_G10,0.426,0.424,1000,alternative,
14,exag,4,1000,1,EDGE_G10,0.044,0.041,1000,corrupted,TRUE
15,exag,4,1000,2,EDGE_G10,0.034,0.032,1000,corrupted,TRUE
16,exag,4,1000,5,EDGE_G10,0.059,0.057,1000,corrupted,TRUE
17,exag,4,1000,10,EDGE_G10,0.055,0.054,1000,corrupted,TRUE
18,sign,-4,1000,1,EDGE_G10,0.045,0.044,1000,corrupted,TRUE
19,sign,-4,1000,2,EDGE_G10,0.044,0.044,1000,corrupted,TRUE
20,sign,-4,1000,5,EDGE_G10,0.065,0.063,1000,corrupted,TRUE
21,sign,-4,1000,10,EDGE_G10,0.082,0.081,1000,corrupted,TRUE
1,null,0,250,0,EDGE_auto,0.051,0.044,1000,level,TRUE
2,null,0,500,0,EDGE_auto,0.054,0.05,1000,level,TRUE
3,null,0,1000,0,EDGE_auto,0.05,0.04,1000,level,TRUE
4,large,0.2,500,0,EDGE_auto,0.318,0.298,1000,alternative,
5,large,0.4,500,0,EDGE_auto,0.904,0.894,1000,alternative,
6,slope,0.8,500,0,EDGE_auto,0.413,0.387,1000,alternative,
7,slope,0.6,500,0,EDGE_auto,0.972,0.971,1000,alternative,
8,ushape,0.4,500,0,EDGE_auto,0.144,0.127,1000,alternative,
9,ushape,0.8,500,0,EDGE_auto,0.491,0.47,1000,alternative,
10,thresh,2,500,0,EDGE_auto,0.131,0.12,1000,alternative,
11,thresh,4,500,0,EDGE_auto,0.268,0.24,1000,alternative,
12,inter,0.6,500,0,EDGE_auto,0.169,0.151,1000,alternative,
13,inter,1,500,0,EDGE_auto,0.481,0.459,1000,alternative,
14,exag,4,1000,1,EDGE_auto,0.055,0.05,1000,corrupted,TRUE
15,exag,4,1000,2,EDGE_auto,0.043,0.035,1000,corrupted,TRUE
16,exag,4,1000,5,EDGE_auto,0.072,0.064,1000,corrupted,TRUE
17,exag,4,1000,10,EDGE_auto,0.077,0.062,1000,corrupted,TRUE
18,sign,-4,1000,1,EDGE_auto,0.04,0.034,1000,corrupted,TRUE
19,sign,-4,1000,2,EDGE_auto,0.051,0.043,1000,corrupted,TRUE
20,sign,-4,1000,5,EDGE_auto,0.104,0.093,1000,corrupted,FALSE
21,sign,-4,1000,10,EDGE_auto,0.24,0.22,1000,corrupted,FALSE
1,null,0,250,0,HL,0.048,0.043,1000,level,TRUE
2,null,0,500,0,HL,0.052,0.05,1000,level,TRUE
3,null,0,1000,0,HL,0.048,0.038,1000,level,TRUE
4,large,0.2,500,0,HL,0.227,0.216,1000,alternative,
5,large,0.4,500,0,HL,0.785,0.77,1000,alternative,
6,slope,0.8,500,0,HL,0.299,0.29,1000,alternative,
7,slope,0.6,500,0,HL,0.933,0.929,1000,alternative,
8,ushape,0.4,500,0,HL,0.11,0.104,1000,alternative,
9,ushape,0.8,500,0,HL,0.353,0.335,1000,alternative,
10,thresh,2,500,0,HL,0.106,0.102,1000,alternative,
11,thresh,4,500,0,HL,0.179,0.161,1000,alternative,
12,inter,0.6,500,0,HL,0.128,0.115,1000,alternative,
13,inter,1,500,0,HL,0.342,0.332,1000,alternative,
14,exag,4,1000,1,HL,0.04,0.036,1000,corrupted,TRUE
15,exag,4,1000,2,HL,0.046,0.043,1000,corrupted,TRUE
16,exag,4,1000,5,HL,0.048,0.044,1000,corrupted,TRUE
17,exag,4,1000,10,HL,0.064,0.056,1000,corrupted,TRUE
18,sign,-4,1000,1,HL,0.05,0.045,1000,corrupted,TRUE
19,sign,-4,1000,2,HL,0.058,0.057,1000,corrupted,TRUE
20,sign,-4,1000,5,HL,0.067,0.059,1000,corrupted,TRUE
21,sign,-4,1000,10,HL,0.076,0.069,1000,corrupted,TRUE
1,null,0,250,0,cox,0.053,0.052,1000,level,TRUE
2,null,0,500,0,cox,0.055,0.05,1000,level,TRUE
3,null,0,1000,0,cox,0.061,0.057,1000,level,TRUE
4,large,0.2,500,0,cox,0.404,0.39,1000,alternative,
5,large,0.4,500,0,cox,0.956,0.953,1000,alternative,
6,slope,0.8,500,0,cox,0.433,0.415,1000,alternative,
7,slope,0.6,500,0,cox,0.987,0.987,1000,alternative,
8,ushape,0.4,500,0,cox,0.083,0.079,1000,alternative,
9,ushape,0.8,500,0,cox,0.354,0.342,1000,alternative,
10,thresh,2,500,0,cox,0.212,0.203,1000,alternative,
11,thresh,4,500,0,cox,0.43,0.418,1000,alternative,
12,inter,0.6,500,0,cox,0.095,0.091,1000,alternative,
13,inter,1,500,0,cox,0.227,0.218,1000,alternative,
14,exag,4,1000,1,cox,0.054,0.049,1000,corrupted,TRUE
15,exag,4,1000,2,cox,0.046,0.042,1000,corrupted,TRUE
16,exag,4,1000,5,cox,0.05,0.048,1000,corrupted,TRUE
17,exag,4,1000,10,cox,0.072,0.067,1000,corrupted,TRUE
18,sign,-4,1000,1,cox,0.043,0.042,1000,corrupted,TRUE
19,sign,-4,1000,2,cox,0.043,0.041,1000,corrupted,TRUE
20,sign,-4,1000,5,cox,0.088,0.08,1000,corrupted,TRUE
21,sign,-4,1000,10,cox,0.158,0.151,1000,corrupted,FALSE
1,null,0,250,0,giviti,0.056,0.056,1000,level,TRUE
2,null,0,500,0,giviti,0.053,0.05,1000,level,TRUE
3,null,0,1000,0,giviti,0.06,0.059,1000,level,TRUE
4,large,0.2,500,0,giviti,0.4,0.392,1000,alternative,
5,large,0.4,500,0,giviti,0.954,0.951,1000,alternative,
6,slope,0.8,500,0,giviti,0.429,0.415,1000,alternative,
7,slope,0.6,500,0,giviti,0.987,0.987,1000,alternative,
8,ushape,0.4,500,0,giviti,0.088,0.084,1000,alternative,
9,ushape,0.8,500,0,giviti,0.37,0.361,1000,alternative,
10,thresh,2,500,0,giviti,0.208,0.202,1000,alternative,
11,thresh,4,500,0,giviti,0.435,0.429,1000,alternative,
12,inter,0.6,500,0,giviti,0.106,0.102,1000,alternative,
13,inter,1,500,0,giviti,0.287,0.279,1000,alternative,
14,exag,4,1000,1,giviti,0.055,0.054,1000,corrupted,TRUE
15,exag,4,1000,2,giviti,0.047,0.044,1000,corrupted,TRUE
16,exag,4,1000,5,giviti,0.063,0.062,1000,corrupted,TRUE
17,exag,4,1000,10,giviti,0.089,0.086,1000,corrupted,TRUE
18,sign,-4,1000,1,giviti,0.057,0.057,1000,corrupted,TRUE
19,sign,-4,1000,2,giviti,0.08,0.078,1000,corrupted,TRUE
20,sign,-4,1000,5,giviti,0.192,0.185,1000,corrupted,FALSE
21,sign,-4,1000,10,giviti,0.347,0.34,1000,corrupted,FALSE
1,null,0,250,0,spiegelhalter,0.05,0.045,1000,level,TRUE
2,null,0,500,0,spiegelhalter,0.057,0.05,1000,level,TRUE
3,null,0,1000,0,spiegelhalter,0.061,0.05,1000,level,TRUE
4,large,0.2,500,0,spiegelhalter,0.118,0.107,1000,alternative,
5,large,0.4,500,0,spiegelhalter,0.324,0.303,1000,alternative,
6,slope,0.8,500,0,spiegelhalter,0.547,0.526,1000,alternative,
7,slope,0.6,500,0,spiegelhalter,0.995,0.994,1000,alternative,
8,ushape,0.4,500,0,spiegelhalter,0.08,0.075,1000,alternative,
9,ushape,0.8,500,0,spiegelhalter,0.283,0.271,1000,alternative,
10,thresh,2,500,0,spiegelhalter,0.077,0.067,1000,alternative,
11,thresh,4,500,0,spiegelhalter,0.097,0.086,1000,alternative,
12,inter,0.6,500,0,spiegelhalter,0.076,0.072,1000,alternative,
13,inter,1,500,0,spiegelhalter,0.224,0.21,1000,alternative,
14,exag,4,1000,1,spiegelhalter,0.048,0.041,1000,corrupted,TRUE
15,exag,4,1000,2,spiegelhalter,0.043,0.035,1000,corrupted,TRUE
16,exag,4,1000,5,spiegelhalter,0.054,0.049,1000,corrupted,TRUE
17,exag,4,1000,10,spiegelhalter,0.07,0.062,1000,corrupted,TRUE
18,sign,-4,1000,1,spiegelhalter,0.047,0.04,1000,corrupted,TRUE
19,sign,-4,1000,2,spiegelhalter,0.044,0.043,1000,corrupted,TRUE
20,sign,-4,1000,5,spiegelhalter,0.071,0.063,1000,corrupted,TRUE
21,sign,-4,1000,10,spiegelhalter,0.09,0.078,1000,corrupted,TRUE
1,null,0,250,0,stukel,0.051,0.041,1000,level,TRUE
2,null,0,500,0,stukel,0.062,0.05,1000,level,TRUE
3,null,0,1000,0,stukel,0.052,0.039,1000,level,TRUE
4,large,0.2,500,0,stukel,0.179,0.153,1000,alternative,
5,large,0.4,500,0,stukel,0.536,0.493,1000,alternative,
6,slope,0.8,500,0,stukel,0.353,0.321,1000,alternative,
7,slope,0.6,500,0,stukel,0.964,0.956,1000,alternative,
8,ushape,0.4,500,0,stukel,0.102,0.084,1000,alternative,
9,ushape,0.8,500,0,stukel,0.354,0.322,1000,alternative,
10,thresh,2,500,0,stukel,0.186,0.163,1000,alternative,
11,thresh,4,500,0,stukel,0.332,0.282,1000,alternative,
12,inter,0.6,500,0,stukel,0.115,0.103,1000,alternative,
13,inter,1,500,0,stukel,0.42,0.39,1000,alternative,
14,exag,4,1000,1,stukel,0.048,0.033,1000,corrupted,TRUE
15,exag,4,1000,2,stukel,0.07,0.052,1000,corrupted,TRUE
16,exag,4,1000,5,stukel,0.123,0.115,1000,corrupted,FALSE
17,exag,4,1000,10,stukel,0.173,0.157,1000,corrupted,FALSE
18,sign,-4,1000,1,stukel,0.114,0.103,1000,corrupted,FALSE
19,sign,-4,1000,2,stukel,0.132,0.118,1000,corrupted,FALSE
20,sign,-4,1000,5,stukel,0.349,0.331,1000,corrupted,FALSE
21,sign,-4,1000,10,stukel,0.61,0.584,1000,corrupted,FALSE
