block,cell,role,null_cell,n,subset,B,test,alpha,rejection,mcse,size_adj_power,null_size,declined,rejection_given_p,status
7,runD_probit_n20000,alternative,null_base_n20000,20000,all,800,flag.evlt.G10,,0,,,,0,,flag rate: share of replicates with the flag = 1
7,runD_probit_n20000,alternative,null_base_n20000,20000,all,800,flag.evlt.Grule,,0,,,,0,,flag rate: share of replicates with the flag = 1
7,runD_probit_n20000,alternative,null_base_n20000,20000,all,800,flag.stk_half0,,0,,,,0,,flag rate: share of replicates with the flag = 1
7,runD_probit_n20000,alternative,null_base_n20000,20000,all,800,flag.stk_diag,,0,,,,0,,flag rate: share of replicates with the flag = 1
7,runD_probit_n20000,alternative,null_base_n20000,20000,all,800,flag.rivals_run,,0,,,,0,,flag rate: share of replicates with the flag = 1
7,runD_probit_n20000,alternative,null_base_n20000,20000,all,800,flag.degenerate,,0,,,,0,,flag rate: share of replicates with the flag = 1
7,runD_probit_n20000,alternative,null_base_n20000,20000,all,800,flag.info_guard,,0,,,,0,,flag rate: share of replicates with the flag = 1
7,runD_probit_n20000,alternative,null_base_n20000,20000,all,800,flag.rep_error,,0,,,,0,,flag rate: share of replicates with the flag = 1
7,runD_probit_n20000,alternative,null_base_n20000,20000,all,800,EDGE.poly3.u.G10,0.01,0.51375,0.0176709838966312,0.54875,0.0065,0,0.51375,""
7,runD_probit_n20000,alternative,null_base_n20000,20000,all,800,EDGE.poly3.u.G10,0.05,0.71875,0.0158960858979498,0.7375,0.044,0,0.71875,""
7,runD_probit_n20000,alternative,null_base_n20000,20000,all,800,EDGE.poly3.u.G10,0.1,0.8325,0.013202450056713,0.8475,0.0885,0,0.8325,""
7,runD_probit_n20000,alternative,null_base_n20000,20000,all,800,EDGE.poly3.sc.G10,0.01,0.3575,0.0169445326728122,0.39875,0.0065,0,0.3575,""
7,runD_probit_n20000,alternative,null_base_n20000,20000,all,800,EDGE.poly3.sc.G10,0.05,0.63625,0.0170086719609439,0.64125,0.0465,0,0.63625,""
7,runD_probit_n20000,alternative,null_base_n20000,20000,all,800,EDGE.poly3.sc.G10,0.1,0.725,0.0157866636753939,0.75125,0.089,0,0.725,""
7,runD_probit_n20000,alternative,null_base_n20000,20000,all,800,EDGE.poly2.u.G10,0.01,0.10125,0.0106652729395454,0.10375,0.009,0,0.10125,""
7,runD_probit_n20000,alternative,null_base_n20000,20000,all,800,EDGE.poly2.u.G10,0.05,0.19875,0.014108881843541,0.225,0.0415,0,0.19875,""
7,runD_probit_n20000,alternative,null_base_n20000,20000,all,800,EDGE.poly2.u.G10,0.1,0.3175,0.0164580432463887,0.33125,0.091,0,0.3175,""
7,runD_probit_n20000,alternative,null_base_n20000,20000,all,800,EDGE.poly2.sc.G10,0.01,0.33125,0.0166404416069707,0.3325,0.0095,0,0.33125,""
7,runD_probit_n20000,alternative,null_base_n20000,20000,all,800,EDGE.poly2.sc.G10,0.05,0.57,0.0175035710642143,0.59375,0.0425,0,0.57,""
7,runD_probit_n20000,alternative,null_base_n20000,20000,all,800,EDGE.poly2.sc.G10,0.1,0.68375,0.016440648462728,0.69875,0.0915,0,0.68375,""
7,runD_probit_n20000,alternative,null_base_n20000,20000,all,800,EDGE.stk.u.G10,0.01,0.57375,0.0174843121647665,0.555,0.0115,0,0.57375,""
7,runD_probit_n20000,alternative,null_base_n20000,20000,all,800,EDGE.stk.u.G10,0.05,0.7925,0.0143371785055498,0.79875,0.0445,0,0.7925,""
7,runD_probit_n20000,alternative,null_base_n20000,20000,all,800,EDGE.stk.u.G10,0.1,0.86375,0.0121287848474198,0.875,0.087,0,0.86375,""
7,runD_probit_n20000,alternative,null_base_n20000,20000,all,800,EDGE.stk.sc.G10,0.01,0.44875,0.0175845613216537,0.47,0.0055,0,0.44875,""
7,runD_probit_n20000,alternative,null_base_n20000,20000,all,800,EDGE.stk.sc.G10,0.05,0.6775,0.0165262575164494,0.685,0.0485,0,0.6775,""
7,runD_probit_n20000,alternative,null_base_n20000,20000,all,800,EDGE.stk.sc.G10,0.1,0.76625,0.0149629098732499,0.79375,0.088,0,0.76625,""
7,runD_probit_n20000,alternative,null_base_n20000,20000,all,800,EDGE.sym.u.G10,0.01,0.53875,0.0176245013227325,0.5375,0.011,0,0.53875,""
7,runD_probit_n20000,alternative,null_base_n20000,20000,all,800,EDGE.sym.u.G10,0.05,0.805,0.0140078103213886,0.815,0.045,0,0.805,""
7,runD_probit_n20000,alternative,null_base_n20000,20000,all,800,EDGE.sym.u.G10,0.1,0.86625,0.0120343745942612,0.87375,0.0965,0,0.86625,""
7,runD_probit_n20000,alternative,null_base_n20000,20000,all,800,EDGE.sym.sc.G10,0.01,0.485,0.0176697127877054,0.47875,0.011,0,0.485,""
7,runD_probit_n20000,alternative,null_base_n20000,20000,all,800,EDGE.sym.sc.G10,0.05,0.715,0.015959910714036,0.73625,0.045,0,0.715,""
7,runD_probit_n20000,alternative,null_base_n20000,20000,all,800,EDGE.sym.sc.G10,0.1,0.82375,0.0134715411841036,0.83125,0.0935,0,0.82375,""
7,runD_probit_n20000,alternative,null_base_n20000,20000,all,800,EDGE.poly3.u.Grule,0.01,0.59625,0.0173470436061883,0.605,0.008,0,0.59625,""
7,runD_probit_n20000,alternative,null_base_n20000,20000,all,800,EDGE.poly3.u.Grule,0.05,0.78625,0.0144940046872836,0.8125,0.043,0,0.78625,""
7,runD_probit_n20000,alternative,null_base_n20000,20000,all,800,EDGE.poly3.u.Grule,0.1,0.87375,0.0117426007287568,0.88375,0.0875,0,0.87375,""
7,runD_probit_n20000,alternative,null_base_n20000,20000,all,800,EDGE.poly3.sc.Grule,0.01,0.52625,0.0176532906812016,0.5425,0.009,0,0.52625,""
7,runD_probit_n20000,alternative,null_base_n20000,20000,all,800,EDGE.poly3.sc.Grule,0.05,0.7675,0.0149350154837549,0.7725,0.0465,0,0.7675,""
7,runD_probit_n20000,alternative,null_base_n20000,20000,all,800,EDGE.poly3.sc.Grule,0.1,0.84625,0.0127529867825149,0.8725,0.0825,0,0.84625,""
7,runD_probit_n20000,alternative,null_base_n20000,20000,all,800,EDGE.poly2.u.Grule,0.01,0.085,0.00985995689645751,0.10125,0.008,0,0.085,""
7,runD_probit_n20000,alternative,null_base_n20000,20000,all,800,EDGE.poly2.u.Grule,0.05,0.19125,0.0139047400865676,0.215,0.0415,0,0.19125,""
7,runD_probit_n20000,alternative,null_base_n20000,20000,all,800,EDGE.poly2.u.Grule,0.1,0.30125,0.0162210679942783,0.315,0.091,0,0.30125,""
7,runD_probit_n20000,alternative,null_base_n20000,20000,all,800,EDGE.poly2.sc.Grule,0.01,0.59625,0.0173470436061883,0.61125,0.008,0,0.59625,""
7,runD_probit_n20000,alternative,null_base_n20000,20000,all,800,EDGE.poly2.sc.Grule,0.05,0.79625,0.0142406081989148,0.8025,0.0475,0,0.79625,""
7,runD_probit_n20000,alternative,null_base_n20000,20000,all,800,EDGE.poly2.sc.Grule,0.1,0.87625,0.0116423761266762,0.88125,0.0905,0,0.87625,""
7,runD_probit_n20000,alternative,null_base_n20000,20000,all,800,EDGE.stk.u.Grule,0.01,0.64875,0.0168772567935373,0.66125,0.0085,0,0.64875,""
7,runD_probit_n20000,alternative,null_base_n20000,20000,all,800,EDGE.stk.u.Grule,0.05,0.83875,0.0130023285174233,0.855,0.044,0,0.83875,""
7,runD_probit_n20000,alternative,null_base_n20000,20000,all,800,EDGE.stk.u.Grule,0.1,0.90125,0.0105474189674536,0.91125,0.0915,0,0.90125,""
7,runD_probit_n20000,alternative,null_base_n20000,20000,all,800,EDGE.stk.sc.Grule,0.01,0.5275,0.0176509118036435,0.53125,0.0095,0,0.5275,""
7,runD_probit_n20000,alternative,null_base_n20000,20000,all,800,EDGE.stk.sc.Grule,0.05,0.7525,0.0152579385075442,0.755,0.0485,0,0.7525,""
7,runD_probit_n20000,alternative,null_base_n20000,20000,all,800,EDGE.stk.sc.Grule,0.1,0.82625,0.0133959386335934,0.82875,0.094,0,0.82625,""
7,runD_probit_n20000,alternative,null_base_n20000,20000,all,800,EDGE.sym.u.Grule,0.01,0.72375,0.0158088558053706,0.72625,0.0085,0,0.72375,""
7,runD_probit_n20000,alternative,null_base_n20000,20000,all,800,EDGE.sym.u.Grule,0.05,0.88625,0.011225581137518,0.88625,0.05,0,0.88625,""
7,runD_probit_n20000,alternative,null_base_n20000,20000,all,800,EDGE.sym.u.Grule,0.1,0.93875,0.0084777972890958,0.94125,0.095,0,0.93875,""
7,runD_probit_n20000,alternative,null_base_n20000,20000,all,800,EDGE.sym.sc.Grule,0.01,0.7025,0.01616298819835,0.69875,0.0105,0,0.7025,""
7,runD_probit_n20000,alternative,null_base_n20000,20000,all,800,EDGE.sym.sc.Grule,0.05,0.87375,0.0117426007287568,0.88,0.0485,0,0.87375,""
7,runD_probit_n20000,alternative,null_base_n20000,20000,all,800,EDGE.sym.sc.Grule,0.1,0.93875,0.0084777972890958,0.94,0.099,0,0.93875,""
7,runD_probit_n20000,alternative,null_base_n20000,20000,all,800,HL.G10,0.01,0.2475,0.0152579385075442,0.33125,0.006,0,0.2475,""
7,runD_probit_n20000,alternative,null_base_n20000,20000,all,800,HL.G10,0.05,0.4975,0.0176774485574135,0.51875,0.0415,0,0.4975,""
7,runD_probit_n20000,alternative,null_base_n20000,20000,all,800,HL.G10,0.1,0.6275,0.0170932643898116,0.66,0.086,0,0.6275,""
7,runD_probit_n20000,alternative,null_base_n20000,20000,all,800,HL.Grule,0.01,0.00375,0.00216100020245256,0.0075,0.0065,0,0.00375,""
7,runD_probit_n20000,alternative,null_base_n20000,20000,all,800,HL.Grule,0.05,0.03125,0.00615156865157173,0.03625,0.0445,0,0.03125,""
7,runD_probit_n20000,alternative,null_base_n20000,20000,all,800,HL.Grule,0.1,0.05625,0.00814600649858567,0.0675,0.0915,0,0.05625,""
7,runD_probit_n20000,alternative,null_base_n20000,20000,all,800,HLF.G10,0.01,0.25875,0.0154837994973779,0.34375,0.006,0,0.25875,""
7,runD_probit_n20000,alternative,null_base_n20000,20000,all,800,HLF.G10,0.05,0.505,0.017676785624089,0.53,0.041,0,0.505,""
7,runD_probit_n20000,alternative,null_base_n20000,20000,all,800,HLF.G10,0.1,0.6475,0.0168909646704977,0.67125,0.0865,0,0.6475,""
7,runD_probit_n20000,alternative,null_base_n20000,20000,all,800,HLF.Grule,0.01,0.02,0.00494974746830583,0.02625,0.0065,0,0.02,""
7,runD_probit_n20000,alternative,null_base_n20000,20000,all,800,HLF.Grule,0.05,0.07375,0.00924059910801242,0.09,0.0455,0,0.07375,""
7,runD_probit_n20000,alternative,null_base_n20000,20000,all,800,HLF.Grule,0.1,0.14125,0.0123135310482006,0.16,0.0905,0,0.14125,""
7,runD_probit_n20000,alternative,null_base_n20000,20000,all,800,Stk.joint,0.01,0.59625,0.0173470436061883,0.61125,0.0095,0,0.59625,""
7,runD_probit_n20000,alternative,null_base_n20000,20000,all,800,Stk.joint,0.05,0.79,0.0144005208239147,0.815,0.0425,0,0.79,""
7,runD_probit_n20000,alternative,null_base_n20000,20000,all,800,Stk.joint,0.1,0.88,0.0114891252930761,0.88625,0.0865,0,0.88,""
7,runD_probit_n20000,alternative,null_base_n20000,20000,all,800,Stk.LR,0.01,0.60625,0.0172739304118953,0.6175,0.009,0,0.60625,""
7,runD_probit_n20000,alternative,null_base_n20000,20000,all,800,Stk.LR,0.05,0.8,0.014142135623731,0.83375,0.042,0,0.8,""
7,runD_probit_n20000,alternative,null_base_n20000,20000,all,800,Stk.LR,0.1,0.88,0.0114891252930761,0.89125,0.0875,0,0.88,""
7,runD_probit_n20000,alternative,null_base_n20000,20000,all,800,Stk.sym1,0.01,0.7,0.0162018517460197,0.7,0.01,0,0.7,""
7,runD_probit_n20000,alternative,null_base_n20000,20000,all,800,Stk.sym1,0.05,0.87375,0.0117426007287568,0.88125,0.048,0,0.87375,""
7,runD_probit_n20000,alternative,null_base_n20000,20000,all,800,Stk.sym1,0.1,0.93875,0.0084777972890958,0.94,0.099,0,0.93875,""
7,runD_probit_n20000,alternative,null_base_n20000,20000,all,800,Stk.marg,0.01,0.215,0.0145247633371425,0.15875,0.016,0,0.215,""
7,runD_probit_n20000,alternative,null_base_n20000,20000,all,800,Stk.marg,0.05,0.4525,0.0175977182469774,0.40625,0.0575,0,0.4525,""
7,runD_probit_n20000,alternative,null_base_n20000,20000,all,800,Stk.marg,0.1,0.60375,0.0172929153665598,0.57875,0.1095,0,0.60375,""
7,runD_probit_n20000,alternative,null_base_n20000,20000,all,800,GiViTI,0.01,0.32625,0.0165759968591636,0.3525,0.009,0,0.32625,""
7,runD_probit_n20000,alternative,null_base_n20000,20000,all,800,GiViTI,0.05,0.54375,0.0176098671736899,0.5725,0.0405,0,0.54375,""
7,runD_probit_n20000,alternative,null_base_n20000,20000,all,800,GiViTI,0.1,0.65125,0.0168494598392649,0.65875,0.0925,0,0.65125,""
7,runD_probit_n20000,alternative,null_base_n20000,20000,all,800,GiViTI.t50,0.01,0.5225,0.0176597618188921,0.58375,0.0075,0,0.5225,""
7,runD_probit_n20000,alternative,null_base_n20000,20000,all,800,GiViTI.t50,0.05,0.7375,0.0155560980808171,0.74625,0.0435,0,0.7375,""
7,runD_probit_n20000,alternative,null_base_n20000,20000,all,800,GiViTI.t50,0.1,0.8325,0.013202450056713,0.84875,0.091,0,0.8325,""
7,runD_probit_n20000,alternative,null_base_n20000,20000,all,800,Cubic.LR,0.01,0.635,0.0170211265784612,0.64875,0.0085,0,0.635,""
7,runD_probit_n20000,alternative,null_base_n20000,20000,all,800,Cubic.LR,0.05,0.83,0.0132806249852934,0.85,0.0415,0,0.83,""
7,runD_probit_n20000,alternative,null_base_n20000,20000,all,800,Cubic.LR,0.1,0.89875,0.0106652729395454,0.90625,0.087,0,0.89875,""
7,runD_probit_n20000,alternative,null_base_n20000,20000,all,800,HL_w,0.01,0,0,0,0,1,,"not run (n >= 10,000)"
7,runD_probit_n20000,alternative,null_base_n20000,20000,all,800,HL_w,0.05,0,0,0,0,1,,"not run (n >= 10,000)"
7,runD_probit_n20000,alternative,null_base_n20000,20000,all,800,HL_w,0.1,0,0,0,0,1,,"not run (n >= 10,000)"
7,runD_probit_n20000,alternative,null_base_n20000,20000,all,800,PH,0.01,0,0,0,0,1,,"not run (n >= 10,000)"
7,runD_probit_n20000,alternative,null_base_n20000,20000,all,800,PH,0.05,0,0,0,0,1,,"not run (n >= 10,000)"
7,runD_probit_n20000,alternative,null_base_n20000,20000,all,800,PH,0.1,0,0,0,0,1,,"not run (n >= 10,000)"
7,runD_probit_n20000,alternative,null_base_n20000,20000,all,800,Tsiatis,0.01,0,0,0,0,1,,"not run (n >= 10,000)"
7,runD_probit_n20000,alternative,null_base_n20000,20000,all,800,Tsiatis,0.05,0,0,0,0,1,,"not run (n >= 10,000)"
7,runD_probit_n20000,alternative,null_base_n20000,20000,all,800,Tsiatis,0.1,0,0,0,0,1,,"not run (n >= 10,000)"
7,runD_probit_n20000,alternative,null_base_n20000,20000,all,800,Xie,0.01,0,0,0,0,1,,"not run (n >= 10,000)"
7,runD_probit_n20000,alternative,null_base_n20000,20000,all,800,Xie,0.05,0,0,0,0,1,,"not run (n >= 10,000)"
7,runD_probit_n20000,alternative,null_base_n20000,20000,all,800,Xie,0.1,0,0,0,0,1,,"not run (n >= 10,000)"
7,runD_probit_n20000,alternative,null_base_n20000,20000,all,800,PR,0.01,0,0,0,0,1,,"not run (n >= 10,000)"
7,runD_probit_n20000,alternative,null_base_n20000,20000,all,800,PR,0.05,0,0,0,0,1,,"not run (n >= 10,000)"
7,runD_probit_n20000,alternative,null_base_n20000,20000,all,800,PR,0.1,0,0,0,0,1,,"not run (n >= 10,000)"
7,runD_probit_n50000,alternative,runD_null_n50000,50000,all,800,flag.evlt.G10,,0,,,,0,,flag rate: share of replicates with the flag = 1
7,runD_probit_n50000,alternative,runD_null_n50000,50000,all,800,flag.evlt.Grule,,0,,,,0,,flag rate: share of replicates with the flag = 1
7,runD_probit_n50000,alternative,runD_null_n50000,50000,all,800,flag.stk_half0,,0,,,,0,,flag rate: share of replicates with the flag = 1
7,runD_probit_n50000,alternative,runD_null_n50000,50000,all,800,flag.stk_diag,,0,,,,0,,flag rate: share of replicates with the flag = 1
7,runD_probit_n50000,alternative,runD_null_n50000,50000,all,800,flag.rivals_run,,0,,,,0,,flag rate: share of replicates with the flag = 1
7,runD_probit_n50000,alternative,runD_null_n50000,50000,all,800,flag.degenerate,,0,,,,0,,flag rate: share of replicates with the flag = 1
7,runD_probit_n50000,alternative,runD_null_n50000,50000,all,800,flag.info_guard,,0,,,,0,,flag rate: share of replicates with the flag = 1
7,runD_probit_n50000,alternative,runD_null_n50000,50000,all,800,flag.rep_error,,0,,,,0,,flag rate: share of replicates with the flag = 1
7,runD_probit_n50000,alternative,runD_null_n50000,50000,all,800,EDGE.poly3.u.G10,0.01,0.965,0.00649759570918352,0.96375,0.01,0,0.965,""
7,runD_probit_n50000,alternative,runD_null_n50000,50000,all,800,EDGE.poly3.u.G10,0.05,0.99625,0.00216100020245257,0.99625,0.05375,0,0.99625,""
7,runD_probit_n50000,alternative,runD_null_n50000,50000,all,800,EDGE.poly3.u.G10,0.1,0.9975,0.00176555586147817,0.9975,0.1,0,0.9975,""
7,runD_probit_n50000,alternative,runD_null_n50000,50000,all,800,EDGE.poly3.sc.G10,0.01,0.90125,0.0105474189674536,0.88625,0.01,0,0.90125,""
7,runD_probit_n50000,alternative,runD_null_n50000,50000,all,800,EDGE.poly3.sc.G10,0.05,0.97125,0.00590798585602573,0.97125,0.05,0,0.97125,""
7,runD_probit_n50000,alternative,runD_null_n50000,50000,all,800,EDGE.poly3.sc.G10,0.1,0.99375,0.00278633664064484,0.99,0.10375,0,0.99375,""
7,runD_probit_n50000,alternative,runD_null_n50000,50000,all,800,EDGE.poly2.u.G10,0.01,0.245,0.0152058787973599,0.2375,0.01,0,0.245,""
7,runD_probit_n50000,alternative,runD_null_n50000,50000,all,800,EDGE.poly2.u.G10,0.05,0.4925,0.0176756806799625,0.48,0.0525,0,0.4925,""
7,runD_probit_n50000,alternative,runD_null_n50000,50000,all,800,EDGE.poly2.u.G10,0.1,0.63625,0.0170086719609439,0.62125,0.11375,0,0.63625,""
7,runD_probit_n50000,alternative,runD_null_n50000,50000,all,800,EDGE.poly2.sc.G10,0.01,0.83625,0.0130831923426586,0.8375,0.00875,0,0.83625,""
7,runD_probit_n50000,alternative,runD_null_n50000,50000,all,800,EDGE.poly2.sc.G10,0.05,0.94,0.00839642781187334,0.93375,0.05,0,0.94,""
7,runD_probit_n50000,alternative,runD_null_n50000,50000,all,800,EDGE.poly2.sc.G10,0.1,0.97625,0.00538353247180697,0.97625,0.10125,0,0.97625,""
7,runD_probit_n50000,alternative,runD_null_n50000,50000,all,800,EDGE.stk.u.G10,0.01,0.97625,0.00538353247180697,0.97375,0.01125,0,0.97625,""
7,runD_probit_n50000,alternative,runD_null_n50000,50000,all,800,EDGE.stk.u.G10,0.05,0.99875,0.00124921850570665,0.99875,0.0425,0,0.99875,""
7,runD_probit_n50000,alternative,runD_null_n50000,50000,all,800,EDGE.stk.u.G10,0.1,1,0,1,0.10375,0,1,""
7,runD_probit_n50000,alternative,runD_null_n50000,50000,all,800,EDGE.stk.sc.G10,0.01,0.93625,0.00863755879140628,0.93625,0.01,0,0.93625,""
7,runD_probit_n50000,alternative,runD_null_n50000,50000,all,800,EDGE.stk.sc.G10,0.05,0.98875,0.00372884658775337,0.9875,0.0525,0,0.98875,""
7,runD_probit_n50000,alternative,runD_null_n50000,50000,all,800,EDGE.stk.sc.G10,0.1,0.9975,0.00176555586147817,0.9975,0.10875,0,0.9975,""
7,runD_probit_n50000,alternative,runD_null_n50000,50000,all,800,EDGE.sym.u.G10,0.01,0.9725,0.00578184118598911,0.965,0.01375,0,0.9725,""
7,runD_probit_n50000,alternative,runD_null_n50000,50000,all,800,EDGE.sym.u.G10,0.05,0.99625,0.00216100020245257,0.99625,0.0475,0,0.99625,""
7,runD_probit_n50000,alternative,runD_null_n50000,50000,all,800,EDGE.sym.u.G10,0.1,0.99875,0.00124921850570665,0.9975,0.10375,0,0.99875,""
7,runD_probit_n50000,alternative,runD_null_n50000,50000,all,800,EDGE.sym.sc.G10,0.01,0.9525,0.00752028506773513,0.92375,0.0125,0,0.9525,""
7,runD_probit_n50000,alternative,runD_null_n50000,50000,all,800,EDGE.sym.sc.G10,0.05,0.99375,0.00278633664064484,0.99375,0.0475,0,0.99375,""
7,runD_probit_n50000,alternative,runD_null_n50000,50000,all,800,EDGE.sym.sc.G10,0.1,0.99625,0.00216100020245257,0.99625,0.105,0,0.99625,""
7,runD_probit_n50000,alternative,runD_null_n50000,50000,all,800,EDGE.poly3.u.Grule,0.01,0.98875,0.00372884658775337,0.98875,0.005,0,0.98875,""
7,runD_probit_n50000,alternative,runD_null_n50000,50000,all,800,EDGE.poly3.u.Grule,0.05,0.9975,0.00176555586147817,0.9975,0.05375,0,0.9975,""
7,runD_probit_n50000,alternative,runD_null_n50000,50000,all,800,EDGE.poly3.u.Grule,0.1,1,0,1,0.09375,0,1,""
7,runD_probit_n50000,alternative,runD_null_n50000,50000,all,800,EDGE.poly3.sc.Grule,0.01,0.98375,0.00447017022886153,0.965,0.0125,0,0.98375,""
7,runD_probit_n50000,alternative,runD_null_n50000,50000,all,800,EDGE.poly3.sc.Grule,0.05,0.9975,0.00176555586147817,0.9975,0.05625,0,0.9975,""
7,runD_probit_n50000,alternative,runD_null_n50000,50000,all,800,EDGE.poly3.sc.Grule,0.1,1,0,1,0.09875,0,1,""
7,runD_probit_n50000,alternative,runD_null_n50000,50000,all,800,EDGE.poly2.u.Grule,0.01,0.26,0.0155080624192708,0.26875,0.0075,0,0.26,""
7,runD_probit_n50000,alternative,runD_null_n50000,50000,all,800,EDGE.poly2.u.Grule,0.05,0.48625,0.0176709838966312,0.46375,0.055,0,0.48625,""
7,runD_probit_n50000,alternative,runD_null_n50000,50000,all,800,EDGE.poly2.u.Grule,0.1,0.63875,0.0169833903233424,0.62,0.10875,0,0.63875,""
7,runD_probit_n50000,alternative,runD_null_n50000,50000,all,800,EDGE.poly2.sc.Grule,0.01,0.99,0.00351781181986757,0.99,0.00375,0,0.99,""
7,runD_probit_n50000,alternative,runD_null_n50000,50000,all,800,EDGE.poly2.sc.Grule,0.05,0.9975,0.00176555586147817,0.9975,0.055,0,0.9975,""
7,runD_probit_n50000,alternative,runD_null_n50000,50000,all,800,EDGE.poly2.sc.Grule,0.1,1,0,1,0.095,0,1,""
7,runD_probit_n50000,alternative,runD_null_n50000,50000,all,800,EDGE.stk.u.Grule,0.01,0.99125,0.00329268839628047,0.99125,0.0075,0,0.99125,""
7,runD_probit_n50000,alternative,runD_null_n50000,50000,all,800,EDGE.stk.u.Grule,0.05,0.99875,0.00124921850570665,0.99875,0.0475,0,0.99875,""
7,runD_probit_n50000,alternative,runD_null_n50000,50000,all,800,EDGE.stk.u.Grule,0.1,0.99875,0.00124921850570665,0.99875,0.095,0,0.99875,""
7,runD_probit_n50000,alternative,runD_null_n50000,50000,all,800,EDGE.stk.sc.Grule,0.01,0.97625,0.00538353247180697,0.97,0.0125,0,0.97625,""
7,runD_probit_n50000,alternative,runD_null_n50000,50000,all,800,EDGE.stk.sc.Grule,0.05,0.9975,0.00176555586147817,0.99625,0.05,0,0.9975,""
7,runD_probit_n50000,alternative,runD_null_n50000,50000,all,800,EDGE.stk.sc.Grule,0.1,1,0,1,0.105,0,1,""
7,runD_probit_n50000,alternative,runD_null_n50000,50000,all,800,EDGE.sym.u.Grule,0.01,0.99375,0.00278633664064484,0.99125,0.01,0,0.99375,""
7,runD_probit_n50000,alternative,runD_null_n50000,50000,all,800,EDGE.sym.u.Grule,0.05,0.99875,0.00124921850570665,0.99875,0.0425,0,0.99875,""
7,runD_probit_n50000,alternative,runD_null_n50000,50000,all,800,EDGE.sym.u.Grule,0.1,1,0,1,0.1,0,1,""
7,runD_probit_n50000,alternative,runD_null_n50000,50000,all,800,EDGE.sym.sc.Grule,0.01,0.995,0.0024937421679075,0.99375,0.01125,0,0.995,""
7,runD_probit_n50000,alternative,runD_null_n50000,50000,all,800,EDGE.sym.sc.Grule,0.05,1,0,1,0.03875,0,1,""
7,runD_probit_n50000,alternative,runD_null_n50000,50000,all,800,EDGE.sym.sc.Grule,0.1,1,0,1,0.0975,0,1,""
7,runD_probit_n50000,alternative,runD_null_n50000,50000,all,800,HL.G10,0.01,0.82375,0.0134715411841036,0.835,0.0075,0,0.82375,""
7,runD_probit_n50000,alternative,runD_null_n50000,50000,all,800,HL.G10,0.05,0.94,0.00839642781187334,0.92875,0.05875,0,0.94,""
7,runD_probit_n50000,alternative,runD_null_n50000,50000,all,800,HL.G10,0.1,0.96875,0.00615156865157173,0.9675,0.10625,0,0.96875,""
7,runD_probit_n50000,alternative,runD_null_n50000,50000,all,800,HL.Grule,0.01,0.005,0.0024937421679075,0.005,0.00875,0,0.005,""
7,runD_probit_n50000,alternative,runD_null_n50000,50000,all,800,HL.Grule,0.05,0.02125,0.00509882799033268,0.03125,0.03125,0,0.02125,""
7,runD_probit_n50000,alternative,runD_null_n50000,50000,all,800,HL.Grule,0.1,0.04375,0.00723152279087883,0.07125,0.07375,0,0.04375,""
7,runD_probit_n50000,alternative,runD_null_n50000,50000,all,800,HLF.G10,0.01,0.82875,0.0133193204359307,0.8375,0.0075,0,0.82875,""
7,runD_probit_n50000,alternative,runD_null_n50000,50000,all,800,HLF.G10,0.05,0.9425,0.00823056422731759,0.93,0.06,0,0.9425,""
7,runD_probit_n50000,alternative,runD_null_n50000,50000,all,800,HLF.G10,0.1,0.97125,0.00590798585602573,0.96875,0.10625,0,0.97125,""
7,runD_probit_n50000,alternative,runD_null_n50000,50000,all,800,HLF.Grule,0.01,0.0275,0.00578184118598911,0.03,0.00875,0,0.0275,""
7,runD_probit_n50000,alternative,runD_null_n50000,50000,all,800,HLF.Grule,0.05,0.1075,0.0109512413679911,0.14125,0.0325,0,0.1075,""
7,runD_probit_n50000,alternative,runD_null_n50000,50000,all,800,HLF.Grule,0.1,0.18875,0.0138348941765017,0.225,0.07375,0,0.18875,""
7,runD_probit_n50000,alternative,runD_null_n50000,50000,all,800,Stk.joint,0.01,0.98875,0.00372884658775337,0.98875,0.00875,0,0.98875,""
7,runD_probit_n50000,alternative,runD_null_n50000,50000,all,800,Stk.joint,0.05,1,0,1,0.0525,0,1,""
7,runD_probit_n50000,alternative,runD_null_n50000,50000,all,800,Stk.joint,0.1,1,0,1,0.10125,0,1,""
7,runD_probit_n50000,alternative,runD_null_n50000,50000,all,800,Stk.LR,0.01,0.98875,0.00372884658775337,0.98875,0.00875,0,0.98875,""
7,runD_probit_n50000,alternative,runD_null_n50000,50000,all,800,Stk.LR,0.05,1,0,1,0.0525,0,1,""
7,runD_probit_n50000,alternative,runD_null_n50000,50000,all,800,Stk.LR,0.1,1,0,1,0.10375,0,1,""
7,runD_probit_n50000,alternative,runD_null_n50000,50000,all,800,Stk.sym1,0.01,0.995,0.0024937421679075,0.99375,0.01125,0,0.995,""
7,runD_probit_n50000,alternative,runD_null_n50000,50000,all,800,Stk.sym1,0.05,1,0,1,0.03875,0,1,""
7,runD_probit_n50000,alternative,runD_null_n50000,50000,all,800,Stk.sym1,0.1,1,0,1,0.09625,0,1,""
7,runD_probit_n50000,alternative,runD_null_n50000,50000,all,800,Stk.marg,0.01,0.7625,0.0150455038965134,0.60125,0.02375,0,0.7625,""
7,runD_probit_n50000,alternative,runD_null_n50000,50000,all,800,Stk.marg,0.05,0.93875,0.0084777972890958,0.89125,0.06875,0,0.93875,""
7,runD_probit_n50000,alternative,runD_null_n50000,50000,all,800,Stk.marg,0.1,0.97875,0.00509882799033268,0.97125,0.12125,0,0.97875,""
7,runD_probit_n50000,alternative,runD_null_n50000,50000,all,800,GiViTI,0.01,0.93875,0.0084777972890958,0.94375,0.00875,0,0.93875,""
7,runD_probit_n50000,alternative,runD_null_n50000,50000,all,800,GiViTI,0.05,0.98,0.00494974746830583,0.97875,0.05375,0,0.98,""
7,runD_probit_n50000,alternative,runD_null_n50000,50000,all,800,GiViTI,0.1,0.99125,0.00329268839628047,0.99125,0.10375,0,0.99125,""
7,runD_probit_n50000,alternative,runD_null_n50000,50000,all,800,GiViTI.t50,0.01,0.97375,0.00565253676458632,0.97375,0.01,0,0.97375,""
7,runD_probit_n50000,alternative,runD_null_n50000,50000,all,800,GiViTI.t50,0.05,0.995,0.0024937421679075,0.995,0.0475,0,0.995,""
7,runD_probit_n50000,alternative,runD_null_n50000,50000,all,800,GiViTI.t50,0.1,0.99875,0.00124921850570665,0.99875,0.1,0,0.99875,""
7,runD_probit_n50000,alternative,runD_null_n50000,50000,all,800,Cubic.LR,0.01,0.99,0.00351781181986757,0.99,0.005,0,0.99,""
7,runD_probit_n50000,alternative,runD_null_n50000,50000,all,800,Cubic.LR,0.05,0.99875,0.00124921850570665,0.99875,0.04625,0,0.99875,""
7,runD_probit_n50000,alternative,runD_null_n50000,50000,all,800,Cubic.LR,0.1,1,0,1,0.095,0,1,""
7,runD_probit_n50000,alternative,runD_null_n50000,50000,all,800,HL_w,0.01,0,0,0,0,1,,"not run (n >= 10,000)"
7,runD_probit_n50000,alternative,runD_null_n50000,50000,all,800,HL_w,0.05,0,0,0,0,1,,"not run (n >= 10,000)"
7,runD_probit_n50000,alternative,runD_null_n50000,50000,all,800,HL_w,0.1,0,0,0,0,1,,"not run (n >= 10,000)"
7,runD_probit_n50000,alternative,runD_null_n50000,50000,all,800,PH,0.01,0,0,0,0,1,,"not run (n >= 10,000)"
7,runD_probit_n50000,alternative,runD_null_n50000,50000,all,800,PH,0.05,0,0,0,0,1,,"not run (n >= 10,000)"
7,runD_probit_n50000,alternative,runD_null_n50000,50000,all,800,PH,0.1,0,0,0,0,1,,"not run (n >= 10,000)"
7,runD_probit_n50000,alternative,runD_null_n50000,50000,all,800,Tsiatis,0.01,0,0,0,0,1,,"not run (n >= 10,000)"
7,runD_probit_n50000,alternative,runD_null_n50000,50000,all,800,Tsiatis,0.05,0,0,0,0,1,,"not run (n >= 10,000)"
7,runD_probit_n50000,alternative,runD_null_n50000,50000,all,800,Tsiatis,0.1,0,0,0,0,1,,"not run (n >= 10,000)"
7,runD_probit_n50000,alternative,runD_null_n50000,50000,all,800,Xie,0.01,0,0,0,0,1,,"not run (n >= 10,000)"
7,runD_probit_n50000,alternative,runD_null_n50000,50000,all,800,Xie,0.05,0,0,0,0,1,,"not run (n >= 10,000)"
7,runD_probit_n50000,alternative,runD_null_n50000,50000,all,800,Xie,0.1,0,0,0,0,1,,"not run (n >= 10,000)"
7,runD_probit_n50000,alternative,runD_null_n50000,50000,all,800,PR,0.01,0,0,0,0,1,,"not run (n >= 10,000)"
7,runD_probit_n50000,alternative,runD_null_n50000,50000,all,800,PR,0.05,0,0,0,0,1,,"not run (n >= 10,000)"
7,runD_probit_n50000,alternative,runD_null_n50000,50000,all,800,PR,0.1,0,0,0,0,1,,"not run (n >= 10,000)"
7,runD_null_n50000,null,,50000,all,800,flag.evlt.G10,,0,,,,0,,flag rate: share of replicates with the flag = 1
7,runD_null_n50000,null,,50000,all,800,flag.evlt.Grule,,0,,,,0,,flag rate: share of replicates with the flag = 1
7,runD_null_n50000,null,,50000,all,800,flag.stk_half0,,0,,,,0,,flag rate: share of replicates with the flag = 1
7,runD_null_n50000,null,,50000,all,800,flag.stk_diag,,0,,,,0,,flag rate: share of replicates with the flag = 1
7,runD_null_n50000,null,,50000,all,800,flag.rivals_run,,0,,,,0,,flag rate: share of replicates with the flag = 1
7,runD_null_n50000,null,,50000,all,800,flag.degenerate,,0,,,,0,,flag rate: share of replicates with the flag = 1
7,runD_null_n50000,null,,50000,all,800,flag.info_guard,,0,,,,0,,flag rate: share of replicates with the flag = 1
7,runD_null_n50000,null,,50000,all,800,flag.rep_error,,0,,,,0,,flag rate: share of replicates with the flag = 1
7,runD_null_n50000,null,,50000,all,800,EDGE.poly3.u.G10,0.01,0.01,0.00351781181986757,,,0,0.01,""
7,runD_null_n50000,null,,50000,all,800,EDGE.poly3.u.G10,0.05,0.05375,0.007973466741324,,,0,0.05375,""
7,runD_null_n50000,null,,50000,all,800,EDGE.poly3.u.G10,0.1,0.1,0.0106066017177982,,,0,0.1,""
7,runD_null_n50000,null,,50000,all,800,EDGE.poly3.sc.G10,0.01,0.01,0.00351781181986757,,,0,0.01,""
7,runD_null_n50000,null,,50000,all,800,EDGE.poly3.sc.G10,0.05,0.05,0.00770551750371122,,,0,0.05,""
7,runD_null_n50000,null,,50000,all,800,EDGE.poly3.sc.G10,0.1,0.10375,0.0107811141295786,,,0,0.10375,""
7,runD_null_n50000,null,,50000,all,800,EDGE.poly2.u.G10,0.01,0.01,0.00351781181986757,,,0,0.01,""
7,runD_null_n50000,null,,50000,all,800,EDGE.poly2.u.G10,0.05,0.0525,0.00788540978643469,,,0,0.0525,""
7,runD_null_n50000,null,,50000,all,800,EDGE.poly2.u.G10,0.1,0.11375,0.011225581137518,,,0,0.11375,""
7,runD_null_n50000,null,,50000,all,800,EDGE.poly2.sc.G10,0.01,0.00875,0.00329268839628046,,,0,0.00875,""
7,runD_null_n50000,null,,50000,all,800,EDGE.poly2.sc.G10,0.05,0.05,0.00770551750371122,,,0,0.05,""
7,runD_null_n50000,null,,50000,all,800,EDGE.poly2.sc.G10,0.1,0.10125,0.0106652729395454,,,0,0.10125,""
7,runD_null_n50000,null,,50000,all,800,EDGE.stk.u.G10,0.01,0.01125,0.00372884658775338,,,0,0.01125,""
7,runD_null_n50000,null,,50000,all,800,EDGE.stk.u.G10,0.05,0.0425,0.00713212363185047,,,0,0.0425,""
7,runD_null_n50000,null,,50000,all,800,EDGE.stk.u.G10,0.1,0.10375,0.0107811141295786,,,0,0.10375,""
7,runD_null_n50000,null,,50000,all,800,EDGE.stk.sc.G10,0.01,0.01,0.00351781181986757,,,0,0.01,""
7,runD_null_n50000,null,,50000,all,800,EDGE.stk.sc.G10,0.05,0.0525,0.00788540978643469,,,0,0.0525,""
7,runD_null_n50000,null,,50000,all,800,EDGE.stk.sc.G10,0.1,0.10875,0.0110070112598743,,,0,0.10875,""
7,runD_null_n50000,null,,50000,all,800,EDGE.sym.u.G10,0.01,0.01375,0.00411718008775424,,,0,0.01375,""
7,runD_null_n50000,null,,50000,all,800,EDGE.sym.u.G10,0.05,0.0475,0.00752028506773513,,,0,0.0475,""
7,runD_null_n50000,null,,50000,all,800,EDGE.sym.u.G10,0.1,0.10375,0.0107811141295786,,,0,0.10375,""
7,runD_null_n50000,null,,50000,all,800,EDGE.sym.sc.G10,0.01,0.0125,0.00392806409061767,,,0,0.0125,""
7,runD_null_n50000,null,,50000,all,800,EDGE.sym.sc.G10,0.05,0.0475,0.00752028506773513,,,0,0.0475,""
7,runD_null_n50000,null,,50000,all,800,EDGE.sym.sc.G10,0.1,0.105,0.0108383001434727,,,0,0.105,""
7,runD_null_n50000,null,,50000,all,800,EDGE.poly3.u.Grule,0.01,0.005,0.0024937421679075,,,0,0.005,""
7,runD_null_n50000,null,,50000,all,800,EDGE.poly3.u.Grule,0.05,0.05375,0.007973466741324,,,0,0.05375,""
7,runD_null_n50000,null,,50000,all,800,EDGE.poly3.u.Grule,0.1,0.09375,0.0103053952799007,,,0,0.09375,""
7,runD_null_n50000,null,,50000,all,800,EDGE.poly3.sc.Grule,0.01,0.0125,0.00392806409061767,,,0,0.0125,""
7,runD_null_n50000,null,,50000,all,800,EDGE.poly3.sc.Grule,0.05,0.05625,0.00814600649858567,,,0,0.05625,""
7,runD_null_n50000,null,,50000,all,800,EDGE.poly3.sc.Grule,0.1,0.09875,0.0105474189674536,,,0,0.09875,""
7,runD_null_n50000,null,,50000,all,800,EDGE.poly2.u.Grule,0.01,0.0075,0.00305035858547811,,,0,0.0075,""
7,runD_null_n50000,null,,50000,all,800,EDGE.poly2.u.Grule,0.05,0.055,0.00806031947257675,,,0,0.055,""
7,runD_null_n50000,null,,50000,all,800,EDGE.poly2.u.Grule,0.1,0.10875,0.0110070112598743,,,0,0.10875,""
7,runD_null_n50000,null,,50000,all,800,EDGE.poly2.sc.Grule,0.01,0.00375,0.00216100020245256,,,0,0.00375,""
7,runD_null_n50000,null,,50000,all,800,EDGE.poly2.sc.Grule,0.05,0.055,0.00806031947257675,,,0,0.055,""
7,runD_null_n50000,null,,50000,all,800,EDGE.poly2.sc.Grule,0.1,0.095,0.0103667135583077,,,0,0.095,""
7,runD_null_n50000,null,,50000,all,800,EDGE.stk.u.Grule,0.01,0.0075,0.00305035858547811,,,0,0.0075,""
7,runD_null_n50000,null,,50000,all,800,EDGE.stk.u.Grule,0.05,0.0475,0.00752028506773513,,,0,0.0475,""
7,runD_null_n50000,null,,50000,all,800,EDGE.stk.u.Grule,0.1,0.095,0.0103667135583077,,,0,0.095,""
7,runD_null_n50000,null,,50000,all,800,EDGE.stk.sc.Grule,0.01,0.0125,0.00392806409061767,,,0,0.0125,""
7,runD_null_n50000,null,,50000,all,800,EDGE.stk.sc.Grule,0.05,0.05,0.00770551750371122,,,0,0.05,""
7,runD_null_n50000,null,,50000,all,800,EDGE.stk.sc.Grule,0.1,0.105,0.0108383001434727,,,0,0.105,""
7,runD_null_n50000,null,,50000,all,800,EDGE.sym.u.Grule,0.01,0.01,0.00351781181986757,,,0,0.01,""
7,runD_null_n50000,null,,50000,all,800,EDGE.sym.u.Grule,0.05,0.0425,0.00713212363185047,,,0,0.0425,""
7,runD_null_n50000,null,,50000,all,800,EDGE.sym.u.Grule,0.1,0.1,0.0106066017177982,,,0,0.1,""
7,runD_null_n50000,null,,50000,all,800,EDGE.sym.sc.Grule,0.01,0.01125,0.00372884658775338,,,0,0.01125,""
7,runD_null_n50000,null,,50000,all,800,EDGE.sym.sc.Grule,0.05,0.03875,0.00682352891655044,,,0,0.03875,""
7,runD_null_n50000,null,,50000,all,800,EDGE.sym.sc.Grule,0.1,0.0975,0.0104877160287643,,,0,0.0975,""
7,runD_null_n50000,null,,50000,all,800,HL.G10,0.01,0.0075,0.00305035858547811,,,0,0.0075,""
7,runD_null_n50000,null,,50000,all,800,HL.G10,0.05,0.05875,0.00831402711536353,,,0,0.05875,""
7,runD_null_n50000,null,,50000,all,800,HL.G10,0.1,0.10625,0.0108950067404752,,,0,0.10625,""
7,runD_null_n50000,null,,50000,all,800,HL.Grule,0.01,0.00875,0.00329268839628046,,,0,0.00875,""
7,runD_null_n50000,null,,50000,all,800,HL.Grule,0.05,0.03125,0.00615156865157173,,,0,0.03125,""
7,runD_null_n50000,null,,50000,all,800,HL.Grule,0.1,0.07375,0.00924059910801242,,,0,0.07375,""
7,runD_null_n50000,null,,50000,all,800,HLF.G10,0.01,0.0075,0.00305035858547811,,,0,0.0075,""
7,runD_null_n50000,null,,50000,all,800,HLF.G10,0.05,0.06,0.00839642781187333,,,0,0.06,""
7,runD_null_n50000,null,,50000,all,800,HLF.G10,0.1,0.10625,0.0108950067404752,,,0,0.10625,""
7,runD_null_n50000,null,,50000,all,800,HLF.Grule,0.01,0.00875,0.00329268839628046,,,0,0.00875,""
7,runD_null_n50000,null,,50000,all,800,HLF.Grule,0.05,0.0325,0.00626934506148768,,,0,0.0325,""
7,runD_null_n50000,null,,50000,all,800,HLF.Grule,0.1,0.07375,0.00924059910801242,,,0,0.07375,""
7,runD_null_n50000,null,,50000,all,800,Stk.joint,0.01,0.00875,0.00329268839628046,,,0,0.00875,""
7,runD_null_n50000,null,,50000,all,800,Stk.joint,0.05,0.0525,0.00788540978643469,,,0,0.0525,""
7,runD_null_n50000,null,,50000,all,800,Stk.joint,0.1,0.10125,0.0106652729395454,,,0,0.10125,""
7,runD_null_n50000,null,,50000,all,800,Stk.LR,0.01,0.00875,0.00329268839628046,,,0,0.00875,""
7,runD_null_n50000,null,,50000,all,800,Stk.LR,0.05,0.0525,0.00788540978643469,,,0,0.0525,""
7,runD_null_n50000,null,,50000,all,800,Stk.LR,0.1,0.10375,0.0107811141295786,,,0,0.10375,""
7,runD_null_n50000,null,,50000,all,800,Stk.sym1,0.01,0.01125,0.00372884658775338,,,0,0.01125,""
7,runD_null_n50000,null,,50000,all,800,Stk.sym1,0.05,0.03875,0.00682352891655044,,,0,0.03875,""
7,runD_null_n50000,null,,50000,all,800,Stk.sym1,0.1,0.09625,0.0104274839666623,,,0,0.09625,""
7,runD_null_n50000,null,,50000,all,800,Stk.marg,0.01,0.02375,0.00538353247180696,,,0,0.02375,""
7,runD_null_n50000,null,,50000,all,800,Stk.marg,0.05,0.06875,0.00894590950518727,,,0,0.06875,""
7,runD_null_n50000,null,,50000,all,800,Stk.marg,0.1,0.12125,0.0115406042681915,,,0,0.12125,""
7,runD_null_n50000,null,,50000,all,800,GiViTI,0.01,0.00875,0.00329268839628046,,,0,0.00875,""
7,runD_null_n50000,null,,50000,all,800,GiViTI,0.05,0.05375,0.007973466741324,,,0,0.05375,""
7,runD_null_n50000,null,,50000,all,800,GiViTI,0.1,0.10375,0.0107811141295786,,,0,0.10375,""
7,runD_null_n50000,null,,50000,all,800,GiViTI.t50,0.01,0.01,0.00351781181986757,,,0,0.01,""
7,runD_null_n50000,null,,50000,all,800,GiViTI.t50,0.05,0.0475,0.00752028506773513,,,0,0.0475,""
7,runD_null_n50000,null,,50000,all,800,GiViTI.t50,0.1,0.1,0.0106066017177982,,,0,0.1,""
7,runD_null_n50000,null,,50000,all,800,Cubic.LR,0.01,0.005,0.0024937421679075,,,0,0.005,""
7,runD_null_n50000,null,,50000,all,800,Cubic.LR,0.05,0.04625,0.0074255418573327,,,0,0.04625,""
7,runD_null_n50000,null,,50000,all,800,Cubic.LR,0.1,0.095,0.0103667135583077,,,0,0.095,""
7,runD_null_n50000,null,,50000,all,800,HL_w,0.01,0,0,,,1,,"not run (n >= 10,000)"
7,runD_null_n50000,null,,50000,all,800,HL_w,0.05,0,0,,,1,,"not run (n >= 10,000)"
7,runD_null_n50000,null,,50000,all,800,HL_w,0.1,0,0,,,1,,"not run (n >= 10,000)"
7,runD_null_n50000,null,,50000,all,800,PH,0.01,0,0,,,1,,"not run (n >= 10,000)"
7,runD_null_n50000,null,,50000,all,800,PH,0.05,0,0,,,1,,"not run (n >= 10,000)"
7,runD_null_n50000,null,,50000,all,800,PH,0.1,0,0,,,1,,"not run (n >= 10,000)"
7,runD_null_n50000,null,,50000,all,800,Tsiatis,0.01,0,0,,,1,,"not run (n >= 10,000)"
7,runD_null_n50000,null,,50000,all,800,Tsiatis,0.05,0,0,,,1,,"not run (n >= 10,000)"
7,runD_null_n50000,null,,50000,all,800,Tsiatis,0.1,0,0,,,1,,"not run (n >= 10,000)"
7,runD_null_n50000,null,,50000,all,800,Xie,0.01,0,0,,,1,,"not run (n >= 10,000)"
7,runD_null_n50000,null,,50000,all,800,Xie,0.05,0,0,,,1,,"not run (n >= 10,000)"
7,runD_null_n50000,null,,50000,all,800,Xie,0.1,0,0,,,1,,"not run (n >= 10,000)"
7,runD_null_n50000,null,,50000,all,800,PR,0.01,0,0,,,1,,"not run (n >= 10,000)"
7,runD_null_n50000,null,,50000,all,800,PR,0.05,0,0,,,1,,"not run (n >= 10,000)"
7,runD_null_n50000,null,,50000,all,800,PR,0.1,0,0,,,1,,"not run (n >= 10,000)"
7,runJ_null_n2000,null,,2000,all,2000,flag.evlt.G10,,0,,,,0,,flag rate: share of replicates with the flag = 1
7,runJ_null_n2000,null,,2000,all,2000,flag.evlt.Grule,,0,,,,0,,flag rate: share of replicates with the flag = 1
7,runJ_null_n2000,null,,2000,all,2000,flag.evlt.G20,,0,,,,0,,flag rate: share of replicates with the flag = 1
7,runJ_null_n2000,null,,2000,all,2000,flag.evlt.G50,,0,,,,0,,flag rate: share of replicates with the flag = 1
7,runJ_null_n2000,null,,2000,all,2000,flag.evlt.G100,,0,,,,0,,flag rate: share of replicates with the flag = 1
7,runJ_null_n2000,null,,2000,all,2000,flag.evlt.G200,,0,,,,0,,flag rate: share of replicates with the flag = 1
7,runJ_null_n2000,null,,2000,all,2000,flag.evlt.G400,,0,,,,0,,flag rate: share of replicates with the flag = 1
7,runJ_null_n2000,null,,2000,all,2000,flag.evlt.G1000,,1,,,,0,,flag rate: share of replicates with the flag = 1
7,runJ_null_n2000,null,,2000,all,2000,flag.degenerate,,0,,,,0,,flag rate: share of replicates with the flag = 1
7,runJ_null_n2000,null,,2000,all,2000,flag.info_guard,,0,,,,0,,flag rate: share of replicates with the flag = 1
7,runJ_null_n2000,null,,2000,all,2000,flag.rep_error,,0,,,,0,,flag rate: share of replicates with the flag = 1
7,runJ_null_n2000,null,,2000,all,2000,EDGE.poly3.u.G10,0.01,0.008,0.0019919839356782,,,0,0.008,""
7,runJ_null_n2000,null,,2000,all,2000,EDGE.poly3.u.G10,0.05,0.043,0.00453602248671675,,,0,0.043,""
7,runJ_null_n2000,null,,2000,all,2000,EDGE.poly3.u.G10,0.1,0.1005,0.00672308522926788,,,0,0.1005,""
7,runJ_null_n2000,null,,2000,all,2000,EDGE.poly3.sc.G10,0.01,0.0105,0.00227922684259378,,,0,0.0105,""
7,runJ_null_n2000,null,,2000,all,2000,EDGE.poly3.sc.G10,0.05,0.051,0.00491929873051028,,,0,0.051,""
7,runJ_null_n2000,null,,2000,all,2000,EDGE.poly3.sc.G10,0.1,0.0985,0.00666324808182916,,,0,0.0985,""
7,runJ_null_n2000,null,,2000,all,2000,EDGE.poly2.u.G10,0.01,0.0105,0.00227922684259378,,,0,0.0105,""
7,runJ_null_n2000,null,,2000,all,2000,EDGE.poly2.u.G10,0.05,0.054,0.00505390937789747,,,0,0.054,""
7,runJ_null_n2000,null,,2000,all,2000,EDGE.poly2.u.G10,0.1,0.1085,0.00695441406590088,,,0,0.1085,""
7,runJ_null_n2000,null,,2000,all,2000,EDGE.poly2.sc.G10,0.01,0.0135,0.00258047960658479,,,0,0.0135,""
7,runJ_null_n2000,null,,2000,all,2000,EDGE.poly2.sc.G10,0.05,0.058,0.00522666241496426,,,0,0.058,""
7,runJ_null_n2000,null,,2000,all,2000,EDGE.poly2.sc.G10,0.1,0.111,0.00702420814042409,,,0,0.111,""
7,runJ_null_n2000,null,,2000,all,2000,EDGE.stk.u.G10,0.01,0.0105,0.00227922684259378,,,0,0.0105,""
7,runJ_null_n2000,null,,2000,all,2000,EDGE.stk.u.G10,0.05,0.049,0.00482695556225661,,,0,0.049,""
7,runJ_null_n2000,null,,2000,all,2000,EDGE.stk.u.G10,0.1,0.0945,0.00654101482951996,,,0,0.0945,""
7,runJ_null_n2000,null,,2000,all,2000,EDGE.stk.sc.G10,0.01,0.009,0.00211175282644537,,,0,0.009,""
7,runJ_null_n2000,null,,2000,all,2000,EDGE.stk.sc.G10,0.05,0.0505,0.00489641450451246,,,0,0.0505,""
7,runJ_null_n2000,null,,2000,all,2000,EDGE.stk.sc.G10,0.1,0.0945,0.00654101482951996,,,0,0.0945,""
7,runJ_null_n2000,null,,2000,all,2000,EDGE.sym.u.G10,0.01,0.009,0.00211175282644537,,,0,0.009,""
7,runJ_null_n2000,null,,2000,all,2000,EDGE.sym.u.G10,0.05,0.048,0.00477995815881269,,,0,0.048,""
7,runJ_null_n2000,null,,2000,all,2000,EDGE.sym.u.G10,0.1,0.0955,0.00657190041007926,,,0,0.0955,""
7,runJ_null_n2000,null,,2000,all,2000,EDGE.sym.sc.G10,0.01,0.0095,0.00216907238237916,,,0,0.0095,""
7,runJ_null_n2000,null,,2000,all,2000,EDGE.sym.sc.G10,0.05,0.044,0.00458606585212206,,,0,0.044,""
7,runJ_null_n2000,null,,2000,all,2000,EDGE.sym.sc.G10,0.1,0.093,0.00649426670225361,,,0,0.093,""
7,runJ_null_n2000,null,,2000,all,2000,EDGE.poly3.u.Grule,0.01,0.008,0.0019919839356782,,,0,0.008,""
7,runJ_null_n2000,null,,2000,all,2000,EDGE.poly3.u.Grule,0.05,0.053,0.0050095408971282,,,0,0.053,""
7,runJ_null_n2000,null,,2000,all,2000,EDGE.poly3.u.Grule,0.1,0.0965,0.00660256578914591,,,0,0.0965,""
7,runJ_null_n2000,null,,2000,all,2000,EDGE.poly3.sc.Grule,0.01,0.008,0.0019919839356782,,,0,0.008,""
7,runJ_null_n2000,null,,2000,all,2000,EDGE.poly3.sc.Grule,0.05,0.0455,0.00465992220965114,,,0,0.0455,""
7,runJ_null_n2000,null,,2000,all,2000,EDGE.poly3.sc.Grule,0.1,0.101,0.00673791510780598,,,0,0.101,""
7,runJ_null_n2000,null,,2000,all,2000,EDGE.poly2.u.Grule,0.01,0.01,0.0022248595461287,,,0,0.01,""
7,runJ_null_n2000,null,,2000,all,2000,EDGE.poly2.u.Grule,0.05,0.0485,0.00480352734977121,,,0,0.0485,""
7,runJ_null_n2000,null,,2000,all,2000,EDGE.poly2.u.Grule,0.1,0.1035,0.00681130494105204,,,0,0.1035,""
7,runJ_null_n2000,null,,2000,all,2000,EDGE.poly2.sc.Grule,0.01,0.009,0.00211175282644537,,,0,0.009,""
7,runJ_null_n2000,null,,2000,all,2000,EDGE.poly2.sc.Grule,0.05,0.0475,0.00475624589355933,,,0,0.0475,""
7,runJ_null_n2000,null,,2000,all,2000,EDGE.poly2.sc.Grule,0.1,0.0955,0.00657190041007926,,,0,0.0955,""
7,runJ_null_n2000,null,,2000,all,2000,EDGE.stk.u.Grule,0.01,0.011,0.00233227356885937,,,0,0.011,""
7,runJ_null_n2000,null,,2000,all,2000,EDGE.stk.u.Grule,0.05,0.0445,0.00461084319837489,,,0,0.0445,""
7,runJ_null_n2000,null,,2000,all,2000,EDGE.stk.u.Grule,0.1,0.09,0.00639921870231046,,,0,0.09,""
7,runJ_null_n2000,null,,2000,all,2000,EDGE.stk.sc.Grule,0.01,0.011,0.00233227356885937,,,0,0.011,""
7,runJ_null_n2000,null,,2000,all,2000,EDGE.stk.sc.Grule,0.05,0.0435,0.00456112650559048,,,0,0.0435,""
7,runJ_null_n2000,null,,2000,all,2000,EDGE.stk.sc.Grule,0.1,0.0925,0.00647857044416436,,,0,0.0925,""
7,runJ_null_n2000,null,,2000,all,2000,EDGE.sym.u.Grule,0.01,0.012,0.00243474844696531,,,0,0.012,""
7,runJ_null_n2000,null,,2000,all,2000,EDGE.sym.u.Grule,0.05,0.053,0.0050095408971282,,,0,0.053,""
7,runJ_null_n2000,null,,2000,all,2000,EDGE.sym.u.Grule,0.1,0.1005,0.00672308522926788,,,0,0.1005,""
7,runJ_null_n2000,null,,2000,all,2000,EDGE.sym.sc.Grule,0.01,0.0105,0.00227922684259378,,,0,0.0105,""
7,runJ_null_n2000,null,,2000,all,2000,EDGE.sym.sc.Grule,0.05,0.0515,0.00494205169944629,,,0,0.0515,""
7,runJ_null_n2000,null,,2000,all,2000,EDGE.sym.sc.Grule,0.1,0.097,0.00661781686056663,,,0,0.097,""
7,runJ_null_n2000,null,,2000,all,2000,EDGE.poly3.u.G20,0.01,0.009,0.00211175282644537,,,0,0.009,""
7,runJ_null_n2000,null,,2000,all,2000,EDGE.poly3.u.G20,0.05,0.051,0.00491929873051028,,,0,0.051,""
7,runJ_null_n2000,null,,2000,all,2000,EDGE.poly3.u.G20,0.1,0.0955,0.00657190041007926,,,0,0.0955,""
7,runJ_null_n2000,null,,2000,all,2000,EDGE.poly3.sc.G20,0.01,0.011,0.00233227356885937,,,0,0.011,""
7,runJ_null_n2000,null,,2000,all,2000,EDGE.poly3.sc.G20,0.05,0.0525,0.00498717104178311,,,0,0.0525,""
7,runJ_null_n2000,null,,2000,all,2000,EDGE.poly3.sc.G20,0.1,0.1025,0.00678209960115597,,,0,0.1025,""
7,runJ_null_n2000,null,,2000,all,2000,EDGE.poly2.u.G20,0.01,0.0095,0.00216907238237916,,,0,0.0095,""
7,runJ_null_n2000,null,,2000,all,2000,EDGE.poly2.u.G20,0.05,0.052,0.00496467521596328,,,0,0.052,""
7,runJ_null_n2000,null,,2000,all,2000,EDGE.poly2.u.G20,0.1,0.1115,0.00703803061942757,,,0,0.1115,""
7,runJ_null_n2000,null,,2000,all,2000,EDGE.poly2.sc.G20,0.01,0.0135,0.00258047960658479,,,0,0.0135,""
7,runJ_null_n2000,null,,2000,all,2000,EDGE.poly2.sc.G20,0.05,0.048,0.00477995815881269,,,0,0.048,""
7,runJ_null_n2000,null,,2000,all,2000,EDGE.poly2.sc.G20,0.1,0.1025,0.00678209960115597,,,0,0.1025,""
7,runJ_null_n2000,null,,2000,all,2000,EDGE.stk.u.G20,0.01,0.0095,0.00216907238237916,,,0,0.0095,""
7,runJ_null_n2000,null,,2000,all,2000,EDGE.stk.u.G20,0.05,0.0445,0.00461084319837489,,,0,0.0445,""
7,runJ_null_n2000,null,,2000,all,2000,EDGE.stk.u.G20,0.1,0.094,0.00652548848746207,,,0,0.094,""
7,runJ_null_n2000,null,,2000,all,2000,EDGE.stk.sc.G20,0.01,0.0115,0.0023840878758972,,,0,0.0115,""
7,runJ_null_n2000,null,,2000,all,2000,EDGE.stk.sc.G20,0.05,0.0495,0.0048502448391808,,,0,0.0495,""
7,runJ_null_n2000,null,,2000,all,2000,EDGE.stk.sc.G20,0.1,0.105,0.00685474288358068,,,0,0.105,""
7,runJ_null_n2000,null,,2000,all,2000,EDGE.sym.u.G20,0.01,0.009,0.00211175282644537,,,0,0.009,""
7,runJ_null_n2000,null,,2000,all,2000,EDGE.sym.u.G20,0.05,0.0495,0.0048502448391808,,,0,0.0495,""
7,runJ_null_n2000,null,,2000,all,2000,EDGE.sym.u.G20,0.1,0.0955,0.00657190041007926,,,0,0.0955,""
7,runJ_null_n2000,null,,2000,all,2000,EDGE.sym.sc.G20,0.01,0.0085,0.00205277251540447,,,0,0.0085,""
7,runJ_null_n2000,null,,2000,all,2000,EDGE.sym.sc.G20,0.05,0.046,0.00468422885862764,,,0,0.046,""
7,runJ_null_n2000,null,,2000,all,2000,EDGE.sym.sc.G20,0.1,0.1005,0.00672308522926788,,,0,0.1005,""
7,runJ_null_n2000,null,,2000,all,2000,EDGE.poly3.u.G50,0.01,0.009,0.00211175282644537,,,0,0.009,""
7,runJ_null_n2000,null,,2000,all,2000,EDGE.poly3.u.G50,0.05,0.046,0.00468422885862764,,,0,0.046,""
7,runJ_null_n2000,null,,2000,all,2000,EDGE.poly3.u.G50,0.1,0.0945,0.00654101482951996,,,0,0.0945,""
7,runJ_null_n2000,null,,2000,all,2000,EDGE.poly3.sc.G50,0.01,0.0085,0.00205277251540447,,,0,0.0085,""
7,runJ_null_n2000,null,,2000,all,2000,EDGE.poly3.sc.G50,0.05,0.0445,0.00461084319837489,,,0,0.0445,""
7,runJ_null_n2000,null,,2000,all,2000,EDGE.poly3.sc.G50,0.1,0.0915,0.00644700511865781,,,0,0.0915,""
7,runJ_null_n2000,null,,2000,all,2000,EDGE.poly2.u.G50,0.01,0.0105,0.00227922684259378,,,0,0.0105,""
7,runJ_null_n2000,null,,2000,all,2000,EDGE.poly2.u.G50,0.05,0.052,0.00496467521596328,,,0,0.052,""
7,runJ_null_n2000,null,,2000,all,2000,EDGE.poly2.u.G50,0.1,0.1075,0.00692617318582202,,,0,0.1075,""
7,runJ_null_n2000,null,,2000,all,2000,EDGE.poly2.sc.G50,0.01,0.009,0.00211175282644537,,,0,0.009,""
7,runJ_null_n2000,null,,2000,all,2000,EDGE.poly2.sc.G50,0.05,0.0475,0.00475624589355933,,,0,0.0475,""
7,runJ_null_n2000,null,,2000,all,2000,EDGE.poly2.sc.G50,0.1,0.0955,0.00657190041007926,,,0,0.0955,""
7,runJ_null_n2000,null,,2000,all,2000,EDGE.stk.u.G50,0.01,0.0115,0.0023840878758972,,,0,0.0115,""
7,runJ_null_n2000,null,,2000,all,2000,EDGE.stk.u.G50,0.05,0.0425,0.00451075104611194,,,0,0.0425,""
7,runJ_null_n2000,null,,2000,all,2000,EDGE.stk.u.G50,0.1,0.0945,0.00654101482951996,,,0,0.0945,""
7,runJ_null_n2000,null,,2000,all,2000,EDGE.stk.sc.G50,0.01,0.009,0.00211175282644537,,,0,0.009,""
7,runJ_null_n2000,null,,2000,all,2000,EDGE.stk.sc.G50,0.05,0.0455,0.00465992220965114,,,0,0.0455,""
7,runJ_null_n2000,null,,2000,all,2000,EDGE.stk.sc.G50,0.1,0.097,0.00661781686056663,,,0,0.097,""
7,runJ_null_n2000,null,,2000,all,2000,EDGE.sym.u.G50,0.01,0.01,0.0022248595461287,,,0,0.01,""
7,runJ_null_n2000,null,,2000,all,2000,EDGE.sym.u.G50,0.05,0.0495,0.0048502448391808,,,0,0.0495,""
7,runJ_null_n2000,null,,2000,all,2000,EDGE.sym.u.G50,0.1,0.0945,0.00654101482951996,,,0,0.0945,""
7,runJ_null_n2000,null,,2000,all,2000,EDGE.sym.sc.G50,0.01,0.01,0.0022248595461287,,,0,0.01,""
7,runJ_null_n2000,null,,2000,all,2000,EDGE.sym.sc.G50,0.05,0.0525,0.00498717104178311,,,0,0.0525,""
7,runJ_null_n2000,null,,2000,all,2000,EDGE.sym.sc.G50,0.1,0.0955,0.00657190041007926,,,0,0.0955,""
7,runJ_null_n2000,null,,2000,all,2000,EDGE.poly3.u.G100,0.01,0.009,0.00211175282644537,,,0,0.009,""
7,runJ_null_n2000,null,,2000,all,2000,EDGE.poly3.u.G100,0.05,0.048,0.00477995815881269,,,0,0.048,""
7,runJ_null_n2000,null,,2000,all,2000,EDGE.poly3.u.G100,0.1,0.0935,0.00650990591329859,,,0,0.0935,""
7,runJ_null_n2000,null,,2000,all,2000,EDGE.poly3.sc.G100,0.01,0.0095,0.00216907238237916,,,0,0.0095,""
7,runJ_null_n2000,null,,2000,all,2000,EDGE.poly3.sc.G100,0.05,0.0485,0.00480352734977121,,,0,0.0485,""
7,runJ_null_n2000,null,,2000,all,2000,EDGE.poly3.sc.G100,0.1,0.0955,0.00657190041007926,,,0,0.0955,""
7,runJ_null_n2000,null,,2000,all,2000,EDGE.poly2.u.G100,0.01,0.0105,0.00227922684259378,,,0,0.0105,""
7,runJ_null_n2000,null,,2000,all,2000,EDGE.poly2.u.G100,0.05,0.0505,0.00489641450451246,,,0,0.0505,""
7,runJ_null_n2000,null,,2000,all,2000,EDGE.poly2.u.G100,0.1,0.1055,0.00686912476229687,,,0,0.1055,""
7,runJ_null_n2000,null,,2000,all,2000,EDGE.poly2.sc.G100,0.01,0.01,0.0022248595461287,,,0,0.01,""
7,runJ_null_n2000,null,,2000,all,2000,EDGE.poly2.sc.G100,0.05,0.0485,0.00480352734977121,,,0,0.0485,""
7,runJ_null_n2000,null,,2000,all,2000,EDGE.poly2.sc.G100,0.1,0.0945,0.00654101482951996,,,0,0.0945,""
7,runJ_null_n2000,null,,2000,all,2000,EDGE.stk.u.G100,0.01,0.0105,0.00227922684259378,,,0,0.0105,""
7,runJ_null_n2000,null,,2000,all,2000,EDGE.stk.u.G100,0.05,0.0435,0.00456112650559048,,,0,0.0435,""
7,runJ_null_n2000,null,,2000,all,2000,EDGE.stk.u.G100,0.1,0.0945,0.00654101482951996,,,0,0.0945,""
7,runJ_null_n2000,null,,2000,all,2000,EDGE.stk.sc.G100,0.01,0.0125,0.00248432586429397,,,0,0.0125,""
7,runJ_null_n2000,null,,2000,all,2000,EDGE.stk.sc.G100,0.05,0.0435,0.00456112650559048,,,0,0.0435,""
7,runJ_null_n2000,null,,2000,all,2000,EDGE.stk.sc.G100,0.1,0.0955,0.00657190041007926,,,0,0.0955,""
7,runJ_null_n2000,null,,2000,all,2000,EDGE.sym.u.G100,0.01,0.0125,0.00248432586429397,,,0,0.0125,""
7,runJ_null_n2000,null,,2000,all,2000,EDGE.sym.u.G100,0.05,0.0465,0.00470838348055891,,,0,0.0465,""
7,runJ_null_n2000,null,,2000,all,2000,EDGE.sym.u.G100,0.1,0.0985,0.00666324808182916,,,0,0.0985,""
7,runJ_null_n2000,null,,2000,all,2000,EDGE.sym.sc.G100,0.01,0.0115,0.0023840878758972,,,0,0.0115,""
7,runJ_null_n2000,null,,2000,all,2000,EDGE.sym.sc.G100,0.05,0.049,0.00482695556225661,,,0,0.049,""
7,runJ_null_n2000,null,,2000,all,2000,EDGE.sym.sc.G100,0.1,0.0975,0.00663301402079025,,,0,0.0975,""
7,runJ_null_n2000,null,,2000,all,2000,EDGE.poly3.u.G200,0.01,0.009,0.00211175282644537,,,0,0.009,""
7,runJ_null_n2000,null,,2000,all,2000,EDGE.poly3.u.G200,0.05,0.0505,0.00489641450451246,,,0,0.0505,""
7,runJ_null_n2000,null,,2000,all,2000,EDGE.poly3.u.G200,0.1,0.0955,0.00657190041007926,,,0,0.0955,""
7,runJ_null_n2000,null,,2000,all,2000,EDGE.poly3.sc.G200,0.01,0.0085,0.00205277251540447,,,0,0.0085,""
7,runJ_null_n2000,null,,2000,all,2000,EDGE.poly3.sc.G200,0.05,0.0455,0.00465992220965114,,,0,0.0455,""
7,runJ_null_n2000,null,,2000,all,2000,EDGE.poly3.sc.G200,0.1,0.092,0.00646281672337998,,,0,0.092,""
7,runJ_null_n2000,null,,2000,all,2000,EDGE.poly2.u.G200,0.01,0.0105,0.00227922684259378,,,0,0.0105,""
7,runJ_null_n2000,null,,2000,all,2000,EDGE.poly2.u.G200,0.05,0.05,0.00487339717240448,,,0,0.05,""
7,runJ_null_n2000,null,,2000,all,2000,EDGE.poly2.u.G200,0.1,0.103,0.00679672715356443,,,0,0.103,""
7,runJ_null_n2000,null,,2000,all,2000,EDGE.poly2.sc.G200,0.01,0.0095,0.00216907238237916,,,0,0.0095,""
7,runJ_null_n2000,null,,2000,all,2000,EDGE.poly2.sc.G200,0.05,0.0485,0.00480352734977121,,,0,0.0485,""
7,runJ_null_n2000,null,,2000,all,2000,EDGE.poly2.sc.G200,0.1,0.0915,0.00644700511865781,,,0,0.0915,""
7,runJ_null_n2000,null,,2000,all,2000,EDGE.stk.u.G200,0.01,0.0105,0.00227922684259378,,,0,0.0105,""
7,runJ_null_n2000,null,,2000,all,2000,EDGE.stk.u.G200,0.05,0.0425,0.00451075104611194,,,0,0.0425,""
7,runJ_null_n2000,null,,2000,all,2000,EDGE.stk.u.G200,0.1,0.0935,0.00650990591329859,,,0,0.0935,""
7,runJ_null_n2000,null,,2000,all,2000,EDGE.stk.sc.G200,0.01,0.0075,0.00192921616207205,,,0,0.0075,""
7,runJ_null_n2000,null,,2000,all,2000,EDGE.stk.sc.G200,0.05,0.0485,0.00480352734977121,,,0,0.0485,""
7,runJ_null_n2000,null,,2000,all,2000,EDGE.stk.sc.G200,0.1,0.097,0.00661781686056663,,,0,0.097,""
7,runJ_null_n2000,null,,2000,all,2000,EDGE.sym.u.G200,0.01,0.0125,0.00248432586429397,,,0,0.0125,""
7,runJ_null_n2000,null,,2000,all,2000,EDGE.sym.u.G200,0.05,0.049,0.00482695556225661,,,0,0.049,""
7,runJ_null_n2000,null,,2000,all,2000,EDGE.sym.u.G200,0.1,0.0995,0.00669327087454258,,,0,0.0995,""
7,runJ_null_n2000,null,,2000,all,2000,EDGE.sym.sc.G200,0.01,0.0115,0.0023840878758972,,,0,0.0115,""
7,runJ_null_n2000,null,,2000,all,2000,EDGE.sym.sc.G200,0.05,0.0505,0.00489641450451246,,,0,0.0505,""
7,runJ_null_n2000,null,,2000,all,2000,EDGE.sym.sc.G200,0.1,0.0915,0.00644700511865781,,,0,0.0915,""
7,runJ_null_n2000,null,,2000,all,2000,EDGE.poly3.u.G400,0.01,0.009,0.00211175282644537,,,0,0.009,""
7,runJ_null_n2000,null,,2000,all,2000,EDGE.poly3.u.G400,0.05,0.051,0.00491929873051028,,,0,0.051,""
7,runJ_null_n2000,null,,2000,all,2000,EDGE.poly3.u.G400,0.1,0.0945,0.00654101482951996,,,0,0.0945,""
7,runJ_null_n2000,null,,2000,all,2000,EDGE.poly3.sc.G400,0.01,0.01,0.0022248595461287,,,0,0.01,""
7,runJ_null_n2000,null,,2000,all,2000,EDGE.poly3.sc.G400,0.05,0.0485,0.00480352734977121,,,0,0.0485,""
7,runJ_null_n2000,null,,2000,all,2000,EDGE.poly3.sc.G400,0.1,0.1005,0.00672308522926788,,,0,0.1005,""
7,runJ_null_n2000,null,,2000,all,2000,EDGE.poly2.u.G400,0.01,0.0105,0.00227922684259378,,,0,0.0105,""
7,runJ_null_n2000,null,,2000,all,2000,EDGE.poly2.u.G400,0.05,0.0495,0.0048502448391808,,,0,0.0495,""
7,runJ_null_n2000,null,,2000,all,2000,EDGE.poly2.u.G400,0.1,0.1025,0.00678209960115597,,,0,0.1025,""
7,runJ_null_n2000,null,,2000,all,2000,EDGE.poly2.sc.G400,0.01,0.0095,0.00216907238237916,,,0,0.0095,""
7,runJ_null_n2000,null,,2000,all,2000,EDGE.poly2.sc.G400,0.05,0.0495,0.0048502448391808,,,0,0.0495,""
7,runJ_null_n2000,null,,2000,all,2000,EDGE.poly2.sc.G400,0.1,0.0915,0.00644700511865781,,,0,0.0915,""
7,runJ_null_n2000,null,,2000,all,2000,EDGE.stk.u.G400,0.01,0.0105,0.00227922684259378,,,0,0.0105,""
7,runJ_null_n2000,null,,2000,all,2000,EDGE.stk.u.G400,0.05,0.0435,0.00456112650559048,,,0,0.0435,""
7,runJ_null_n2000,null,,2000,all,2000,EDGE.stk.u.G400,0.1,0.093,0.00649426670225361,,,0,0.093,""
7,runJ_null_n2000,null,,2000,all,2000,EDGE.stk.sc.G400,0.01,0.0075,0.00192921616207205,,,0,0.0075,""
7,runJ_null_n2000,null,,2000,all,2000,EDGE.stk.sc.G400,0.05,0.0405,0.00440793318914886,,,0,0.0405,""
7,runJ_null_n2000,null,,2000,all,2000,EDGE.stk.sc.G400,0.1,0.0865,0.00628560856242258,,,0,0.0865,""
7,runJ_null_n2000,null,,2000,all,2000,EDGE.sym.u.G400,0.01,0.012,0.00243474844696531,,,0,0.012,""
7,runJ_null_n2000,null,,2000,all,2000,EDGE.sym.u.G400,0.05,0.0475,0.00475624589355933,,,0,0.0475,""
7,runJ_null_n2000,null,,2000,all,2000,EDGE.sym.u.G400,0.1,0.099,0.00667828570817392,,,0,0.099,""
7,runJ_null_n2000,null,,2000,all,2000,EDGE.sym.sc.G400,0.01,0.0115,0.0023840878758972,,,0,0.0115,""
7,runJ_null_n2000,null,,2000,all,2000,EDGE.sym.sc.G400,0.05,0.049,0.00482695556225661,,,0,0.049,""
7,runJ_null_n2000,null,,2000,all,2000,EDGE.sym.sc.G400,0.1,0.0935,0.00650990591329859,,,0,0.0935,""
7,runJ_null_n2000,null,,2000,all,2000,EDGE.poly3.u.G1000,0.01,0.009,0.00211175282644537,,,0,0.009,""
7,runJ_null_n2000,null,,2000,all,2000,EDGE.poly3.u.G1000,0.05,0.0505,0.00489641450451246,,,0,0.0505,""
7,runJ_null_n2000,null,,2000,all,2000,EDGE.poly3.u.G1000,0.1,0.0945,0.00654101482951996,,,0,0.0945,""
7,runJ_null_n2000,null,,2000,all,2000,EDGE.poly3.sc.G1000,0.01,0.01,0.0022248595461287,,,0,0.01,""
7,runJ_null_n2000,null,,2000,all,2000,EDGE.poly3.sc.G1000,0.05,0.0485,0.00480352734977121,,,0,0.0485,""
7,runJ_null_n2000,null,,2000,all,2000,EDGE.poly3.sc.G1000,0.1,0.104,0.00682583328246449,,,0,0.104,""
7,runJ_null_n2000,null,,2000,all,2000,EDGE.poly2.u.G1000,0.01,0.0105,0.00227922684259378,,,0,0.0105,""
7,runJ_null_n2000,null,,2000,all,2000,EDGE.poly2.u.G1000,0.05,0.051,0.00491929873051028,,,0,0.051,""
7,runJ_null_n2000,null,,2000,all,2000,EDGE.poly2.u.G1000,0.1,0.102,0.00676742196113114,,,0,0.102,""
7,runJ_null_n2000,null,,2000,all,2000,EDGE.poly2.sc.G1000,0.01,0.0095,0.00216907238237916,,,0,0.0095,""
7,runJ_null_n2000,null,,2000,all,2000,EDGE.poly2.sc.G1000,0.05,0.0505,0.00489641450451246,,,0,0.0505,""
7,runJ_null_n2000,null,,2000,all,2000,EDGE.poly2.sc.G1000,0.1,0.0925,0.00647857044416436,,,0,0.0925,""
7,runJ_null_n2000,null,,2000,all,2000,EDGE.stk.u.G1000,0.01,0.011,0.00233227356885937,,,0,0.011,""
7,runJ_null_n2000,null,,2000,all,2000,EDGE.stk.u.G1000,0.05,0.0435,0.00456112650559048,,,0,0.0435,""
7,runJ_null_n2000,null,,2000,all,2000,EDGE.stk.u.G1000,0.1,0.0925,0.00647857044416436,,,0,0.0925,""
7,runJ_null_n2000,null,,2000,all,2000,EDGE.stk.sc.G1000,0.01,0.007,0.00186426929385215,,,0,0.007,""
7,runJ_null_n2000,null,,2000,all,2000,EDGE.stk.sc.G1000,0.05,0.05,0.00487339717240448,,,0,0.05,""
7,runJ_null_n2000,null,,2000,all,2000,EDGE.stk.sc.G1000,0.1,0.1,0.00670820393249937,,,0,0.1,""
7,runJ_null_n2000,null,,2000,all,2000,EDGE.sym.u.G1000,0.01,0.0115,0.0023840878758972,,,0,0.0115,""
7,runJ_null_n2000,null,,2000,all,2000,EDGE.sym.u.G1000,0.05,0.0475,0.00475624589355933,,,0,0.0475,""
7,runJ_null_n2000,null,,2000,all,2000,EDGE.sym.u.G1000,0.1,0.0995,0.00669327087454258,,,0,0.0995,""
7,runJ_null_n2000,null,,2000,all,2000,EDGE.sym.sc.G1000,0.01,0.012,0.00243474844696531,,,0,0.012,""
7,runJ_null_n2000,null,,2000,all,2000,EDGE.sym.sc.G1000,0.05,0.05,0.00487339717240448,,,0,0.05,""
7,runJ_null_n2000,null,,2000,all,2000,EDGE.sym.sc.G1000,0.1,0.094,0.00652548848746207,,,0,0.094,""
7,runJ_cloglog_n2000,alternative,runJ_null_n2000,2000,all,2000,flag.evlt.G10,,0,,,,0,,flag rate: share of replicates with the flag = 1
7,runJ_cloglog_n2000,alternative,runJ_null_n2000,2000,all,2000,flag.evlt.Grule,,0,,,,0,,flag rate: share of replicates with the flag = 1
7,runJ_cloglog_n2000,alternative,runJ_null_n2000,2000,all,2000,flag.evlt.G20,,0,,,,0,,flag rate: share of replicates with the flag = 1
7,runJ_cloglog_n2000,alternative,runJ_null_n2000,2000,all,2000,flag.evlt.G50,,0,,,,0,,flag rate: share of replicates with the flag = 1
7,runJ_cloglog_n2000,alternative,runJ_null_n2000,2000,all,2000,flag.evlt.G100,,0,,,,0,,flag rate: share of replicates with the flag = 1
7,runJ_cloglog_n2000,alternative,runJ_null_n2000,2000,all,2000,flag.evlt.G200,,0,,,,0,,flag rate: share of replicates with the flag = 1
7,runJ_cloglog_n2000,alternative,runJ_null_n2000,2000,all,2000,flag.evlt.G400,,0,,,,0,,flag rate: share of replicates with the flag = 1
7,runJ_cloglog_n2000,alternative,runJ_null_n2000,2000,all,2000,flag.evlt.G1000,,1,,,,0,,flag rate: share of replicates with the flag = 1
7,runJ_cloglog_n2000,alternative,runJ_null_n2000,2000,all,2000,flag.degenerate,,0,,,,0,,flag rate: share of replicates with the flag = 1
7,runJ_cloglog_n2000,alternative,runJ_null_n2000,2000,all,2000,flag.info_guard,,0,,,,0,,flag rate: share of replicates with the flag = 1
7,runJ_cloglog_n2000,alternative,runJ_null_n2000,2000,all,2000,flag.rep_error,,0,,,,0,,flag rate: share of replicates with the flag = 1
7,runJ_cloglog_n2000,alternative,runJ_null_n2000,2000,all,2000,EDGE.poly3.u.G10,0.01,0.913,0.0063020234845643,0.9215,0.008,0,0.913,""
7,runJ_cloglog_n2000,alternative,runJ_null_n2000,2000,all,2000,EDGE.poly3.u.G10,0.05,0.9785,0.00324328151722911,0.9805,0.043,0,0.9785,""
7,runJ_cloglog_n2000,alternative,runJ_null_n2000,2000,all,2000,EDGE.poly3.u.G10,0.1,0.9905,0.00216907238237915,0.99,0.1005,0,0.9905,""
7,runJ_cloglog_n2000,alternative,runJ_null_n2000,2000,all,2000,EDGE.poly3.sc.G10,0.01,0.803,0.00889356508943405,0.791,0.0105,0,0.803,""
7,runJ_cloglog_n2000,alternative,runJ_null_n2000,2000,all,2000,EDGE.poly3.sc.G10,0.05,0.9305,0.00568637626261225,0.9295,0.051,0,0.9305,""
7,runJ_cloglog_n2000,alternative,runJ_null_n2000,2000,all,2000,EDGE.poly3.sc.G10,0.1,0.9625,0.00424816136699161,0.9635,0.0985,0,0.9625,""
7,runJ_cloglog_n2000,alternative,runJ_null_n2000,2000,all,2000,EDGE.poly2.u.G10,0.01,0.922,0.00599649897857074,0.9155,0.0105,0,0.922,""
7,runJ_cloglog_n2000,alternative,runJ_null_n2000,2000,all,2000,EDGE.poly2.u.G10,0.05,0.9795,0.00316857617866448,0.9775,0.054,0,0.9795,""
7,runJ_cloglog_n2000,alternative,runJ_null_n2000,2000,all,2000,EDGE.poly2.u.G10,0.1,0.9935,0.00179690706493129,0.991,0.1085,0,0.9935,""
7,runJ_cloglog_n2000,alternative,runJ_null_n2000,2000,all,2000,EDGE.poly2.sc.G10,0.01,0.816,0.00866440996259988,0.7725,0.0135,0,0.816,""
7,runJ_cloglog_n2000,alternative,runJ_null_n2000,2000,all,2000,EDGE.poly2.sc.G10,0.05,0.939,0.00535158854920668,0.9305,0.058,0,0.939,""
7,runJ_cloglog_n2000,alternative,runJ_null_n2000,2000,all,2000,EDGE.poly2.sc.G10,0.1,0.965,0.00410944035119139,0.9615,0.111,0,0.965,""
7,runJ_cloglog_n2000,alternative,runJ_null_n2000,2000,all,2000,EDGE.stk.u.G10,0.01,0.9205,0.00604895652158288,0.918,0.0105,0,0.9205,""
7,runJ_cloglog_n2000,alternative,runJ_null_n2000,2000,all,2000,EDGE.stk.u.G10,0.05,0.986,0.00262716577322407,0.986,0.049,0,0.986,""
7,runJ_cloglog_n2000,alternative,runJ_null_n2000,2000,all,2000,EDGE.stk.u.G10,0.1,0.9935,0.00179690706493129,0.9945,0.0945,0,0.9935,""
7,runJ_cloglog_n2000,alternative,runJ_null_n2000,2000,all,2000,EDGE.stk.sc.G10,0.01,0.882,0.00721373689567342,0.895,0.009,0,0.882,""
7,runJ_cloglog_n2000,alternative,runJ_null_n2000,2000,all,2000,EDGE.stk.sc.G10,0.05,0.977,0.00335193973692846,0.9765,0.0505,0,0.977,""
7,runJ_cloglog_n2000,alternative,runJ_null_n2000,2000,all,2000,EDGE.stk.sc.G10,0.1,0.9865,0.00258047960658479,0.9865,0.0945,0,0.9865,""
7,runJ_cloglog_n2000,alternative,runJ_null_n2000,2000,all,2000,EDGE.sym.u.G10,0.01,0.9085,0.00644700511865781,0.9235,0.009,0,0.9085,""
7,runJ_cloglog_n2000,alternative,runJ_null_n2000,2000,all,2000,EDGE.sym.u.G10,0.05,0.988,0.00243474844696531,0.9885,0.048,0,0.988,""
7,runJ_cloglog_n2000,alternative,runJ_null_n2000,2000,all,2000,EDGE.sym.u.G10,0.1,0.996,0.00141138230115019,0.996,0.0955,0,0.996,""
7,runJ_cloglog_n2000,alternative,runJ_null_n2000,2000,all,2000,EDGE.sym.sc.G10,0.01,0.9005,0.00669327087454258,0.906,0.0095,0,0.9005,""
7,runJ_cloglog_n2000,alternative,runJ_null_n2000,2000,all,2000,EDGE.sym.sc.G10,0.05,0.981,0.00305278561317365,0.983,0.044,0,0.981,""
7,runJ_cloglog_n2000,alternative,runJ_null_n2000,2000,all,2000,EDGE.sym.sc.G10,0.1,0.992,0.0019919839356782,0.9925,0.093,0,0.992,""
7,runJ_cloglog_n2000,alternative,runJ_null_n2000,2000,all,2000,EDGE.poly3.u.Grule,0.01,0.93,0.00570526073023836,0.931,0.008,0,0.93,""
7,runJ_cloglog_n2000,alternative,runJ_null_n2000,2000,all,2000,EDGE.poly3.u.Grule,0.05,0.9855,0.00267298989897081,0.985,0.053,0,0.9855,""
7,runJ_cloglog_n2000,alternative,runJ_null_n2000,2000,all,2000,EDGE.poly3.u.Grule,0.1,0.994,0.0017268468374468,0.994,0.0965,0,0.994,""
7,runJ_cloglog_n2000,alternative,runJ_null_n2000,2000,all,2000,EDGE.poly3.sc.Grule,0.01,0.884,0.00716044691342656,0.895,0.008,0,0.884,""
7,runJ_cloglog_n2000,alternative,runJ_null_n2000,2000,all,2000,EDGE.poly3.sc.Grule,0.05,0.975,0.00349106001094224,0.977,0.0455,0,0.975,""
7,runJ_cloglog_n2000,alternative,runJ_null_n2000,2000,all,2000,EDGE.poly3.sc.Grule,0.1,0.9915,0.00205277251540447,0.991,0.101,0,0.9915,""
7,runJ_cloglog_n2000,alternative,runJ_null_n2000,2000,all,2000,EDGE.poly2.u.Grule,0.01,0.9375,0.00541265877365274,0.936,0.01,0,0.9375,""
7,runJ_cloglog_n2000,alternative,runJ_null_n2000,2000,all,2000,EDGE.poly2.u.Grule,0.05,0.9835,0.00284848644019942,0.984,0.0485,0,0.9835,""
7,runJ_cloglog_n2000,alternative,runJ_null_n2000,2000,all,2000,EDGE.poly2.u.Grule,0.1,0.9955,0.00149662119455792,0.9955,0.1035,0,0.9955,""
7,runJ_cloglog_n2000,alternative,runJ_null_n2000,2000,all,2000,EDGE.poly2.sc.Grule,0.01,0.921,0.00603154209137265,0.923,0.009,0,0.921,""
7,runJ_cloglog_n2000,alternative,runJ_null_n2000,2000,all,2000,EDGE.poly2.sc.Grule,0.05,0.9815,0.00301311715670002,0.9815,0.0475,0,0.9815,""
7,runJ_cloglog_n2000,alternative,runJ_null_n2000,2000,all,2000,EDGE.poly2.sc.Grule,0.1,0.9905,0.00216907238237915,0.992,0.0955,0,0.9905,""
7,runJ_cloglog_n2000,alternative,runJ_null_n2000,2000,all,2000,EDGE.stk.u.Grule,0.01,0.9205,0.00604895652158288,0.916,0.011,0,0.9205,""
7,runJ_cloglog_n2000,alternative,runJ_null_n2000,2000,all,2000,EDGE.stk.u.Grule,0.05,0.9885,0.00238408787589719,0.9905,0.0445,0,0.9885,""
7,runJ_cloglog_n2000,alternative,runJ_null_n2000,2000,all,2000,EDGE.stk.u.Grule,0.1,0.9975,0.00111663557170635,0.998,0.09,0,0.9975,""
7,runJ_cloglog_n2000,alternative,runJ_null_n2000,2000,all,2000,EDGE.stk.sc.Grule,0.01,0.8965,0.00681130494105205,0.8875,0.011,0,0.8965,""
7,runJ_cloglog_n2000,alternative,runJ_null_n2000,2000,all,2000,EDGE.stk.sc.Grule,0.05,0.98,0.00313049516849971,0.9845,0.0435,0,0.98,""
7,runJ_cloglog_n2000,alternative,runJ_null_n2000,2000,all,2000,EDGE.stk.sc.Grule,0.1,0.9905,0.00216907238237915,0.9915,0.0925,0,0.9905,""
7,runJ_cloglog_n2000,alternative,runJ_null_n2000,2000,all,2000,EDGE.sym.u.Grule,0.01,0.901,0.00667828570817392,0.8795,0.012,0,0.901,""
7,runJ_cloglog_n2000,alternative,runJ_null_n2000,2000,all,2000,EDGE.sym.u.Grule,0.05,0.992,0.0019919839356782,0.989,0.053,0,0.992,""
7,runJ_cloglog_n2000,alternative,runJ_null_n2000,2000,all,2000,EDGE.sym.u.Grule,0.1,0.998,0.000998999499499375,0.998,0.1005,0,0.998,""
7,runJ_cloglog_n2000,alternative,runJ_null_n2000,2000,all,2000,EDGE.sym.sc.Grule,0.01,0.926,0.0058533750947637,0.9145,0.0105,0,0.926,""
7,runJ_cloglog_n2000,alternative,runJ_null_n2000,2000,all,2000,EDGE.sym.sc.Grule,0.05,0.9865,0.00258047960658479,0.9855,0.0515,0,0.9865,""
7,runJ_cloglog_n2000,alternative,runJ_null_n2000,2000,all,2000,EDGE.sym.sc.Grule,0.1,0.9965,0.00132055859392909,0.997,0.097,0,0.9965,""
7,runJ_cloglog_n2000,alternative,runJ_null_n2000,2000,all,2000,EDGE.poly3.u.G20,0.01,0.925,0.00588960949469487,0.9265,0.009,0,0.925,""
7,runJ_cloglog_n2000,alternative,runJ_null_n2000,2000,all,2000,EDGE.poly3.u.G20,0.05,0.984,0.00280570846668003,0.983,0.051,0,0.984,""
7,runJ_cloglog_n2000,alternative,runJ_null_n2000,2000,all,2000,EDGE.poly3.u.G20,0.1,0.992,0.0019919839356782,0.993,0.0955,0,0.992,""
7,runJ_cloglog_n2000,alternative,runJ_null_n2000,2000,all,2000,EDGE.poly3.sc.G20,0.01,0.8435,0.00812427689089927,0.8135,0.011,0,0.8435,""
7,runJ_cloglog_n2000,alternative,runJ_null_n2000,2000,all,2000,EDGE.poly3.sc.G20,0.05,0.9525,0.00475624589355933,0.9495,0.0525,0,0.9525,""
7,runJ_cloglog_n2000,alternative,runJ_null_n2000,2000,all,2000,EDGE.poly3.sc.G20,0.1,0.9785,0.00324328151722911,0.9775,0.1025,0,0.9785,""
7,runJ_cloglog_n2000,alternative,runJ_null_n2000,2000,all,2000,EDGE.poly2.u.G20,0.01,0.933,0.00559066185706129,0.9365,0.0095,0,0.933,""
7,runJ_cloglog_n2000,alternative,runJ_null_n2000,2000,all,2000,EDGE.poly2.u.G20,0.05,0.984,0.00280570846668003,0.982,0.052,0,0.984,""
7,runJ_cloglog_n2000,alternative,runJ_null_n2000,2000,all,2000,EDGE.poly2.u.G20,0.1,0.9945,0.00165374574829385,0.994,0.1115,0,0.9945,""
7,runJ_cloglog_n2000,alternative,runJ_null_n2000,2000,all,2000,EDGE.poly2.sc.G20,0.01,0.8885,0.00703803061942757,0.8645,0.0135,0,0.8885,""
7,runJ_cloglog_n2000,alternative,runJ_null_n2000,2000,all,2000,EDGE.poly2.sc.G20,0.05,0.9705,0.00378350036342009,0.9725,0.048,0,0.9705,""
7,runJ_cloglog_n2000,alternative,runJ_null_n2000,2000,all,2000,EDGE.poly2.sc.G20,0.1,0.986,0.00262716577322407,0.986,0.1025,0,0.986,""
7,runJ_cloglog_n2000,alternative,runJ_null_n2000,2000,all,2000,EDGE.stk.u.G20,0.01,0.9195,0.0060835741961449,0.9275,0.0095,0,0.9195,""
7,runJ_cloglog_n2000,alternative,runJ_null_n2000,2000,all,2000,EDGE.stk.u.G20,0.05,0.9895,0.00227922684259377,0.99,0.0445,0,0.9895,""
7,runJ_cloglog_n2000,alternative,runJ_null_n2000,2000,all,2000,EDGE.stk.u.G20,0.1,0.998,0.000998999499499375,0.9985,0.094,0,0.998,""
7,runJ_cloglog_n2000,alternative,runJ_null_n2000,2000,all,2000,EDGE.stk.sc.G20,0.01,0.895,0.00685474288358068,0.8835,0.0115,0,0.895,""
7,runJ_cloglog_n2000,alternative,runJ_null_n2000,2000,all,2000,EDGE.stk.sc.G20,0.05,0.978,0.00327993902382346,0.978,0.0495,0,0.978,""
7,runJ_cloglog_n2000,alternative,runJ_null_n2000,2000,all,2000,EDGE.stk.sc.G20,0.1,0.988,0.00243474844696531,0.9875,0.105,0,0.988,""
7,runJ_cloglog_n2000,alternative,runJ_null_n2000,2000,all,2000,EDGE.sym.u.G20,0.01,0.9075,0.00647857044416436,0.92,0.009,0,0.9075,""
7,runJ_cloglog_n2000,alternative,runJ_null_n2000,2000,all,2000,EDGE.sym.u.G20,0.05,0.9915,0.00205277251540447,0.9915,0.0495,0,0.9915,""
7,runJ_cloglog_n2000,alternative,runJ_null_n2000,2000,all,2000,EDGE.sym.u.G20,0.1,0.997,0.00122290637417588,0.997,0.0955,0,0.997,""
7,runJ_cloglog_n2000,alternative,runJ_null_n2000,2000,all,2000,EDGE.sym.sc.G20,0.01,0.9235,0.00594338918463195,0.927,0.0085,0,0.9235,""
7,runJ_cloglog_n2000,alternative,runJ_null_n2000,2000,all,2000,EDGE.sym.sc.G20,0.05,0.984,0.00280570846668003,0.9845,0.046,0,0.984,""
7,runJ_cloglog_n2000,alternative,runJ_null_n2000,2000,all,2000,EDGE.sym.sc.G20,0.1,0.9945,0.00165374574829385,0.9945,0.1005,0,0.9945,""
7,runJ_cloglog_n2000,alternative,runJ_null_n2000,2000,all,2000,EDGE.poly3.u.G50,0.01,0.9275,0.00579843728947723,0.9335,0.009,0,0.9275,""
7,runJ_cloglog_n2000,alternative,runJ_null_n2000,2000,all,2000,EDGE.poly3.u.G50,0.05,0.986,0.00262716577322407,0.9865,0.046,0,0.986,""
7,runJ_cloglog_n2000,alternative,runJ_null_n2000,2000,all,2000,EDGE.poly3.u.G50,0.1,0.9925,0.00192921616207204,0.993,0.0945,0,0.9925,""
7,runJ_cloglog_n2000,alternative,runJ_null_n2000,2000,all,2000,EDGE.poly3.sc.G50,0.01,0.8785,0.00730540039970432,0.899,0.0085,0,0.8785,""
7,runJ_cloglog_n2000,alternative,runJ_null_n2000,2000,all,2000,EDGE.poly3.sc.G50,0.05,0.968,0.00393547964039963,0.971,0.0445,0,0.968,""
7,runJ_cloglog_n2000,alternative,runJ_null_n2000,2000,all,2000,EDGE.poly3.sc.G50,0.1,0.9905,0.00216907238237915,0.992,0.0915,0,0.9905,""
7,runJ_cloglog_n2000,alternative,runJ_null_n2000,2000,all,2000,EDGE.poly2.u.G50,0.01,0.9355,0.00549271107923947,0.9225,0.0105,0,0.9355,""
7,runJ_cloglog_n2000,alternative,runJ_null_n2000,2000,all,2000,EDGE.poly2.u.G50,0.05,0.984,0.00280570846668003,0.984,0.052,0,0.984,""
7,runJ_cloglog_n2000,alternative,runJ_null_n2000,2000,all,2000,EDGE.poly2.u.G50,0.1,0.9945,0.00165374574829385,0.9945,0.1075,0,0.9945,""
7,runJ_cloglog_n2000,alternative,runJ_null_n2000,2000,all,2000,EDGE.poly2.sc.G50,0.01,0.9215,0.00601405645134796,0.9215,0.009,0,0.9215,""
7,runJ_cloglog_n2000,alternative,runJ_null_n2000,2000,all,2000,EDGE.poly2.sc.G50,0.05,0.983,0.00289058817544112,0.983,0.0475,0,0.983,""
7,runJ_cloglog_n2000,alternative,runJ_null_n2000,2000,all,2000,EDGE.poly2.sc.G50,0.1,0.991,0.00211175282644537,0.991,0.0955,0,0.991,""
7,runJ_cloglog_n2000,alternative,runJ_null_n2000,2000,all,2000,EDGE.stk.u.G50,0.01,0.9205,0.00604895652158288,0.915,0.0115,0,0.9205,""
7,runJ_cloglog_n2000,alternative,runJ_null_n2000,2000,all,2000,EDGE.stk.u.G50,0.05,0.989,0.00233227356885937,0.9905,0.0425,0,0.989,""
7,runJ_cloglog_n2000,alternative,runJ_null_n2000,2000,all,2000,EDGE.stk.u.G50,0.1,0.997,0.00122290637417588,0.9985,0.0945,0,0.997,""
7,runJ_cloglog_n2000,alternative,runJ_null_n2000,2000,all,2000,EDGE.stk.sc.G50,0.01,0.9055,0.00654101482951996,0.9125,0.009,0,0.9055,""
7,runJ_cloglog_n2000,alternative,runJ_null_n2000,2000,all,2000,EDGE.stk.sc.G50,0.05,0.9795,0.00316857617866448,0.983,0.0455,0,0.9795,""
7,runJ_cloglog_n2000,alternative,runJ_null_n2000,2000,all,2000,EDGE.stk.sc.G50,0.1,0.991,0.00211175282644537,0.991,0.097,0,0.991,""
7,runJ_cloglog_n2000,alternative,runJ_null_n2000,2000,all,2000,EDGE.sym.u.G50,0.01,0.904,0.00658726043207645,0.903,0.01,0,0.904,""
7,runJ_cloglog_n2000,alternative,runJ_null_n2000,2000,all,2000,EDGE.sym.u.G50,0.05,0.9935,0.00179690706493129,0.9935,0.0495,0,0.9935,""
7,runJ_cloglog_n2000,alternative,runJ_null_n2000,2000,all,2000,EDGE.sym.u.G50,0.1,0.998,0.000998999499499375,0.998,0.0945,0,0.998,""
7,runJ_cloglog_n2000,alternative,runJ_null_n2000,2000,all,2000,EDGE.sym.sc.G50,0.01,0.925,0.00588960949469487,0.9225,0.01,0,0.925,""
7,runJ_cloglog_n2000,alternative,runJ_null_n2000,2000,all,2000,EDGE.sym.sc.G50,0.05,0.987,0.00253288373203351,0.985,0.0525,0,0.987,""
7,runJ_cloglog_n2000,alternative,runJ_null_n2000,2000,all,2000,EDGE.sym.sc.G50,0.1,0.9965,0.00132055859392909,0.9975,0.0955,0,0.9965,""
7,runJ_cloglog_n2000,alternative,runJ_null_n2000,2000,all,2000,EDGE.poly3.u.G100,0.01,0.9305,0.00568637626261225,0.94,0.009,0,0.9305,""
7,runJ_cloglog_n2000,alternative,runJ_null_n2000,2000,all,2000,EDGE.poly3.u.G100,0.05,0.9855,0.00267298989897081,0.9855,0.048,0,0.9855,""
7,runJ_cloglog_n2000,alternative,runJ_null_n2000,2000,all,2000,EDGE.poly3.u.G100,0.1,0.994,0.0017268468374468,0.994,0.0935,0,0.994,""
7,runJ_cloglog_n2000,alternative,runJ_null_n2000,2000,all,2000,EDGE.poly3.sc.G100,0.01,0.8885,0.00703803061942757,0.893,0.0095,0,0.8885,""
7,runJ_cloglog_n2000,alternative,runJ_null_n2000,2000,all,2000,EDGE.poly3.sc.G100,0.05,0.9755,0.00345685912353975,0.977,0.0485,0,0.9755,""
7,runJ_cloglog_n2000,alternative,runJ_null_n2000,2000,all,2000,EDGE.poly3.sc.G100,0.1,0.9935,0.00179690706493129,0.994,0.0955,0,0.9935,""
7,runJ_cloglog_n2000,alternative,runJ_null_n2000,2000,all,2000,EDGE.poly2.u.G100,0.01,0.9375,0.00541265877365274,0.927,0.0105,0,0.9375,""
7,runJ_cloglog_n2000,alternative,runJ_null_n2000,2000,all,2000,EDGE.poly2.u.G100,0.05,0.9845,0.00276222283677476,0.984,0.0505,0,0.9845,""
7,runJ_cloglog_n2000,alternative,runJ_null_n2000,2000,all,2000,EDGE.poly2.u.G100,0.1,0.9955,0.00149662119455792,0.9955,0.1055,0,0.9955,""
7,runJ_cloglog_n2000,alternative,runJ_null_n2000,2000,all,2000,EDGE.poly2.sc.G100,0.01,0.9225,0.00597886904021154,0.9205,0.01,0,0.9225,""
7,runJ_cloglog_n2000,alternative,runJ_null_n2000,2000,all,2000,EDGE.poly2.sc.G100,0.05,0.982,0.002972877394041,0.983,0.0485,0,0.982,""
7,runJ_cloglog_n2000,alternative,runJ_null_n2000,2000,all,2000,EDGE.poly2.sc.G100,0.1,0.9915,0.00205277251540447,0.993,0.0945,0,0.9915,""
7,runJ_cloglog_n2000,alternative,runJ_null_n2000,2000,all,2000,EDGE.stk.u.G100,0.01,0.921,0.00603154209137265,0.92,0.0105,0,0.921,""
7,runJ_cloglog_n2000,alternative,runJ_null_n2000,2000,all,2000,EDGE.stk.u.G100,0.05,0.989,0.00233227356885937,0.9905,0.0435,0,0.989,""
7,runJ_cloglog_n2000,alternative,runJ_null_n2000,2000,all,2000,EDGE.stk.u.G100,0.1,0.9985,0.000865375640979091,0.9985,0.0945,0,0.9985,""
7,runJ_cloglog_n2000,alternative,runJ_null_n2000,2000,all,2000,EDGE.stk.sc.G100,0.01,0.9075,0.00647857044416436,0.883,0.0125,0,0.9075,""
7,runJ_cloglog_n2000,alternative,runJ_null_n2000,2000,all,2000,EDGE.stk.sc.G100,0.05,0.981,0.00305278561317365,0.9825,0.0435,0,0.981,""
7,runJ_cloglog_n2000,alternative,runJ_null_n2000,2000,all,2000,EDGE.stk.sc.G100,0.1,0.9905,0.00216907238237915,0.9905,0.0955,0,0.9905,""
7,runJ_cloglog_n2000,alternative,runJ_null_n2000,2000,all,2000,EDGE.sym.u.G100,0.01,0.9005,0.00669327087454258,0.89,0.0125,0,0.9005,""
7,runJ_cloglog_n2000,alternative,runJ_null_n2000,2000,all,2000,EDGE.sym.u.G100,0.05,0.9925,0.00192921616207204,0.9935,0.0465,0,0.9925,""
7,runJ_cloglog_n2000,alternative,runJ_null_n2000,2000,all,2000,EDGE.sym.u.G100,0.1,0.9975,0.00111663557170635,0.9975,0.0985,0,0.9975,""
7,runJ_cloglog_n2000,alternative,runJ_null_n2000,2000,all,2000,EDGE.sym.sc.G100,0.01,0.928,0.0057799653978203,0.9175,0.0115,0,0.928,""
7,runJ_cloglog_n2000,alternative,runJ_null_n2000,2000,all,2000,EDGE.sym.sc.G100,0.05,0.986,0.00262716577322407,0.987,0.049,0,0.986,""
7,runJ_cloglog_n2000,alternative,runJ_null_n2000,2000,all,2000,EDGE.sym.sc.G100,0.1,0.9965,0.00132055859392909,0.9965,0.0975,0,0.9965,""
7,runJ_cloglog_n2000,alternative,runJ_null_n2000,2000,all,2000,EDGE.poly3.u.G200,0.01,0.93,0.00570526073023836,0.9395,0.009,0,0.93,""
7,runJ_cloglog_n2000,alternative,runJ_null_n2000,2000,all,2000,EDGE.poly3.u.G200,0.05,0.985,0.00271799558498538,0.985,0.0505,0,0.985,""
7,runJ_cloglog_n2000,alternative,runJ_null_n2000,2000,all,2000,EDGE.poly3.u.G200,0.1,0.994,0.0017268468374468,0.994,0.0955,0,0.994,""
7,runJ_cloglog_n2000,alternative,runJ_null_n2000,2000,all,2000,EDGE.poly3.sc.G200,0.01,0.8885,0.00703803061942757,0.9145,0.0085,0,0.8885,""
7,runJ_cloglog_n2000,alternative,runJ_null_n2000,2000,all,2000,EDGE.poly3.sc.G200,0.05,0.9785,0.00324328151722911,0.9815,0.0455,0,0.9785,""
7,runJ_cloglog_n2000,alternative,runJ_null_n2000,2000,all,2000,EDGE.poly3.sc.G200,0.1,0.993,0.00186426929385215,0.994,0.092,0,0.993,""
7,runJ_cloglog_n2000,alternative,runJ_null_n2000,2000,all,2000,EDGE.poly2.u.G200,0.01,0.9375,0.00541265877365274,0.9275,0.0105,0,0.9375,""
7,runJ_cloglog_n2000,alternative,runJ_null_n2000,2000,all,2000,EDGE.poly2.u.G200,0.05,0.9845,0.00276222283677476,0.9845,0.05,0,0.9845,""
7,runJ_cloglog_n2000,alternative,runJ_null_n2000,2000,all,2000,EDGE.poly2.u.G200,0.1,0.996,0.00141138230115019,0.995,0.103,0,0.996,""
7,runJ_cloglog_n2000,alternative,runJ_null_n2000,2000,all,2000,EDGE.poly2.sc.G200,0.01,0.923,0.00596116599332714,0.923,0.0095,0,0.923,""
7,runJ_cloglog_n2000,alternative,runJ_null_n2000,2000,all,2000,EDGE.poly2.sc.G200,0.05,0.9805,0.00309190475273738,0.9805,0.0485,0,0.9805,""
7,runJ_cloglog_n2000,alternative,runJ_null_n2000,2000,all,2000,EDGE.poly2.sc.G200,0.1,0.992,0.0019919839356782,0.993,0.0915,0,0.992,""
7,runJ_cloglog_n2000,alternative,runJ_null_n2000,2000,all,2000,EDGE.stk.u.G200,0.01,0.919,0.00610077863882964,0.914,0.0105,0,0.919,""
7,runJ_cloglog_n2000,alternative,runJ_null_n2000,2000,all,2000,EDGE.stk.u.G200,0.05,0.989,0.00233227356885937,0.99,0.0425,0,0.989,""
7,runJ_cloglog_n2000,alternative,runJ_null_n2000,2000,all,2000,EDGE.stk.u.G200,0.1,0.998,0.000998999499499375,0.9985,0.0935,0,0.998,""
7,runJ_cloglog_n2000,alternative,runJ_null_n2000,2000,all,2000,EDGE.stk.sc.G200,0.01,0.9045,0.00657190041007927,0.9295,0.0075,0,0.9045,""
7,runJ_cloglog_n2000,alternative,runJ_null_n2000,2000,all,2000,EDGE.stk.sc.G200,0.05,0.98,0.00313049516849971,0.98,0.0485,0,0.98,""
7,runJ_cloglog_n2000,alternative,runJ_null_n2000,2000,all,2000,EDGE.stk.sc.G200,0.1,0.9885,0.00238408787589719,0.9895,0.097,0,0.9885,""
7,runJ_cloglog_n2000,alternative,runJ_null_n2000,2000,all,2000,EDGE.sym.u.G200,0.01,0.9025,0.00663301402079025,0.8715,0.0125,0,0.9025,""
7,runJ_cloglog_n2000,alternative,runJ_null_n2000,2000,all,2000,EDGE.sym.u.G200,0.05,0.991,0.00211175282644537,0.992,0.049,0,0.991,""
7,runJ_cloglog_n2000,alternative,runJ_null_n2000,2000,all,2000,EDGE.sym.u.G200,0.1,0.998,0.000998999499499375,0.998,0.0995,0,0.998,""
7,runJ_cloglog_n2000,alternative,runJ_null_n2000,2000,all,2000,EDGE.sym.sc.G200,0.01,0.9245,0.00590761161553466,0.9155,0.0115,0,0.9245,""
7,runJ_cloglog_n2000,alternative,runJ_null_n2000,2000,all,2000,EDGE.sym.sc.G200,0.05,0.9845,0.00276222283677476,0.984,0.0505,0,0.9845,""
7,runJ_cloglog_n2000,alternative,runJ_null_n2000,2000,all,2000,EDGE.sym.sc.G200,0.1,0.9965,0.00132055859392909,0.9965,0.0915,0,0.9965,""
7,runJ_cloglog_n2000,alternative,runJ_null_n2000,2000,all,2000,EDGE.poly3.u.G400,0.01,0.9305,0.00568637626261225,0.9375,0.009,0,0.9305,""
7,runJ_cloglog_n2000,alternative,runJ_null_n2000,2000,all,2000,EDGE.poly3.u.G400,0.05,0.9855,0.00267298989897081,0.985,0.051,0,0.9855,""
7,runJ_cloglog_n2000,alternative,runJ_null_n2000,2000,all,2000,EDGE.poly3.u.G400,0.1,0.994,0.0017268468374468,0.994,0.0945,0,0.994,""
7,runJ_cloglog_n2000,alternative,runJ_null_n2000,2000,all,2000,EDGE.poly3.sc.G400,0.01,0.89,0.00699642765988472,0.887,0.01,0,0.89,""
7,runJ_cloglog_n2000,alternative,runJ_null_n2000,2000,all,2000,EDGE.poly3.sc.G400,0.05,0.977,0.00335193973692846,0.978,0.0485,0,0.977,""
7,runJ_cloglog_n2000,alternative,runJ_null_n2000,2000,all,2000,EDGE.poly3.sc.G400,0.1,0.9925,0.00192921616207204,0.9925,0.1005,0,0.9925,""
7,runJ_cloglog_n2000,alternative,runJ_null_n2000,2000,all,2000,EDGE.poly2.u.G400,0.01,0.9375,0.00541265877365274,0.9265,0.0105,0,0.9375,""
7,runJ_cloglog_n2000,alternative,runJ_null_n2000,2000,all,2000,EDGE.poly2.u.G400,0.05,0.9835,0.00284848644019942,0.9835,0.0495,0,0.9835,""
7,runJ_cloglog_n2000,alternative,runJ_null_n2000,2000,all,2000,EDGE.poly2.u.G400,0.1,0.995,0.00157718102955875,0.995,0.1025,0,0.995,""
7,runJ_cloglog_n2000,alternative,runJ_null_n2000,2000,all,2000,EDGE.poly2.sc.G400,0.01,0.9225,0.00597886904021154,0.925,0.0095,0,0.9225,""
7,runJ_cloglog_n2000,alternative,runJ_null_n2000,2000,all,2000,EDGE.poly2.sc.G400,0.05,0.9815,0.00301311715670002,0.9815,0.0495,0,0.9815,""
7,runJ_cloglog_n2000,alternative,runJ_null_n2000,2000,all,2000,EDGE.poly2.sc.G400,0.1,0.992,0.0019919839356782,0.9925,0.0915,0,0.992,""
7,runJ_cloglog_n2000,alternative,runJ_null_n2000,2000,all,2000,EDGE.stk.u.G400,0.01,0.9195,0.0060835741961449,0.912,0.0105,0,0.9195,""
7,runJ_cloglog_n2000,alternative,runJ_null_n2000,2000,all,2000,EDGE.stk.u.G400,0.05,0.9885,0.00238408787589719,0.9905,0.0435,0,0.9885,""
7,runJ_cloglog_n2000,alternative,runJ_null_n2000,2000,all,2000,EDGE.stk.u.G400,0.1,0.998,0.000998999499499375,0.9985,0.093,0,0.998,""
7,runJ_cloglog_n2000,alternative,runJ_null_n2000,2000,all,2000,EDGE.stk.sc.G400,0.01,0.899,0.00673791510780597,0.9285,0.0075,0,0.899,""
7,runJ_cloglog_n2000,alternative,runJ_null_n2000,2000,all,2000,EDGE.stk.sc.G400,0.05,0.9785,0.00324328151722911,0.9825,0.0405,0,0.9785,""
7,runJ_cloglog_n2000,alternative,runJ_null_n2000,2000,all,2000,EDGE.stk.sc.G400,0.1,0.9905,0.00216907238237915,0.9925,0.0865,0,0.9905,""
7,runJ_cloglog_n2000,alternative,runJ_null_n2000,2000,all,2000,EDGE.sym.u.G400,0.01,0.902,0.00664815763952691,0.8695,0.012,0,0.902,""
7,runJ_cloglog_n2000,alternative,runJ_null_n2000,2000,all,2000,EDGE.sym.u.G400,0.05,0.9905,0.00216907238237915,0.992,0.0475,0,0.9905,""
7,runJ_cloglog_n2000,alternative,runJ_null_n2000,2000,all,2000,EDGE.sym.u.G400,0.1,0.998,0.000998999499499375,0.998,0.099,0,0.998,""
7,runJ_cloglog_n2000,alternative,runJ_null_n2000,2000,all,2000,EDGE.sym.sc.G400,0.01,0.925,0.00588960949469487,0.914,0.0115,0,0.925,""
7,runJ_cloglog_n2000,alternative,runJ_null_n2000,2000,all,2000,EDGE.sym.sc.G400,0.05,0.9845,0.00276222283677476,0.985,0.049,0,0.9845,""
7,runJ_cloglog_n2000,alternative,runJ_null_n2000,2000,all,2000,EDGE.sym.sc.G400,0.1,0.9965,0.00132055859392909,0.997,0.0935,0,0.9965,""
7,runJ_cloglog_n2000,alternative,runJ_null_n2000,2000,all,2000,EDGE.poly3.u.G1000,0.01,0.931,0.00566740681440816,0.9355,0.009,0,0.931,""
7,runJ_cloglog_n2000,alternative,runJ_null_n2000,2000,all,2000,EDGE.poly3.u.G1000,0.05,0.985,0.00271799558498538,0.985,0.0505,0,0.985,""
7,runJ_cloglog_n2000,alternative,runJ_null_n2000,2000,all,2000,EDGE.poly3.u.G1000,0.1,0.994,0.0017268468374468,0.994,0.0945,0,0.994,""
7,runJ_cloglog_n2000,alternative,runJ_null_n2000,2000,all,2000,EDGE.poly3.sc.G1000,0.01,0.89,0.00699642765988472,0.8885,0.01,0,0.89,""
7,runJ_cloglog_n2000,alternative,runJ_null_n2000,2000,all,2000,EDGE.poly3.sc.G1000,0.05,0.978,0.00327993902382346,0.979,0.0485,0,0.978,""
7,runJ_cloglog_n2000,alternative,runJ_null_n2000,2000,all,2000,EDGE.poly3.sc.G1000,0.1,0.992,0.0019919839356782,0.9915,0.104,0,0.992,""
7,runJ_cloglog_n2000,alternative,runJ_null_n2000,2000,all,2000,EDGE.poly2.u.G1000,0.01,0.938,0.00539240206216117,0.926,0.0105,0,0.938,""
7,runJ_cloglog_n2000,alternative,runJ_null_n2000,2000,all,2000,EDGE.poly2.u.G1000,0.05,0.9835,0.00284848644019942,0.9835,0.051,0,0.9835,""
7,runJ_cloglog_n2000,alternative,runJ_null_n2000,2000,all,2000,EDGE.poly2.u.G1000,0.1,0.995,0.00157718102955875,0.995,0.102,0,0.995,""
7,runJ_cloglog_n2000,alternative,runJ_null_n2000,2000,all,2000,EDGE.poly2.sc.G1000,0.01,0.9235,0.00594338918463195,0.9265,0.0095,0,0.9235,""
7,runJ_cloglog_n2000,alternative,runJ_null_n2000,2000,all,2000,EDGE.poly2.sc.G1000,0.05,0.982,0.002972877394041,0.9815,0.0505,0,0.982,""
7,runJ_cloglog_n2000,alternative,runJ_null_n2000,2000,all,2000,EDGE.poly2.sc.G1000,0.1,0.992,0.0019919839356782,0.9925,0.0925,0,0.992,""
7,runJ_cloglog_n2000,alternative,runJ_null_n2000,2000,all,2000,EDGE.stk.u.G1000,0.01,0.9195,0.0060835741961449,0.9125,0.011,0,0.9195,""
7,runJ_cloglog_n2000,alternative,runJ_null_n2000,2000,all,2000,EDGE.stk.u.G1000,0.05,0.9885,0.00238408787589719,0.9905,0.0435,0,0.9885,""
7,runJ_cloglog_n2000,alternative,runJ_null_n2000,2000,all,2000,EDGE.stk.u.G1000,0.1,0.998,0.000998999499499375,0.9985,0.0925,0,0.998,""
7,runJ_cloglog_n2000,alternative,runJ_null_n2000,2000,all,2000,EDGE.stk.sc.G1000,0.01,0.9015,0.00666324808182916,0.9185,0.007,0,0.9015,""
7,runJ_cloglog_n2000,alternative,runJ_null_n2000,2000,all,2000,EDGE.stk.sc.G1000,0.05,0.9795,0.00316857617866448,0.9785,0.05,0,0.9795,""
7,runJ_cloglog_n2000,alternative,runJ_null_n2000,2000,all,2000,EDGE.stk.sc.G1000,0.1,0.99,0.0022248595461287,0.99,0.1,0,0.99,""
7,runJ_cloglog_n2000,alternative,runJ_null_n2000,2000,all,2000,EDGE.sym.u.G1000,0.01,0.9015,0.00666324808182916,0.8715,0.0115,0,0.9015,""
7,runJ_cloglog_n2000,alternative,runJ_null_n2000,2000,all,2000,EDGE.sym.u.G1000,0.05,0.9905,0.00216907238237915,0.991,0.0475,0,0.9905,""
7,runJ_cloglog_n2000,alternative,runJ_null_n2000,2000,all,2000,EDGE.sym.u.G1000,0.1,0.998,0.000998999499499375,0.998,0.0995,0,0.998,""
7,runJ_cloglog_n2000,alternative,runJ_null_n2000,2000,all,2000,EDGE.sym.sc.G1000,0.01,0.925,0.00588960949469487,0.913,0.012,0,0.925,""
7,runJ_cloglog_n2000,alternative,runJ_null_n2000,2000,all,2000,EDGE.sym.sc.G1000,0.05,0.9845,0.00276222283677476,0.9845,0.05,0,0.9845,""
7,runJ_cloglog_n2000,alternative,runJ_null_n2000,2000,all,2000,EDGE.sym.sc.G1000,0.1,0.997,0.00122290637417588,0.997,0.094,0,0.997,""
