test,n,median_sec,min_sec,reps,inner_loop,peak_mb,note
EDGE,500,0.00272727272727275,0.00181818181818178,11,11,,""
Hosmer-Lemeshow,500,0.00171,0.00164,11,1000,,""
Stukel joint,500,0.00113,0.00111,11,1000,,""
cubic calib. LR,500,0.00262,0.00258,11,1000,,""
GiViTI,500,0.00666666666666669,0.00523809523809521,11,21,,""
EDGE,1000,0.00395,0.00384,11,1000,,""
Hosmer-Lemeshow,1000,0.00229000000000001,0.00225999999999999,11,1000,,""
Stukel joint,1000,0.00120999999999998,0.00116999999999999,11,1000,,""
cubic calib. LR,1000,0.004545454545453,0.00272727272727283,11,11,,""
GiViTI,1000,0.00916000000000003,0.00888999999999999,11,1000,,""
EDGE,2000,0.00649999999999977,0.00549999999999926,11,20,,""
Hosmer-Lemeshow,2000,0.0036363636363655,0.00272727272727025,11,11,,""
Stukel joint,2000,0.00144999999999999,0.00141000000000003,11,1000,,""
cubic calib. LR,2000,0.00809523809523615,0.00666666666666602,11,21,,""
GiViTI,2000,0.0142857142857148,0.0133333333333347,11,21,,""
EDGE,5000,0.0142857142857148,0.0133333333333347,11,21,,""
Hosmer-Lemeshow,5000,0.00730000000000001,0.00713999999999999,11,1000,,""
Stukel joint,5000,0.00211000000000001,0.002,11,1000,,""
cubic calib. LR,5000,0.0185714285714279,0.016190476190475,11,21,,""
GiViTI,5000,0.032727272727274,0.0281818181818184,11,11,,""
EDGE,20000,0.0575000000000046,0.0524999999999949,11,4,,""
Hosmer-Lemeshow,20000,0.0247619047619066,0.0238095238095238,11,21,,""
Stukel joint,20000,0.00523809523809589,0.0042857142857131,11,21,,""
cubic calib. LR,20000,0.0699999999999932,0.056666666666672,11,3,,""
GiViTI,20000,0.110000000000014,0.10499999999999,11,2,,""
EDGE,100000,0.529999999999973,0.400000000000034,11,1,,""
Hosmer-Lemeshow,100000,0.120000000000005,0.109999999999985,11,2,,""
Stukel joint,100000,0.0181818181818223,0.0172727272727271,11,11,,""
cubic calib. LR,100000,0.319999999999993,0.300000000000011,11,1,,""
GiViTI,100000,0.669999999999959,0.519999999999982,11,1,,""
le Cessie,500,0.017999999999995,0.0159999999999968,3,5,163.1,""
le Cessie,1000,0.156666666666657,0.110000000000014,3,3,218.7,""
le Cessie,2000,0.470000000000027,0.46999999999997,3,1,350.5,""
le Cessie,5000,2.53000000000003,2.53000000000003,1,1,1282.4,""
le Cessie,10000,10.67,10.67,1,1,4717.9,""
le Cessie,20000,,,0,0,,not run: an n x n kernel at n = 20000 needs an estimated 16 GB or more
Liu projection,500,4.63999999999999,4.45000000000005,3,1,,""
Liu projection,1000,34.5500000000001,34.5500000000001,1,1,,""
BAGofT,500,259.55,259.55,1,1,,""
BAGofT,1000,392.26,392.26,1,1,,""
BAGofT,2000,634.44,634.44,1,1,,""
