block,cells,replicates,cpu_h,wall_h_ideal,wall_h_observed
1a,25,250000,6.14814814814815,0.307407407407407,0.500360341987224
1b,60,208000,6.56944444444443,0.328472222222221,0.534647082289058
2,23,46000,3.07592592592593,0.153796296296296,0.250330881939994
3,155,910000,19.8842592592593,0.994212962962964,1.61825878677344
4,37,56000,1.52268518518519,0.0761342592592594,0.123922075662348
5,153,289200,7.70555555555551,0.385277777777775,0.627108247894225
6,13,15209,0.260973148148144,0.0130486574074072,0.0212390154743131
7,5,6400,0.955555555555549,0.0477777777777774,0.0777668483329536
total,471,1780809,46.1225472222222,2.30612736111111,3.75363328035356
