"design","link","s","c0","xdist","N","seed","event_rate","auc","D","n_env","n_lo","n_hi","control","in_block2","n_run","e12_ok","note"
"base","logit",1,0,"uniform",400000,20260913,0.549668428757007,0.764274705734486,NA,NA,NA,NA,FALSE,FALSE,"",NA,""
"base","probit",1,0,"uniform",400000,20260913,0.564288193967383,0.867288300599186,0.000503403982596588,15593.8376957394,9400,16000,FALSE,TRUE,"9400,16000",NA,""
"base","cauchit",1,0,"uniform",400000,20260913,0.547131462881028,0.767180184048909,0.00196984600622224,3985.08308527868,2400,4000,FALSE,TRUE,"2400,4000",NA,""
"base","t4",1,0,"uniform",400000,20260913,0.559272332450294,0.836801141829131,0.000118460955299018,66266.5599832882,NA,NA,TRUE,TRUE,"20000",NA,""
"base","loglog",1,0,"uniform",400000,20260913,0.444496067151262,0.845724926607705,0.00777078474776019,1010.19398359511,610,1000,FALSE,TRUE,"610,1000",NA,""
"auc","logit",2,0,"uniform",400000,20260913,0.565914963900612,0.893565913380239,NA,NA,NA,NA,FALSE,FALSE,"",NA,""
"auc","probit",2,0,"uniform",400000,20260913,0.570320284495292,0.960916467506333,0.00133312298374405,5888.42897146176,3500,5900,FALSE,TRUE,"3500,5900",NA,""
"auc","cauchit",2,0,"uniform",400000,20260913,0.557880499874344,0.857110217212757,0.0103072622224211,761.598941659223,460,760,FALSE,TRUE,"460,760",NA,""
"auc","t4",2,0,"uniform",400000,20260913,0.568486706731691,0.937207019753475,0.00100169772212486,7836.69546871701,4700,7800,FALSE,TRUE,"4700,7800",NA,""
"auc","loglog",2,0,"uniform",400000,20260913,0.492777632887423,0.942696687357905,0.012352316979055,635.508302880399,380,640,FALSE,TRUE,"380,640",NA,""
"e12","logit",1,-2.64,"uniform",400000,20260913,0.120294451036537,0.760192039466663,NA,NA,NA,NA,FALSE,FALSE,"",TRUE,""
"e12","probit",1,-2.01,"uniform",400000,20260913,0.119972501411584,0.872283600326097,0.00108350703006835,7244.9922170831,4300,7200,FALSE,TRUE,"4300,7200",TRUE,""
"e12","cauchit",1,-3.15,"uniform",400000,20260913,0.120270506775652,0.622432118314832,0.000730934901404353,10739.6705026914,6400,11000,FALSE,TRUE,"6400,11000",TRUE,""
"e12","t4",1,-2.18,"uniform",400000,20260913,0.120765471327468,0.810966644386979,0.000540239285647202,14530.5982155588,8700,15000,FALSE,TRUE,"8700,15000",TRUE,""
"e12","loglog",1,-1.6,"uniform",400000,20260913,0.120139253257978,0.892245596893953,0.00459633826553466,1707.88126253951,1000,1700,FALSE,TRUE,"1000,1700",TRUE,""
"e12","cloglog",1,-2.76,"uniform",400000,20260913,0.120317429205477,0.775322285100679,0.000109788531212069,71501.0931773629,NA,NA,FALSE,FALSE,"",TRUE,""
