block,cell,file,table_base,stored_base,n_bases,table_B,stored_B,ok
0,id_null_quad_n1000,sim_null_pvalues.csv,21360705,21360705,1,10000,10000,TRUE
0,w_null_quad_n5000,sim_null_pvalues.csv,22360705,22360705,1,10000,10000,TRUE
1a,null_quad_n200,sim_null_pvalues.csv,20360705,20360705,1,10000,10000,TRUE
1a,null_binint_n200,sim_null_pvalues.csv,20460705,20460705,1,10000,10000,TRUE
1a,null_contint_n200,sim_null_pvalues.csv,20560705,20560705,1,10000,10000,TRUE
1a,null_link_n200,sim_null_pvalues.csv,20660705,20660705,1,10000,10000,TRUE
1a,null_rough_n200,sim_null_pvalues.csv,20760705,20760705,1,10000,10000,TRUE
1a,null_quad_n500,sim_null_pvalues.csv,20860705,20860705,1,10000,10000,TRUE
1a,null_binint_n500,sim_null_pvalues.csv,20960705,20960705,1,10000,10000,TRUE
1a,null_contint_n500,sim_null_pvalues.csv,21060705,21060705,1,10000,10000,TRUE
1a,null_link_n500,sim_null_pvalues.csv,21160705,21160705,1,10000,10000,TRUE
1a,null_rough_n500,sim_null_pvalues.csv,21260705,21260705,1,10000,10000,TRUE
1a,null_quad_n1000,sim_null_pvalues.csv,21360705,21360705,1,10000,10000,TRUE
1a,null_binint_n1000,sim_null_pvalues.csv,21460705,21460705,1,10000,10000,TRUE
1a,null_contint_n1000,sim_null_pvalues.csv,21560705,21560705,1,10000,10000,TRUE
1a,null_link_n1000,sim_null_pvalues.csv,21660705,21660705,1,10000,10000,TRUE
1a,null_rough_n1000,sim_null_pvalues.csv,21760705,21760705,1,10000,10000,TRUE
1a,null_quad_n2000,sim_null_pvalues.csv,21860705,21860705,1,10000,10000,TRUE
1a,null_binint_n2000,sim_null_pvalues.csv,21960705,21960705,1,10000,10000,TRUE
1a,null_contint_n2000,sim_null_pvalues.csv,22060705,22060705,1,10000,10000,TRUE
1a,null_link_n2000,sim_null_pvalues.csv,22160705,22160705,1,10000,10000,TRUE
1a,null_rough_n2000,sim_null_pvalues.csv,22260705,22260705,1,10000,10000,TRUE
1a,null_quad_n5000,sim_null_pvalues.csv,22360705,22360705,1,10000,10000,TRUE
1a,null_binint_n5000,sim_null_pvalues.csv,22460705,22460705,1,10000,10000,TRUE
1a,null_contint_n5000,sim_null_pvalues.csv,22560705,22560705,1,10000,10000,TRUE
1a,null_link_n5000,sim_null_pvalues.csv,22660705,22660705,1,10000,10000,TRUE
1a,null_rough_n5000,sim_null_pvalues.csv,22760705,22760705,1,10000,10000,TRUE
0,id_link_cloglog_n1000,sim_power_broad_pvalues.csv,29460708,29460708,1,5000,5000,TRUE
3,quad_0.01_n200,sim_power_broad_pvalues.csv,20360708,20360708,1,10000,10000,TRUE
3,quad_0.02_n200,sim_power_broad_pvalues.csv,20460708,20460708,1,10000,10000,TRUE
3,quad_0.03_n200,sim_power_broad_pvalues.csv,20560708,20560708,1,10000,10000,TRUE
3,quad_0.05_n200,sim_power_broad_pvalues.csv,20660708,20660708,1,10000,10000,TRUE
3,quad_0.1_n200,sim_power_broad_pvalues.csv,20760708,20760708,1,10000,10000,TRUE
3,quad_0.2_n200,sim_power_broad_pvalues.csv,20860708,20860708,1,10000,10000,TRUE
3,quad_0.4_n200,sim_power_broad_pvalues.csv,20960708,20960708,1,10000,10000,TRUE
3,quad_0.01_n500,sim_power_broad_pvalues.csv,21060708,21060708,1,5000,5000,TRUE
3,quad_0.02_n500,sim_power_broad_pvalues.csv,21160708,21160708,1,5000,5000,TRUE
3,quad_0.03_n500,sim_power_broad_pvalues.csv,21260708,21260708,1,5000,5000,TRUE
3,quad_0.05_n500,sim_power_broad_pvalues.csv,21360708,21360708,1,5000,5000,TRUE
3,quad_0.1_n500,sim_power_broad_pvalues.csv,21460708,21460708,1,5000,5000,TRUE
3,quad_0.2_n500,sim_power_broad_pvalues.csv,21560708,21560708,1,5000,5000,TRUE
3,quad_0.4_n500,sim_power_broad_pvalues.csv,21660708,21660708,1,5000,5000,TRUE
3,quad_0.01_n1000,sim_power_broad_pvalues.csv,21760708,21760708,1,5000,5000,TRUE
3,quad_0.02_n1000,sim_power_broad_pvalues.csv,21860708,21860708,1,5000,5000,TRUE
3,quad_0.03_n1000,sim_power_broad_pvalues.csv,21960708,21960708,1,5000,5000,TRUE
3,quad_0.05_n1000,sim_power_broad_pvalues.csv,22060708,22060708,1,5000,5000,TRUE
3,quad_0.1_n1000,sim_power_broad_pvalues.csv,22160708,22160708,1,5000,5000,TRUE
3,quad_0.2_n1000,sim_power_broad_pvalues.csv,22260708,22260708,1,5000,5000,TRUE
3,quad_0.4_n1000,sim_power_broad_pvalues.csv,22360708,22360708,1,5000,5000,TRUE
3,quad_0.01_n2000,sim_power_broad_pvalues.csv,22460708,22460708,1,5000,5000,TRUE
3,quad_0.02_n2000,sim_power_broad_pvalues.csv,22560708,22560708,1,5000,5000,TRUE
3,quad_0.03_n2000,sim_power_broad_pvalues.csv,22660708,22660708,1,5000,5000,TRUE
3,quad_0.05_n2000,sim_power_broad_pvalues.csv,22760708,22760708,1,5000,5000,TRUE
3,quad_0.1_n2000,sim_power_broad_pvalues.csv,22860708,22860708,1,5000,5000,TRUE
3,quad_0.2_n2000,sim_power_broad_pvalues.csv,22960708,22960708,1,5000,5000,TRUE
3,quad_0.4_n2000,sim_power_broad_pvalues.csv,23060708,23060708,1,5000,5000,TRUE
3,quad_0.01_n5000,sim_power_broad_pvalues.csv,23160708,23160708,1,5000,5000,TRUE
3,quad_0.02_n5000,sim_power_broad_pvalues.csv,23260708,23260708,1,5000,5000,TRUE
3,quad_0.03_n5000,sim_power_broad_pvalues.csv,23360708,23360708,1,5000,5000,TRUE
3,quad_0.05_n5000,sim_power_broad_pvalues.csv,23460708,23460708,1,5000,5000,TRUE
3,quad_0.1_n5000,sim_power_broad_pvalues.csv,23560708,23560708,1,5000,5000,TRUE
3,quad_0.2_n5000,sim_power_broad_pvalues.csv,23660708,23660708,1,5000,5000,TRUE
3,quad_0.4_n5000,sim_power_broad_pvalues.csv,23760708,23760708,1,5000,5000,TRUE
3,binint_0.1_n200,sim_power_broad_pvalues.csv,23860708,23860708,1,10000,10000,TRUE
3,binint_0.2_n200,sim_power_broad_pvalues.csv,23960708,23960708,1,10000,10000,TRUE
3,binint_0.3_n200,sim_power_broad_pvalues.csv,24060708,24060708,1,10000,10000,TRUE
3,binint_0.5_n200,sim_power_broad_pvalues.csv,24160708,24160708,1,10000,10000,TRUE
3,binint_0.7_n200,sim_power_broad_pvalues.csv,24260708,24260708,1,10000,10000,TRUE
3,binint_0.1_n500,sim_power_broad_pvalues.csv,24360708,24360708,1,5000,5000,TRUE
3,binint_0.2_n500,sim_power_broad_pvalues.csv,24460708,24460708,1,5000,5000,TRUE
3,binint_0.3_n500,sim_power_broad_pvalues.csv,24560708,24560708,1,5000,5000,TRUE
3,binint_0.5_n500,sim_power_broad_pvalues.csv,24660708,24660708,1,5000,5000,TRUE
3,binint_0.7_n500,sim_power_broad_pvalues.csv,24760708,24760708,1,5000,5000,TRUE
3,binint_0.1_n1000,sim_power_broad_pvalues.csv,24860708,24860708,1,5000,5000,TRUE
3,binint_0.2_n1000,sim_power_broad_pvalues.csv,24960708,24960708,1,5000,5000,TRUE
3,binint_0.3_n1000,sim_power_broad_pvalues.csv,25060708,25060708,1,5000,5000,TRUE
3,binint_0.5_n1000,sim_power_broad_pvalues.csv,25160708,25160708,1,5000,5000,TRUE
3,binint_0.7_n1000,sim_power_broad_pvalues.csv,25260708,25260708,1,5000,5000,TRUE
3,binint_0.1_n2000,sim_power_broad_pvalues.csv,25360708,25360708,1,5000,5000,TRUE
3,binint_0.2_n2000,sim_power_broad_pvalues.csv,25460708,25460708,1,5000,5000,TRUE
3,binint_0.3_n2000,sim_power_broad_pvalues.csv,25560708,25560708,1,5000,5000,TRUE
3,binint_0.5_n2000,sim_power_broad_pvalues.csv,25660708,25660708,1,5000,5000,TRUE
3,binint_0.7_n2000,sim_power_broad_pvalues.csv,25760708,25760708,1,5000,5000,TRUE
3,binint_0.1_n5000,sim_power_broad_pvalues.csv,25860708,25860708,1,5000,5000,TRUE
3,binint_0.2_n5000,sim_power_broad_pvalues.csv,25960708,25960708,1,5000,5000,TRUE
3,binint_0.3_n5000,sim_power_broad_pvalues.csv,26060708,26060708,1,5000,5000,TRUE
3,binint_0.5_n5000,sim_power_broad_pvalues.csv,26160708,26160708,1,5000,5000,TRUE
3,binint_0.7_n5000,sim_power_broad_pvalues.csv,26260708,26260708,1,5000,5000,TRUE
3,contint_0.1_n200,sim_power_broad_pvalues.csv,26360708,26360708,1,10000,10000,TRUE
3,contint_0.3_n200,sim_power_broad_pvalues.csv,26460708,26460708,1,10000,10000,TRUE
3,contint_0.5_n200,sim_power_broad_pvalues.csv,26560708,26560708,1,10000,10000,TRUE
3,contint_0.7_n200,sim_power_broad_pvalues.csv,26660708,26660708,1,10000,10000,TRUE
3,contint_0.1_n500,sim_power_broad_pvalues.csv,26760708,26760708,1,5000,5000,TRUE
3,contint_0.3_n500,sim_power_broad_pvalues.csv,26860708,26860708,1,5000,5000,TRUE
3,contint_0.5_n500,sim_power_broad_pvalues.csv,26960708,26960708,1,5000,5000,TRUE
3,contint_0.7_n500,sim_power_broad_pvalues.csv,27060708,27060708,1,5000,5000,TRUE
3,contint_0.1_n1000,sim_power_broad_pvalues.csv,27160708,27160708,1,5000,5000,TRUE
3,contint_0.3_n1000,sim_power_broad_pvalues.csv,27260708,27260708,1,5000,5000,TRUE
3,contint_0.5_n1000,sim_power_broad_pvalues.csv,27360708,27360708,1,5000,5000,TRUE
3,contint_0.7_n1000,sim_power_broad_pvalues.csv,27460708,27460708,1,5000,5000,TRUE
3,contint_0.1_n2000,sim_power_broad_pvalues.csv,27560708,27560708,1,5000,5000,TRUE
3,contint_0.3_n2000,sim_power_broad_pvalues.csv,27660708,27660708,1,5000,5000,TRUE
3,contint_0.5_n2000,sim_power_broad_pvalues.csv,27760708,27760708,1,5000,5000,TRUE
3,contint_0.7_n2000,sim_power_broad_pvalues.csv,27860708,27860708,1,5000,5000,TRUE
3,contint_0.1_n5000,sim_power_broad_pvalues.csv,27960708,27960708,1,5000,5000,TRUE
3,contint_0.3_n5000,sim_power_broad_pvalues.csv,28060708,28060708,1,5000,5000,TRUE
3,contint_0.5_n5000,sim_power_broad_pvalues.csv,28160708,28160708,1,5000,5000,TRUE
3,contint_0.7_n5000,sim_power_broad_pvalues.csv,28260708,28260708,1,5000,5000,TRUE
3,link_probit_n200,sim_power_broad_pvalues.csv,28360708,28360708,1,10000,10000,TRUE
3,link_cloglog_n200,sim_power_broad_pvalues.csv,28460708,28460708,1,10000,10000,TRUE
3,link_plateau_upper_n200,sim_power_broad_pvalues.csv,28560708,28560708,1,10000,10000,TRUE
3,link_plateau_lower_n200,sim_power_broad_pvalues.csv,28660708,28660708,1,10000,10000,TRUE
3,link_plateau_both_n200,sim_power_broad_pvalues.csv,28760708,28760708,1,10000,10000,TRUE
3,link_probit_n500,sim_power_broad_pvalues.csv,28860708,28860708,1,5000,5000,TRUE
3,link_cloglog_n500,sim_power_broad_pvalues.csv,28960708,28960708,1,5000,5000,TRUE
3,link_plateau_upper_n500,sim_power_broad_pvalues.csv,29060708,29060708,1,5000,5000,TRUE
3,link_plateau_lower_n500,sim_power_broad_pvalues.csv,29160708,29160708,1,5000,5000,TRUE
3,link_plateau_both_n500,sim_power_broad_pvalues.csv,29260708,29260708,1,5000,5000,TRUE
3,link_probit_n1000,sim_power_broad_pvalues.csv,29360708,29360708,1,5000,5000,TRUE
3,link_cloglog_n1000,sim_power_broad_pvalues.csv,29460708,29460708,1,5000,5000,TRUE
3,link_plateau_upper_n1000,sim_power_broad_pvalues.csv,29560708,29560708,1,5000,5000,TRUE
3,link_plateau_lower_n1000,sim_power_broad_pvalues.csv,29660708,29660708,1,5000,5000,TRUE
3,link_plateau_both_n1000,sim_power_broad_pvalues.csv,29760708,29760708,1,5000,5000,TRUE
3,link_probit_n2000,sim_power_broad_pvalues.csv,29860708,29860708,1,5000,5000,TRUE
3,link_cloglog_n2000,sim_power_broad_pvalues.csv,29960708,29960708,1,5000,5000,TRUE
3,link_plateau_upper_n2000,sim_power_broad_pvalues.csv,30060708,30060708,1,5000,5000,TRUE
3,link_plateau_lower_n2000,sim_power_broad_pvalues.csv,30160708,30160708,1,5000,5000,TRUE
3,link_plateau_both_n2000,sim_power_broad_pvalues.csv,30260708,30260708,1,5000,5000,TRUE
3,link_probit_n5000,sim_power_broad_pvalues.csv,30360708,30360708,1,5000,5000,TRUE
3,link_cloglog_n5000,sim_power_broad_pvalues.csv,30460708,30460708,1,5000,5000,TRUE
3,link_plateau_upper_n5000,sim_power_broad_pvalues.csv,30560708,30560708,1,5000,5000,TRUE
3,link_plateau_lower_n5000,sim_power_broad_pvalues.csv,30660708,30660708,1,5000,5000,TRUE
3,link_plateau_both_n5000,sim_power_broad_pvalues.csv,30760708,30760708,1,5000,5000,TRUE
3,rough_osc2_n500,sim_power_broad_pvalues.csv,30860708,30860708,1,5000,5000,TRUE
3,rough_osc4_n500,sim_power_broad_pvalues.csv,30960708,30960708,1,5000,5000,TRUE
3,rough_sawtooth_n500,sim_power_broad_pvalues.csv,31060708,31060708,1,5000,5000,TRUE
3,rough_bump_n500,sim_power_broad_pvalues.csv,31160708,31160708,1,5000,5000,TRUE
3,rough_osc2_n1000,sim_power_broad_pvalues.csv,31260708,31260708,1,5000,5000,TRUE
3,rough_osc4_n1000,sim_power_broad_pvalues.csv,31360708,31360708,1,5000,5000,TRUE
3,rough_sawtooth_n1000,sim_power_broad_pvalues.csv,31460708,31460708,1,5000,5000,TRUE
3,rough_bump_n1000,sim_power_broad_pvalues.csv,31560708,31560708,1,5000,5000,TRUE
3,rough_osc2_n2000,sim_power_broad_pvalues.csv,31660708,31660708,1,5000,5000,TRUE
3,rough_osc4_n2000,sim_power_broad_pvalues.csv,31760708,31760708,1,5000,5000,TRUE
3,rough_sawtooth_n2000,sim_power_broad_pvalues.csv,31860708,31860708,1,5000,5000,TRUE
3,rough_bump_n2000,sim_power_broad_pvalues.csv,31960708,31960708,1,5000,5000,TRUE
0,id_crossover_n1000,sim_edge_loses_pvalues.csv,20360710,20360710,1,5000,5000,TRUE
4,crossover_n1000,sim_edge_loses_pvalues.csv,20360710,20360710,1,5000,5000,TRUE
4,crossover_n2000,sim_edge_loses_pvalues.csv,20460710,20460710,1,5000,5000,TRUE
4,osc4_n1000,sim_edge_loses_pvalues.csv,20560711,20560711,1,5000,5000,TRUE
4,osc4_n2000,sim_edge_loses_pvalues.csv,20660711,20660711,1,5000,5000,TRUE
4,sawtooth_n1000,sim_edge_loses_pvalues.csv,20760711,20760711,1,5000,5000,TRUE
4,sawtooth_n2000,sim_edge_loses_pvalues.csv,20860711,20860711,1,5000,5000,TRUE
4,proj_link_cloglog_n500,proj_power_grid_pvalues.csv,20360720,20360720,1,500,500,TRUE
4,proj_link_cloglog_n1000,proj_power_grid_pvalues.csv,20460720,20460720,1,500,500,TRUE
4,proj_link_probit_n500,proj_power_grid_pvalues.csv,20560720,20560720,1,500,500,TRUE
4,proj_link_probit_n1000,proj_power_grid_pvalues.csv,20660720,20660720,1,500,500,TRUE
4,proj_link_plateau_upper_n500,proj_power_grid_pvalues.csv,20760720,20760720,1,500,500,TRUE
4,proj_link_plateau_upper_n1000,proj_power_grid_pvalues.csv,20860720,20860720,1,500,500,TRUE
4,proj_link_plateau_lower_n500,proj_power_grid_pvalues.csv,20960720,20960720,1,500,500,TRUE
4,proj_link_plateau_lower_n1000,proj_power_grid_pvalues.csv,21060720,21060720,1,500,500,TRUE
4,proj_link_plateau_both_n500,proj_power_grid_pvalues.csv,21160720,21160720,1,500,500,TRUE
4,proj_link_plateau_both_n1000,proj_power_grid_pvalues.csv,21260720,21260720,1,500,500,TRUE
4,proj_quad_0.02_n500,proj_power_grid_pvalues.csv,21360720,21360720,1,500,500,TRUE
4,proj_quad_0.02_n1000,proj_power_grid_pvalues.csv,21460720,21460720,1,500,500,TRUE
4,proj_binint_0.3_n500,proj_power_grid_pvalues.csv,21560720,21560720,1,500,500,TRUE
4,proj_binint_0.3_n1000,proj_power_grid_pvalues.csv,21660720,21660720,1,500,500,TRUE
4,proj_contint_0.5_n500,proj_power_grid_pvalues.csv,21760720,21760720,1,500,500,TRUE
4,proj_contint_0.5_n1000,proj_power_grid_pvalues.csv,21860720,21860720,1,500,500,TRUE
4,omit_2cov_n500,proj_power_grid_pvalues.csv,21960720,21960720,1,500,500,TRUE
4,omit_2cov_n1000,proj_power_grid_pvalues.csv,22060720,22060720,1,500,500,TRUE
4,proj_null_quad_n500,proj_power_grid_pvalues.csv,22160720,22160720,1,500,500,TRUE
4,proj_null_quad_n1000,proj_power_grid_pvalues.csv,22260720,22260720,1,500,500,TRUE
4,proj_null_link_n500,proj_power_grid_pvalues.csv,22360720,22360720,1,500,500,TRUE
4,proj_null_link_n1000,proj_power_grid_pvalues.csv,22460720,22460720,1,500,500,TRUE
4,proj_null_contint_n500,proj_power_grid_pvalues.csv,22560720,22560720,1,500,500,TRUE
4,proj_null_contint_n1000,proj_power_grid_pvalues.csv,22660720,22660720,1,500,500,TRUE
