test,cell,role,n,null_cell,reps_in_file,reps_kept,identity_failures,max_identity_absdiff,no_pvalue,rejection,band_lo,band_hi,in_band,rival_size_adj,edge_rejection,edge_size_adj,median_sec
lecessie,null_quad_n200,null,200,,500,500,0,5.55111512312578e-16,0,0.046,0.0207596169655731,0.0792403830344269,TRUE,,0.054,,0.00999999999999979
lecessie,null_binint_n200,null,200,,500,500,0,5.55111512312578e-16,0,0.064,0.0207596169655731,0.0792403830344269,TRUE,,0.064,,0.00999999999999979
lecessie,null_contint_n200,null,200,,500,500,0,5.55111512312578e-16,0,0.056,0.0207596169655731,0.0792403830344269,TRUE,,0.042,,0.00999999999999801
lecessie,null_quad_n500,null,500,,500,500,0,5.55111512312578e-16,0,0.032,0.0207596169655731,0.0792403830344269,TRUE,,0.048,,0.0899999999999999
lecessie,null_binint_n500,null,500,,500,500,0,5.55111512312578e-16,0,0.04,0.0207596169655731,0.0792403830344269,TRUE,,0.03,,0.0899999999999963
lecessie,null_contint_n500,null,500,,500,500,0,5.55111512312578e-16,0,0.032,0.0207596169655731,0.0792403830344269,TRUE,,0.044,,0.0899999999999963
lecessie,null_rough_n500,null,500,,500,500,0,5.55111512312578e-16,0,0.07,0.0207596169655731,0.0792403830344269,TRUE,,0.042,,0.0799999999999983
lecessie,null_quad_n1000,null,1000,,500,500,0,5.55111512312578e-16,0,0.046,0.0207596169655731,0.0792403830344269,TRUE,,0.028,,0.609999999999999
lecessie,null_binint_n1000,null,1000,,500,500,0,5.55111512312578e-16,0,0.05,0.0207596169655731,0.0792403830344269,TRUE,,0.042,,0.670000000000002
lecessie,null_contint_n1000,null,1000,,500,500,0,6.66133814775094e-16,0,0.066,0.0207596169655731,0.0792403830344269,TRUE,,0.054,,0.659999999999997
lecessie,null_rough_n1000,null,1000,,500,500,0,5.55111512312578e-16,0,0.05,0.0207596169655731,0.0792403830344269,TRUE,,0.03,,0.610000000000014
lecessie,quad_0.01_n200,alternative,200,null_quad_n200,500,500,0,5.55111512312578e-16,0,0.042,0.0207596169655731,0.0792403830344269,,0.048,0.048,0.042,0.00999999999999091
lecessie,quad_0.02_n200,alternative,200,null_quad_n200,500,500,0,5.55111512312578e-16,0,0.12,0.0207596169655731,0.0792403830344269,,0.148,0.13,0.118,0.00999999999999091
lecessie,quad_0.03_n200,alternative,200,null_quad_n200,500,500,0,5.55111512312578e-16,0,0.24,0.0207596169655731,0.0792403830344269,,0.254,0.276,0.268,0
lecessie,quad_0.05_n200,alternative,200,null_quad_n200,500,500,0,4.9960036108132e-16,0,0.484,0.0207596169655731,0.0792403830344269,,0.504,0.504,0.496,0.00999999999999091
lecessie,quad_0.1_n200,alternative,200,null_quad_n200,500,500,0,5.55111512312578e-16,0,0.752,0.0207596169655731,0.0792403830344269,,0.77,0.804,0.798,0.00999999999999091
lecessie,quad_0.2_n200,alternative,200,null_quad_n200,500,500,0,4.57966997657877e-16,0,0.95,0.0207596169655731,0.0792403830344269,,0.956,0.976,0.974,0
lecessie,quad_0.4_n200,alternative,200,null_quad_n200,500,500,0,3.90312782094782e-18,0,1,0.0207596169655731,0.0792403830344269,,1,1,1,0.00999999999999091
lecessie,quad_0.01_n500,alternative,500,null_quad_n500,500,500,0,5.55111512312578e-16,0,0.074,0.0207596169655731,0.0792403830344269,,0.084,0.064,0.066,0.0600000000000023
lecessie,quad_0.02_n500,alternative,500,null_quad_n500,500,500,0,5.55111512312578e-16,0,0.304,0.0207596169655731,0.0792403830344269,,0.328,0.304,0.312,0.0600000000000023
lecessie,quad_0.03_n500,alternative,500,null_quad_n500,500,500,0,5.55111512312578e-16,0,0.544,0.0207596169655731,0.0792403830344269,,0.586,0.588,0.596,0.0600000000000023
lecessie,quad_0.05_n500,alternative,500,null_quad_n500,500,500,0,4.9960036108132e-16,0,0.824,0.0207596169655731,0.0792403830344269,,0.844,0.868,0.868,0.0600000000000023
lecessie,quad_0.1_n500,alternative,500,null_quad_n500,500,500,0,4.5102810375397e-17,0,0.988,0.0207596169655731,0.0792403830344269,,0.996,0.996,0.996,0.0600000000000023
lecessie,quad_0.2_n500,alternative,500,null_quad_n500,500,500,0,4.06575814682064e-19,0,1,0.0207596169655731,0.0792403830344269,,1,1,1,0.0600000000000023
lecessie,quad_0.4_n500,alternative,500,null_quad_n500,500,500,0,4.64481300994132e-27,0,1,0.0207596169655731,0.0792403830344269,,1,1,1,0.0600000000000023
lecessie,quad_0.01_n1000,alternative,1000,null_quad_n1000,500,500,0,5.55111512312578e-16,0,0.1,0.0207596169655731,0.0792403830344269,,0.112,0.078,0.116,0.609999999999985
lecessie,quad_0.02_n1000,alternative,1000,null_quad_n1000,500,500,0,5.55111512312578e-16,0,0.528,0.0207596169655731,0.0792403830344269,,0.542,0.574,0.612,0.590000000000003
lecessie,quad_0.03_n1000,alternative,1000,null_quad_n1000,500,500,0,5.27355936696949e-16,0,0.834,0.0207596169655731,0.0792403830344269,,0.842,0.866,0.896,0.590000000000032
lecessie,quad_0.05_n1000,alternative,1000,null_quad_n1000,500,500,0,3.05311331771918e-16,0,0.984,0.0207596169655731,0.0792403830344269,,0.986,0.992,0.992,0.590000000000032
lecessie,quad_0.1_n1000,alternative,1000,null_quad_n1000,500,500,0,3.90312782094782e-18,0,1,0.0207596169655731,0.0792403830344269,,1,1,1,0.599999999999966
lecessie,quad_0.2_n1000,alternative,1000,null_quad_n1000,500,500,0,4.52364397489937e-26,0,1,0.0207596169655731,0.0792403830344269,,1,1,1,0.599999999999966
lecessie,quad_0.4_n1000,alternative,1000,null_quad_n1000,500,500,0,2.24207754291971e-44,0,1,0.0207596169655731,0.0792403830344269,,1,1,1,0.609999999999957
lecessie,binint_0.1_n200,alternative,200,null_binint_n200,500,500,0,6.66133814775094e-16,0,0.074,0.0207596169655731,0.0792403830344269,,0.056,0.056,0.05,0.00999999999999091
lecessie,binint_0.2_n200,alternative,200,null_binint_n200,500,500,0,5.55111512312578e-16,0,0.106,0.0207596169655731,0.0792403830344269,,0.1,0.102,0.088,0.00999999999999091
lecessie,binint_0.3_n200,alternative,200,null_binint_n200,500,500,0,5.55111512312578e-16,0,0.15,0.0207596169655731,0.0792403830344269,,0.128,0.126,0.116,0.00999999999999091
lecessie,binint_0.5_n200,alternative,200,null_binint_n200,500,500,0,5.55111512312578e-16,0,0.316,0.0207596169655731,0.0792403830344269,,0.288,0.292,0.25,0.00999999999999091
lecessie,binint_0.7_n200,alternative,200,null_binint_n200,500,500,0,6.10622663543836e-16,0,0.664,0.0207596169655731,0.0792403830344269,,0.636,0.638,0.618,0.00999999999999091
lecessie,binint_0.1_n500,alternative,500,null_binint_n500,500,500,0,5.55111512312578e-16,0,0.088,0.0207596169655731,0.0792403830344269,,0.118,0.062,0.098,0.0799999999999841
lecessie,binint_0.2_n500,alternative,500,null_binint_n500,500,500,0,6.66133814775094e-16,0,0.17,0.0207596169655731,0.0792403830344269,,0.206,0.162,0.188,0.0799999999999841
lecessie,binint_0.3_n500,alternative,500,null_binint_n500,500,500,0,5.55111512312578e-16,0,0.282,0.0207596169655731,0.0792403830344269,,0.318,0.216,0.26,0.0799999999999841
lecessie,binint_0.5_n500,alternative,500,null_binint_n500,500,500,0,4.9960036108132e-16,0,0.678,0.0207596169655731,0.0792403830344269,,0.712,0.658,0.692,0.0799999999999841
lecessie,binint_0.7_n500,alternative,500,null_binint_n500,500,500,0,4.85722573273506e-16,0,0.944,0.0207596169655731,0.0792403830344269,,0.956,0.952,0.958,0.0799999999999841
lecessie,binint_0.1_n1000,alternative,1000,null_binint_n1000,500,500,0,5.55111512312578e-16,0,0.13,0.0207596169655731,0.0792403830344269,,0.124,0.078,0.092,0.649999999999977
lecessie,binint_0.2_n1000,alternative,1000,null_binint_n1000,500,500,0,5.55111512312578e-16,0,0.34,0.0207596169655731,0.0792403830344269,,0.326,0.242,0.274,0.650000000000034
lecessie,binint_0.3_n1000,alternative,1000,null_binint_n1000,500,500,0,5.55111512312578e-16,0,0.552,0.0207596169655731,0.0792403830344269,,0.548,0.448,0.472,0.649999999999977
lecessie,binint_0.5_n1000,alternative,1000,null_binint_n1000,500,500,0,5.27355936696949e-16,0,0.904,0.0207596169655731,0.0792403830344269,,0.902,0.888,0.896,0.660000000000025
lecessie,binint_0.7_n1000,alternative,1000,null_binint_n1000,500,500,0,1.66533453693773e-16,0,0.996,0.0207596169655731,0.0792403830344269,,0.996,0.998,0.998,0.659999999999968
lecessie,contint_0.1_n200,alternative,200,null_contint_n200,500,500,0,5.55111512312578e-16,0,0.058,0.0207596169655731,0.0792403830344269,,0.046,0.034,0.04,0.00999999999999091
lecessie,contint_0.3_n200,alternative,200,null_contint_n200,500,500,0,6.66133814775094e-16,0,0.06,0.0207596169655731,0.0792403830344269,,0.056,0.078,0.096,0.00999999999999091
lecessie,contint_0.5_n200,alternative,200,null_contint_n200,500,500,0,5.55111512312578e-16,0,0.144,0.0207596169655731,0.0792403830344269,,0.13,0.108,0.116,0.00999999999999091
lecessie,contint_0.7_n200,alternative,200,null_contint_n200,500,500,0,5.55111512312578e-16,0,0.25,0.0207596169655731,0.0792403830344269,,0.22,0.162,0.174,0.00999999999999091
lecessie,contint_0.1_n500,alternative,500,null_contint_n500,500,500,0,6.66133814775094e-16,0,0.062,0.0207596169655731,0.0792403830344269,,0.09,0.06,0.076,0.0800000000000409
lecessie,contint_0.3_n500,alternative,500,null_contint_n500,500,500,0,5.55111512312578e-16,0,0.128,0.0207596169655731,0.0792403830344269,,0.212,0.158,0.168,0.0800000000000409
lecessie,contint_0.5_n500,alternative,500,null_contint_n500,500,500,0,5.55111512312578e-16,0,0.272,0.0207596169655731,0.0792403830344269,,0.346,0.224,0.252,0.0800000000000409
lecessie,contint_0.7_n500,alternative,500,null_contint_n500,500,500,0,5.55111512312578e-16,0,0.63,0.0207596169655731,0.0792403830344269,,0.714,0.444,0.482,0.0800000000000409
lecessie,contint_0.1_n1000,alternative,1000,null_contint_n1000,500,500,0,5.55111512312578e-16,0,0.062,0.0207596169655731,0.0792403830344269,,0.048,0.082,0.058,0.670000000000073
lecessie,contint_0.3_n1000,alternative,1000,null_contint_n1000,500,500,0,5.55111512312578e-16,0,0.254,0.0207596169655731,0.0792403830344269,,0.204,0.256,0.226,0.659999999999968
lecessie,contint_0.5_n1000,alternative,1000,null_contint_n1000,500,500,0,5.55111512312578e-16,0,0.594,0.0207596169655731,0.0792403830344269,,0.54,0.46,0.448,0.659999999999968
lecessie,contint_0.7_n1000,alternative,1000,null_contint_n1000,500,500,0,5.55111512312578e-16,0,0.938,0.0207596169655731,0.0792403830344269,,0.916,0.728,0.716,0.659999999999968
lecessie,rough_osc2_n500,alternative,500,null_rough_n500,500,500,0,2.08166817117217e-17,0,1,0.0207596169655731,0.0792403830344269,,1,1,1,0.0600000000000591
lecessie,rough_osc4_n500,alternative,500,null_rough_n500,500,500,0,5.55111512312578e-16,0,0.826,0.0207596169655731,0.0792403830344269,,0.736,0.324,0.326,0.0600000000000591
lecessie,rough_sawtooth_n500,alternative,500,null_rough_n500,500,500,0,5.55111512312578e-16,0,0.19,0.0207596169655731,0.0792403830344269,,0.152,0.094,0.096,0.0600000000000591
lecessie,rough_osc2_n1000,alternative,1000,null_rough_n1000,500,500,0,2.64697796016969e-22,0,1,0.0207596169655731,0.0792403830344269,,1,1,1,0.6099999999999
lecessie,rough_osc4_n1000,alternative,1000,null_rough_n1000,500,500,0,5.55111512312578e-16,0,1,0.0207596169655731,0.0792403830344269,,1,0.518,0.554,0.610000000000014
lecessie,rough_sawtooth_n1000,alternative,1000,null_rough_n1000,500,500,0,6.66133814775094e-16,0,0.51,0.0207596169655731,0.0792403830344269,,0.478,0.104,0.118,0.600000000000023
lecessie,osc4_n1000,alternative,1000,null_rough_n1000,500,500,0,5.55111512312578e-16,0,1,0.0207596169655731,0.0792403830344269,,1,0.514,0.54,0.599999999999909
lecessie,sawtooth_n1000,alternative,1000,null_rough_n1000,500,500,0,5.55111512312578e-16,0,0.488,0.0207596169655731,0.0792403830344269,,0.454,0.11,0.126,0.590000000000032
proj,null_quad_n500,null,500,,500,500,0,5.55111512312578e-16,0,0.046,0.0207596169655731,0.0792403830344269,TRUE,,0.048,,18.985
proj,null_binint_n500,null,500,,500,500,0,5.55111512312578e-16,0,0.032,0.0207596169655731,0.0792403830344269,TRUE,,0.03,,19.1500000000001
proj,null_contint_n500,null,500,,500,500,0,5.55111512312578e-16,0,0.032,0.0207596169655731,0.0792403830344269,TRUE,,0.044,,19.2850000000001
proj,null_rough_n500,null,500,,500,500,0,5.55111512312578e-16,0,0.058,0.0207596169655731,0.0792403830344269,TRUE,,0.042,,19.065
proj,quad_0.01_n500,alternative,500,null_quad_n500,500,500,0,5.55111512312578e-16,0,0.07,0.0207596169655731,0.0792403830344269,,0.08,0.064,0.066,19.2750000000001
proj,quad_0.02_n500,alternative,500,null_quad_n500,500,500,0,5.55111512312578e-16,0,0.306,0.0207596169655731,0.0792403830344269,,0.328,0.304,0.312,19.32
proj,quad_0.03_n500,alternative,500,null_quad_n500,500,500,0,5.55111512312578e-16,0,0.58,0.0207596169655731,0.0792403830344269,,0.594,0.588,0.596,19.435
proj,quad_0.05_n500,alternative,500,null_quad_n500,500,500,0,4.9960036108132e-16,0,0.866,0.0207596169655731,0.0792403830344269,,0.876,0.868,0.868,19.2999999999997
proj,quad_0.1_n500,alternative,500,null_quad_n500,500,500,0,4.5102810375397e-17,0,0.992,0.0207596169655731,0.0792403830344269,,0.996,0.996,0.996,19.2200000000003
proj,quad_0.2_n500,alternative,500,null_quad_n500,500,500,0,4.06575814682064e-19,0,1,0.0207596169655731,0.0792403830344269,,1,1,1,19.2100000000001
proj,quad_0.4_n500,alternative,500,null_quad_n500,500,500,0,4.64481300994132e-27,0,1,0.0207596169655731,0.0792403830344269,,1,1,1,19.1899999999996
proj,binint_0.1_n500,alternative,500,null_binint_n500,500,500,0,5.55111512312578e-16,0,0.066,0.0207596169655731,0.0792403830344269,,0.112,0.062,0.098,19.3000000000002
proj,binint_0.2_n500,alternative,500,null_binint_n500,500,500,0,6.66133814775094e-16,0,0.106,0.0207596169655731,0.0792403830344269,,0.134,0.162,0.188,19.3100000000004
proj,binint_0.3_n500,alternative,500,null_binint_n500,500,500,0,5.55111512312578e-16,0,0.162,0.0207596169655731,0.0792403830344269,,0.2,0.216,0.26,19.2700000000004
proj,binint_0.5_n500,alternative,500,null_binint_n500,500,500,0,4.9960036108132e-16,0,0.418,0.0207596169655731,0.0792403830344269,,0.472,0.658,0.692,19.3000000000002
proj,binint_0.7_n500,alternative,500,null_binint_n500,500,500,0,4.85722573273506e-16,0,0.812,0.0207596169655731,0.0792403830344269,,0.852,0.952,0.958,19.3299999999999
proj,contint_0.1_n500,alternative,500,null_contint_n500,500,500,0,6.66133814775094e-16,0,0.052,0.0207596169655731,0.0792403830344269,,0.092,0.06,0.076,19.4099999999999
proj,contint_0.3_n500,alternative,500,null_contint_n500,500,500,0,5.55111512312578e-16,0,0.122,0.0207596169655731,0.0792403830344269,,0.208,0.158,0.168,19.4050000000007
proj,contint_0.5_n500,alternative,500,null_contint_n500,500,500,0,5.55111512312578e-16,0,0.278,0.0207596169655731,0.0792403830344269,,0.346,0.224,0.252,19.3600000000006
proj,contint_0.7_n500,alternative,500,null_contint_n500,500,500,0,5.55111512312578e-16,0,0.586,0.0207596169655731,0.0792403830344269,,0.696,0.444,0.482,19.4799999999996
proj,rough_osc2_n500,alternative,500,null_rough_n500,500,500,0,2.08166817117217e-17,0,1,0.0207596169655731,0.0792403830344269,,1,1,1,19.0199999999995
proj,rough_osc4_n500,alternative,500,null_rough_n500,500,500,0,5.55111512312578e-16,0,0.976,0.0207596169655731,0.0792403830344269,,0.964,0.324,0.326,19.0299999999998
proj,rough_sawtooth_n500,alternative,500,null_rough_n500,500,500,0,5.55111512312578e-16,0,0.21,0.0207596169655731,0.0792403830344269,,0.18,0.094,0.096,19.0400000000009
bagoft,null_quad_n500,null,500,,200,200,0,5.55111512312578e-16,0,0.025,0.00376689497773268,0.0962331050222673,TRUE,,0.05,,380.88
bagoft,null_binint_n500,null,500,,200,200,0,5.55111512312578e-16,0,0.04,0.00376689497773268,0.0962331050222673,TRUE,,0.035,,400.579999999999
bagoft,null_contint_n500,null,500,,200,200,0,5.55111512312578e-16,0,0.05,0.00376689497773268,0.0962331050222673,TRUE,,0.035,,419.740000000002
bagoft,null_rough_n500,null,500,,200,200,0,5.55111512312578e-16,0,0.05,0.00376689497773268,0.0962331050222673,TRUE,,0.065,,383.275
bagoft,quad_0.05_n500,alternative,500,null_quad_n500,200,200,0,4.9960036108132e-16,0,0.5,0.00376689497773268,0.0962331050222673,,0.615,0.83,0.825,406.535
bagoft,binint_0.3_n500,alternative,500,null_binint_n500,200,200,0,5.55111512312578e-16,0,0.095,0.00376689497773268,0.0962331050222673,,0.105,0.21,0.21,409.625
bagoft,contint_0.5_n500,alternative,500,null_contint_n500,200,200,0,5.55111512312578e-16,0,0.065,0.00376689497773268,0.0962331050222673,,0.065,0.25,0.29,435.285
bagoft,rough_osc2_n500,alternative,500,null_rough_n500,200,200,0,1.73472347597681e-18,0,1,0.00376689497773268,0.0962331050222673,,1,1,1,388.465
bagoft,rough_osc4_n500,alternative,500,null_rough_n500,200,200,0,5.55111512312578e-16,0,1,0.00376689497773268,0.0962331050222673,,1,0.37,0.295,380.665000000001
bagoft,rough_sawtooth_n500,alternative,500,null_rough_n500,200,200,0,5.55111512312578e-16,0,0.805,0.00376689497773268,0.0962331050222673,,0.805,0.065,0.045,382.705000000002
