"cell","rep","","","smallest"
1,1,0.928322186602353,0.788839961783492,9610
1,2,0.748639222971519,0.430837731245214,9619
1,3,0.526576495167731,0.994444161420676,9589
1,4,0.349516758727464,0.718768257675178,9597
1,5,0.21947742341896,0.478947006261077,9604
1,6,0.0168627568147457,0.736562786848637,9726
1,7,0.599207302734592,0.976933213811238,9630
1,8,0.586117497688572,0.877769228949643,9657
1,9,0.889214681659441,0.449065132807988,9590
1,10,0.14477022498716,0.0192475923901297,9689
1,11,0.425977805823364,0.205963737003288,9491
1,12,0.974991365799848,0.312393437908772,9552
1,13,0.579705527476693,0.715594258166529,9664
1,14,0.0956944263245107,0.459632342714342,9585
1,15,0.906824483941354,0.737815868062367,9708
1,16,0.790052721078814,0.876892237536571,9533
1,17,0.0369706713454346,0.30229365721093,9631
1,18,0.416442271300953,0.337446663818571,9642
1,19,0.040397490584536,0.816435352699135,9621
1,20,0.765747178463337,0.13870455684965,9673
1,21,0.182892470766022,0.217329790794685,9572
1,22,0.646341346539291,0.961190331610917,9628
1,23,0.361728064917397,0.208058782404035,9692
1,24,0.888546741935598,0.97093379907446,9566
1,25,0.591702188374231,0.918182758617235,9649
1,26,0.828551081286184,0.766010739938382,9489
1,27,0.664382024021206,0.697508584697261,9621
1,28,0.111972470656039,0.850233024638885,9592
1,29,0.24857585288615,0.0926610177480596,9631
1,30,0.45732244815862,0.0107515351915217,9633
1,31,0.612022242337992,0.504984526989632,9551
1,32,0.390271898144232,0.631085512106222,9660
1,33,0.450943598832849,0.812350508479738,9706
1,34,0.124891855089332,0.158435738458132,9669
1,35,0.157729360811581,0.561193803399213,9554
1,36,0.878433683187968,0.923935800396319,9677
1,37,0.599048460799822,0.712738887715328,9649
1,38,0.181244333568813,0.143231292354055,9629
1,39,0.338896354597575,0.0739693674668223,9638
1,40,0.40864482522589,0.342069616311096,9667
1,41,0.876219021901163,0.703567841301184,9640
1,42,0.836896763624444,0.934099155448609,9608
1,43,0.684123751925208,0.216871796372609,9640
1,44,0.931891357294352,0.591476773388168,9641
1,45,0.425787665693303,0.523640427032613,9685
1,46,0.540735828409426,0.433963067316229,9622
1,47,0.210418749306342,0.691810445273967,9740
1,48,0.656631687436715,0.960137332849836,9712
1,49,0.893542145704697,0.495705193507319,9505
1,50,0.255678993777853,0.22778095256181,9581
1,51,0.253834476539869,0.00341299608127664,9585
1,52,0.214389694765135,0.49450772218818,9612
1,53,0.241628352284742,0.64173950914205,9717
1,54,0.967107770106124,0.816832412931958,9563
1,55,0.884699971370676,0.0314361271322699,9704
1,56,0.837009340048187,0.778908127240023,9523
1,57,0.636077902494572,0.107369545763869,9603
1,58,0.31471614702023,0.500463772843399,9646
1,59,0.0828324699962351,0.30269713104608,9602
1,60,0.746446032943623,0.774803654192299,9600
1,61,0.630287706940455,0.541204058194933,9635
1,62,0.261969335994631,0.396116845681118,9624
1,63,0.0652862802347278,0.69688725899679,9592
1,64,0.386664629733323,0.688492472621594,9723
1,65,0.813095379753247,0.36703251089605,9581
1,66,0.997673240540436,0.0950946430860145,9493
1,67,0.41335998826669,0.834042523009886,9694
1,68,0.965359942140937,0.199265855273719,9590
1,69,0.757135179520882,0.967522225951204,9657
1,70,0.774375869728741,0.616812331160309,9580
1,71,0.194863523105489,0.742973034392638,9658
1,72,0.174755907952967,0.0626766879256774,9696
1,73,0.619517978927762,0.613645397882414,9720
1,74,0.443302523518454,0.04942490944221,9691
1,75,0.332085063496607,0.381188754967187,9584
1,76,0.628735318130172,0.432906134378292,9726
1,77,0.287194655149208,0.980187557477295,9662
1,78,0.47237491624852,0.507625269378738,9604
1,79,0.614468568139765,0.165295086114565,9590
1,80,0.896404255061565,0.822623294233461,9558
1,81,0.825053209769269,0.467442536936854,9472
1,82,0.844738432882627,0.512266933443202,9685
1,83,0.781311072698556,0.636413897826226,9695
1,84,0.596105666072044,0.51842588437885,9591
1,85,0.899477868484825,0.410521556476931,9575
1,86,0.468052978364575,0.27209591249736,9631
1,87,0.247300844089172,0.965799945125509,9768
1,88,0.257198730984354,0.959911874136122,9702
1,89,0.0556538276142089,0.6253525644191,9639
1,90,0.10861854744611,0.550484268600477,9737
1,91,0.0267355509928044,0.0156135858180889,9688
1,92,0.766256850410753,0.664734007278493,9550
1,93,0.925135655791451,0.815897239921999,9624
1,94,0.689418999938056,0.318259974651183,9519
1,95,0.640017838565545,0.948304443595359,9750
1,96,0.248282413645839,0.535018102381912,9680
1,97,0.638283795992608,0.423566084550267,9682
1,98,0.329656878151223,0.395207858687316,9559
1,99,0.411202264239028,0.806610398393452,9681
1,100,0.508984465970185,0.989152917071106,9586
1,101,0.171674121329618,0.92944481707149,9583
1,102,0.664704673594031,0.369056784020632,9561
1,103,0.608100852673133,0.0737981339499394,9731
1,104,0.386548825522769,0.210136716896771,9683
1,105,0.0682002816322073,0.966013931222567,9561
1,106,0.747264514633821,0.0204321415529808,9552
1,107,0.0507075906475879,0.791918894043808,9418
1,108,0.0562591702473069,0.132550214622102,9722
1,109,0.376837276424406,0.000259756957619406,9669
1,110,0.285567211263986,0.081185194082091,9442
1,111,0.709072260344003,0.891679745016074,9628
1,112,0.34757694183221,0.930648920226575,9557
1,113,0.140161710055819,0.301421958406732,9479
1,114,0.261660002334464,0.771092839151192,9617
1,115,0.168276620385343,0.34038737865381,9738
1,116,0.865633783063492,0.76269230683509,9639
1,117,0.724096092993703,0.164589709144531,9626
1,118,0.926635702265202,0.156337618328677,9689
1,119,0.256693876828936,0.0912768521243161,9684
1,120,0.164985162738803,0.994041910254594,9610
1,121,0.918360458139493,0.00634372087479068,9663
1,122,0.259148810450852,0.979102780858601,9681
1,123,0.916402924753217,0.615530308292192,9560
1,124,0.872048853280595,0.0954242844768373,9722
1,125,0.995587856280314,0.910357998477217,9661
1,126,0.94405996958411,0.289860740114629,9552
1,127,0.947828677480516,0.804961648968562,9613
1,128,0.584836112952971,0.208548608217671,9687
1,129,0.855574182803202,0.400254729930885,9586
1,130,0.089032489810829,0.608296909701717,9636
1,131,0.705070331668826,0.641463367096465,9639
1,132,0.433091176643026,0.203350528798492,9673
1,133,0.226844572369969,0.194319363662516,9676
1,134,0.668003387176871,0.863418270185294,9671
1,135,0.580620155581947,0.410473652232696,9551
1,136,0.672478207970509,0.748270661072011,9709
1,137,0.148533732595586,0.748373305709326,9638
1,138,0.377151641387658,0.656558238600342,9709
1,139,0.936751896970941,0.48556943364339,9713
1,140,0.875502694434485,0.961705570696264,9688
1,141,0.704986196495784,0.0245708930127879,9642
1,142,0.950470646237787,0.174882284097586,9596
1,143,0.801257780308648,0.742725287803439,9695
1,144,0.943133554197707,0.462977158383544,9682
1,145,0.397903917896966,0.734558202465105,9570
1,146,0.629214121553092,0.0137721832819723,9614
1,147,0.80792001119746,0.855315661861873,9569
1,148,0.462426976452572,0.308602911286442,9595
1,149,0.770963985620731,0.760360259895909,9646
1,150,0.368152184851451,0.761488007928304,9553
1,151,0.171289345892375,0.0363248862783437,9587
1,152,0.556493936080335,0.716021990725836,9630
1,153,0.375461679584872,0.208678390856359,9514
1,154,0.55758981887194,0.0240625792146328,9511
1,155,0.866139088202151,0.822823481740903,9510
1,156,0.861902920323598,0.402252098443808,9713
1,157,0.884974076924725,0.634230460947562,9569
1,158,0.450898711917381,0.539339193380969,9718
1,159,0.463695751698444,0.205293405162904,9528
1,160,0.575990642770953,0.574800222159174,9573
1,161,0.0530493436678535,0.145252843398333,9570
1,162,0.724502582168417,0.977724642820744,9581
1,163,0.530998359249837,0.512372019674381,9679
1,164,0.391517621917403,0.449048058390601,9737
1,165,0.845335963381733,0.926189501245348,9660
1,166,0.00732472498065644,0.63672249095479,9678
1,167,0.766934518462629,0.0833707546014615,9621
1,168,0.745476420071794,0.671350314137433,9452
1,169,0.201459256873708,0.0474677675020235,9640
1,170,0.768825057434984,0.0308318158177969,9645
1,171,0.915386793179362,0.415499263810918,9609
1,172,0.97027592262392,0.335195970652699,9563
1,173,0.311252274916456,0.0907573046387715,9669
1,174,0.70028043385307,0.217685782020716,9624
1,175,0.0965964954555774,0.191652729691123,9546
1,176,0.904972517164485,0.891899406464843,9598
1,177,0.44105806334726,0.280151085955127,9604
1,178,0.232812073720565,0.934701358444262,9593
1,179,0.838717639223301,0.568095895561868,9623
1,180,0.0802979014315261,0.963926282990214,9683
1,181,0.89623876543946,0.619363030904825,9566
1,182,0.0876371038149088,0.323789387444295,9708
1,183,0.0621483497218469,0.0435796016146734,9695
1,184,0.471649383804529,0.141816438576504,9645
1,185,0.167257368256304,0.0755834862750322,9498
1,186,0.396134355981135,0.23336694520656,9514
1,187,0.25584926435535,0.733640679771424,9664
1,188,0.032287617140552,0.475115094573648,9588
1,189,0.574664476617661,0.132453731170354,9670
1,190,0.857928684905224,0.527065977430916,9732
1,191,0.512843350500975,0.675458080878153,9600
1,192,0.62421926131865,0.58528179180127,9584
1,193,0.927517751499269,0.33886052907172,9538
1,194,0.0638795758995102,0.206804059796631,9721
1,195,0.0880635749452912,0.926338470780304,9629
1,196,0.835672423542187,0.390026019986828,9602
1,197,0.550048873713298,0.117291201313614,9656
1,198,0.235805731654313,0.0839087811631807,9653
1,199,0.32829820917184,0.20396334459551,9658
1,200,0.539147792864043,0.813692364421473,9510
1,201,0.961298874065752,0.684866376688546,9543
1,202,0.957575556778188,0.472818524007251,9616
1,203,0.617633105486962,0.263051595757712,9679
1,204,0.754482346015815,0.212559720521981,9543
1,205,0.961571524800425,0.307059892563968,9572
1,206,0.824910565139295,0.497714792828401,9673
1,207,0.557362220629012,0.0177126963317107,9601
1,208,0.923814682079961,0.502847112461342,9572
1,209,0.680636316241368,0.989510178343168,9559
1,210,0.0549366921447662,0.191610154684543,9469
1,211,0.915989487078743,0.87838536276822,9608
1,212,0.752910410664408,0.581519834144513,9532
1,213,0.291224135065036,0.543636623403378,9710
1,214,0.794382779412774,0.360138963913197,9573
1,215,0.222992727387648,0.738573113103497,9500
1,216,0.706903225061104,0.947228279456506,9612
1,217,0.380553887238573,0.95236951605034,9602
1,218,0.670201636613883,0.105439613960569,9528
1,219,0.98021024053101,0.379812241481475,9676
1,220,0.988895428750079,0.485883094887977,9518
1,221,0.644343190323798,0.912300587772138,9631
1,222,0.816463147286068,0.119225560704447,9678
1,223,0.594727797067687,0.221864684327362,9612
1,224,0.257128740469939,0.810201353531934,9640
1,225,0.00202856141412722,0.642737047366037,9586
1,226,0.94556070894095,0.542590002695548,9655
1,227,0.301898875533261,0.0865000388127932,9700
1,228,0.482638021845163,0.373419207772926,9560
1,229,0.598275682868997,0.181327211435766,9599
1,230,0.399168630223288,0.508098279176576,9712
1,231,0.409398941938853,0.438645811850438,9638
1,232,0.194214325730808,0.938128554757038,9638
1,233,0.278434124795452,0.392413835706754,9584
1,234,0.831759414655508,0.0196613521662548,9725
1,235,0.697818082017173,0.783107712580608,9668
1,236,0.198064959724054,0.210731831352598,9637
1,237,0.723481535932689,0.163314778340684,9699
1,238,0.304806621806835,0.515651551491765,9462
1,239,0.547516074794127,0.109049622439005,9643
1,240,0.746251443407015,0.149778814619762,9667
1,241,0.102577914259544,0.283998473435783,9654
1,242,0.520654943335948,0.262505916921359,9622
1,243,0.792333000340428,0.621305269761602,9652
1,244,0.881257996780451,0.233677854559673,9600
1,245,0.861491909259619,0.98414366082494,9707
1,246,0.54434590894244,0.747746119484332,9673
1,247,0.0233610202184559,0.640207012708866,9596
1,248,0.382467778632622,0.843119813393442,9572
1,249,0.11480299966176,0.860786672772988,9656
1,250,0.0198868942474596,0.0633175225567023,9592
1,251,0.0298866467783472,0.661946077197488,9645
1,252,0.424076307095787,0.324043315315272,9539
1,253,0.793558591101789,0.111125751283608,9569
1,254,0.430485763286292,0.391356542725728,9566
1,255,0.58473006254443,0.71735565847162,9687
1,256,0.253611645029693,0.506102680369189,9612
1,257,0.519246449545953,0.636156061540126,9532
1,258,0.739621299751059,0.7660209016303,9595
1,259,0.835924423031799,0.475059814407538,9539
1,260,0.399775890566111,0.780197588425906,9606
1,261,0.737472661282439,0.404569903673631,9608
1,262,0.324036411829052,0.522590446054224,9663
1,263,0.167589842682861,0.00981381550815804,9679
1,264,0.886187490682322,0.252596376347304,9704
1,265,0.140141390634188,0.996917117700771,9595
1,266,0.858808260255645,0.609136142830623,9567
1,267,0.442059215867939,0.041898445312723,9526
1,268,0.415331628371263,0.11130909269565,9603
1,269,0.207242632282368,0.308845769540244,9656
1,270,0.734887666318836,0.582040723083995,9729
1,271,0.397951333710656,0.501907398158242,9648
1,272,0.778920131046851,0.692548495226666,9506
1,273,0.15496368243736,0.37683762643815,9653
1,274,0.85373317413404,0.417329936548655,9680
1,275,0.817298960089857,0.151897404473705,9682
1,276,0.572828957376308,0.651555686127126,9634
1,277,0.49163096188959,0.462480282517271,9643
1,278,0.747744567769458,0.802448089018167,9638
1,279,0.183381286182157,0.666100952282915,9616
1,280,0.144581246911832,0.349370775254266,9571
1,281,0.0285293230822569,0.0014101235377515,9474
1,282,0.782147468969121,0.835739594219831,9668
1,283,0.266404204746243,0.455406470183717,9637
1,284,0.431559255001312,0.608149658557925,9627
1,285,0.249054151118712,0.655091075772875,9632
1,286,0.418117720107653,0.146733364984357,9696
1,287,0.745605564482924,0.606225021936055,9649
1,288,0.62555721784712,0.867555574133495,9656
1,289,0.530453829148901,0.859358049937699,9678
1,290,0.812968519681267,0.227752901531648,9679
1,291,0.00558255435811681,0.0992902218594553,9522
1,292,0.216094660564765,0.605641685937351,9536
1,293,0.664871353254732,0.650376310744511,9499
1,294,0.331818478938306,0.988366227365811,9662
1,295,0.100439451668759,0.246799236189015,9673
1,296,0.374873607308932,0.508739241079897,9623
1,297,0.901739270632961,0.278048193924039,9612
1,298,0.574969672229216,0.997867493730839,9635
1,299,0.0756115906744315,0.979513137775277,9620
1,300,0.136858394221645,0.0623161432412745,9702
1,301,0.286864742104315,0.779410570918499,9591
1,302,0.803586058240002,0.857811994382943,9689
1,303,0.338169416494743,0.827911324927701,9557
1,304,0.851181317971584,0.329738243576123,9600
1,305,0.370107908391249,0.473640341389715,9629
1,306,0.449514082954259,0.289067347850215,9775
1,307,0.0122818028683189,0.238254358356908,9562
1,308,0.221564972370769,0.860300826742357,9593
1,309,0.121352765413033,0.855533118826059,9612
1,310,0.804850816956531,0.619677807156571,9608
1,311,0.835356079387643,0.423583876950194,9707
1,312,0.165942211286971,0.0806341447033501,9666
1,313,0.638189090685389,0.990671439653134,9627
1,314,0.539844856483972,0.307336523429633,9612
1,315,0.311759224651749,0.762416422468238,9735
1,316,0.627360267018578,0.982266689665591,9658
1,317,0.782279538406151,0.189316648654507,9642
1,318,0.254508447850217,0.572652742041852,9637
1,319,0.62059905512955,0.871446147521659,9657
1,320,0.0840633244991037,0.285689125916518,9628
1,321,0.0627256988415167,0.108991863478577,9636
1,322,0.760742321222666,0.850427705109389,9625
1,323,0.0551656108134391,0.812667679023062,9631
1,324,0.945298868401332,0.957747992004034,9765
1,325,0.802444943849714,0.885396587471789,9580
1,326,0.713649644028169,0.853797479153068,9713
1,327,0.804475483686124,0.810792829798791,9700
1,328,0.49208020369429,0.552179736804209,9652
1,329,0.135388049583598,0.0382201110043098,9558
1,330,0.983062728395308,0.285252717562197,9532
1,331,0.0977490238483748,0.113096252369555,9573
1,332,0.716734580004645,0.186914003676069,9591
1,333,0.632570277839903,0.101689426289183,9435
1,334,0.517435914136714,0.73125270199175,9649
1,335,0.487200992572137,0.955876833162031,9604
1,336,0.244938702316698,0.487989196983419,9691
1,337,0.910652754841534,0.450603183197116,9578
1,338,0.518522717088465,0.0349386632586732,9642
1,339,0.574800076838501,0.0242797958204729,9492
1,340,0.94435284299156,0.33902203166509,9676
1,341,0.984073420655407,0.755756057633899,9641
1,342,0.0141985314795413,0.115149572052635,9586
1,343,0.0766313301380047,0.876834953437773,9481
1,344,0.437059980670968,0.0163329542927574,9720
1,345,0.28854248089555,0.426228883525667,9640
1,346,0.218791673591799,0.603241595799082,9572
1,347,0.627207973380284,0.142515035890087,9533
1,348,0.105189351485046,0.944937089922908,9657
1,349,0.322077404709661,0.0694946038203181,9683
1,350,0.479213075716543,0.353793553870114,9686
1,351,0.27221068107887,0.0336647874061432,9644
1,352,0.702941812160704,0.795096091269046,9635
1,353,0.452709444264065,0.566242202221838,9713
1,354,0.413063257708839,0.68366991009115,9614
1,355,0.840225651850926,0.440820378356128,9660
1,356,0.829140916991077,0.314070788338272,9555
1,357,0.120091736129011,0.769746789106071,9581
1,358,0.580943982414817,0.569569031489178,9661
1,359,0.498101926126353,0.535055799683598,9742
1,360,0.412446643471468,0.00541714617731255,9658
1,361,0.264569463279159,0.965062861857472,9493
1,362,0.0456786400050656,0.337505823478924,9612
1,363,0.298412741936021,0.488073831938866,9648
1,364,0.0442050830216455,0.848955523311272,9598
1,365,0.973357258740599,0.808978380522175,9627
1,366,0.878247888922463,0.0610410840975617,9738
1,367,0.33922099302969,0.75239402712258,9604
1,368,0.31458164642572,0.134858992062389,9581
1,369,0.0310212111205655,0.642604099737203,9644
1,370,0.00744277010797797,0.309550380962972,9612
1,371,0.371552693576363,0.239868736075323,9651
1,372,0.71874071729249,0.281502466318939,9632
1,373,0.258009159789421,0.683023121837613,9684
1,374,0.511260147044429,0.279033658880088,9598
1,375,0.736316898755607,0.109821038284176,9750
1,376,0.396604471411514,0.703868016209348,9612
1,377,0.131550078205765,0.508561625002524,9634
1,378,0.404887966513382,0.767274459347838,9627
1,379,0.717623924906954,0.967711646211649,9633
1,380,0.877546378851592,0.283916892868483,9634
1,381,0.78605360671005,0.25796123412894,9654
1,382,0.838168346018602,0.582627710320457,9545
1,383,0.742818946129801,0.0895567197888593,9633
1,384,0.84853555682571,0.0814984426901873,9586
1,385,0.651216849259637,0.591503610167866,9586
1,386,0.270107241390142,0.245017430919065,9539
1,387,0.0800204810894569,0.214447901210476,9595
1,388,0.3174308385859,0.0276699049697622,9646
1,389,0.602623464581921,0.285937325718716,9645
1,390,0.591240919950317,0.534000301086185,9635
1,391,0.481223229978198,0.579426119292523,9664
1,392,0.0286287248607772,0.691178949520351,9656
1,393,0.541377383470443,0.0533307333019097,9513
1,394,0.80465993260085,0.890377493144022,9671
1,395,0.022422963414,0.0650472566213497,9636
1,396,0.280180092178394,0.138416392413153,9667
1,397,0.560212293292577,0.299241647388921,9656
1,398,0.417669073813977,0.522188301578959,9465
1,399,0.656970054360211,0.0718539567183932,9602
1,400,0.415899388631903,0.579271654036286,9677
1,401,0.218964744884156,0.468823346427635,9585
1,402,0.126908969373256,0.804131833081302,9588
1,403,0.890263541984364,0.893535598932086,9713
1,404,0.0042434910253882,0.287194166016718,9653
1,405,0.865506345924614,0.0706695251315405,9537
1,406,0.739155261748515,0.0305723047235995,9567
1,407,0.657544061481123,0.498603566309058,9658
1,408,0.0209634428436421,0.0585028165163742,9698
1,409,0.214291935687239,0.335325356996171,9542
1,410,0.798273043372043,0.748940082464984,9721
1,411,0.294908516918201,0.808419427759532,9601
1,412,0.0322001812719414,0.100553356099877,9657
1,413,0.681059639364756,0.0218215034728252,9623
1,414,0.335338221240078,0.680847462904413,9661
1,415,0.119390677169626,0.543319888546991,9658
1,416,0.753027498737722,0.00702978364238571,9663
1,417,0.666405109956627,0.850404176997173,9578
1,418,0.557042200284606,0.937537911867567,9669
1,419,0.18134090271915,0.506265467519722,9648
1,420,0.0413749171205821,0.339868851542591,9677
1,421,0.353735492748023,0.615421459399208,9632
1,422,0.874455027934602,0.912128216950792,9668
1,423,0.817032702945755,0.215241202700967,9658
1,424,0.957705348892746,0.595672672271848,9583
1,425,0.888190341236708,0.5320906007278,9680
1,426,0.52517755510821,0.0347178519710617,9551
1,427,0.645794021729155,0.500211436506935,9605
1,428,0.0934674992143638,0.758485549727509,9595
1,429,0.816462802751939,0.817747933180905,9632
1,430,0.858271565383932,0.842261843228742,9626
1,431,0.856481240019025,0.668214031934231,9571
1,432,0.81098331521808,0.691790434021433,9701
1,433,0.895111333685257,0.637757110312392,9609
1,434,0.876091988465548,0.675585245447209,9595
1,435,0.243041757958206,0.0514437416104881,9583
1,436,0.165771415136495,0.556515254973922,9622
1,437,0.692964614689019,0.579214424137232,9661
1,438,0.328288344790869,0.776543265762131,9523
1,439,0.162606430885395,0.880691657005827,9561
1,440,0.4455356471674,0.642174581100235,9606
1,441,0.677983428846724,0.372749474919296,9464
1,442,0.408714434115985,0.23974450398075,9654
1,443,0.373174621590255,0.24225822496221,9728
1,444,0.517129121559086,0.682882880441782,9541
1,445,0.151952892383579,0.412908156249635,9582
1,446,0.368573362125847,0.66360675075119,9650
1,447,0.0999595398203704,0.0436874858932689,9595
1,448,0.131300818493031,0.325595668197451,9530
1,449,0.852927823390624,0.781035949846763,9683
1,450,0.479221887680807,0.648009317253284,9628
1,451,0.222065395544729,0.944623691110592,9567
1,452,0.763239945412266,0.755753972186238,9692
1,453,0.925156766722152,0.557079738042413,9703
1,454,0.865402920335687,0.769590870175162,9612
1,455,0.740028588903476,0.707414305100466,9698
1,456,0.545282743229157,0.339495086209367,9560
1,457,0.399499106414928,0.540765014453152,9575
1,458,0.439498892819499,0.046081505407975,9566
1,459,0.742544671337479,0.269508165957199,9519
1,460,0.278447330906308,0.142490389980411,9501
1,461,0.320795820219388,0.421039589550149,9618
1,462,0.893220218615846,0.953447115504469,9645
1,463,0.36686800770139,0.337440140187736,9588
1,464,0.772714257658014,0.567476743934549,9657
1,465,0.903538015899116,0.668924866945089,9560
1,466,0.123334332271875,0.759036824200173,9573
1,467,0.448454106739444,0.726039724503,9607
1,468,0.814724092412978,0.0639836701367981,9766
1,469,0.800903939550852,0.996809998267443,9591
1,470,0.134998479393511,0.362802157783653,9586
1,471,0.465031794464694,0.88001817531917,9517
1,472,0.471166920219953,0.530351568487825,9695
1,473,0.218440633965514,0.489383053252717,9583
1,474,0.248302083021711,0.942643861888494,9532
1,475,0.698476562118031,0.702585337056508,9668
1,476,0.530728461320701,0.873922028977254,9605
1,477,0.37499779105076,0.399609729422236,9654
1,478,0.121514481820685,0.349961954182972,9720
1,479,0.0971634918007237,0.131475557623113,9560
1,480,0.430066236492508,0.324789460483476,9641
1,481,0.821242732005485,0.637334025363259,9568
1,482,0.762860462060865,0.943136774340259,9706
1,483,0.493251805348319,0.467026184203916,9617
1,484,0.660266036304572,0.958681455237331,9504
1,485,0.300480395653091,0.934337576620954,9511
1,486,0.935347319929483,0.425337194955721,9464
1,487,0.39005907183922,0.788548770925399,9694
1,488,0.250557771102101,0.57326717689168,9650
1,489,0.223977812240262,0.993492371105287,9656
1,490,0.758107510533141,0.411981130216761,9672
1,491,0.243964508431556,0.455809497364073,9613
1,492,0.790500045568212,0.654697246253876,9606
1,493,0.309252857852,0.294308179564025,9610
1,494,0.0140236163064231,0.0395904250771085,9677
1,495,0.405905096926575,0.59156443587344,9696
1,496,0.351914220338008,0.605028143939934,9617
1,497,0.756341106993824,0.435521384804461,9607
1,498,0.759427051547254,0.823722420355198,9624
1,499,0.782003490341075,0.0279871077214399,9513
1,500,0.10588780185233,0.274785225924945,9580
1,501,0.628369268740604,0.596003887871487,9391
1,502,0.974701222054035,0.384952173374599,9541
1,503,0.287764087295801,0.871653182194236,9620
1,504,0.377437124249118,0.792980483391953,9595
1,505,0.937091287898955,0.756235527335029,9680
1,506,0.344433785999872,0.965865651369705,9659
1,507,0.125938921619637,0.888962627181658,9690
1,508,0.916711073365926,0.470968845035124,9671
1,509,0.370047727650955,0.0319801828291469,9744
1,510,0.962542225911455,0.427168240199275,9680
1,511,0.769792587312317,0.814413726440911,9569
1,512,0.0194515168960999,0.79053640044891,9624
1,513,0.892558163262255,0.850751703400944,9649
1,514,0.289028683784897,0.00912552097741837,9689
1,515,0.0607258667074722,0.982213430486014,9645
1,516,0.682724538980215,0.603579319640744,9665
1,517,0.761529329350792,0.279990685728129,9579
1,518,0.0831629863597856,0.163230976362466,9535
1,519,0.032057458779214,0.910850656388628,9586
1,520,0.882476188973656,0.192969439894756,9635
1,521,0.084692531948483,0.728768004087615,9710
1,522,0.442450854539825,0.429507059797234,9642
1,523,0.205074362509435,0.481456743482307,9711
1,524,0.0650126689677147,0.527389760148144,9540
1,525,0.997612433779404,0.631419491564584,9699
1,526,0.774727000538122,0.580412033196405,9550
1,527,0.28608486660301,0.247964352078413,9672
1,528,0.583636608551937,0.240709454044296,9604
1,529,0.76413119214564,0.487011532454091,9603
1,530,0.425206636526713,0.101030267917459,9505
1,531,0.444512909242129,0.296908759907985,9484
1,532,0.59843597522634,0.695708783012888,9691
1,533,0.329876355817459,0.222653793008956,9501
1,534,0.053242770877727,0.887965777285254,9631
1,535,0.125903152047264,0.586948105545547,9572
1,536,0.148461633907393,0.490710612453682,9624
1,537,0.289287966825679,0.967851763558511,9630
1,538,0.347404178718652,0.0864314726827513,9693
1,539,0.152511999176492,0.379966995197288,9559
1,540,0.51435220037984,0.192538610884849,9647
1,541,0.466176010588308,0.747298059351875,9537
1,542,0.366176657570571,0.645777266940235,9592
1,543,0.157371202352251,0.106066791827789,9603
1,544,0.25849599194873,0.273970828025857,9589
1,545,0.167473384262317,0.21206085374314,9654
1,546,0.283063034087304,0.916759405147307,9595
1,547,0.243331573029074,0.408895652695116,9654
1,548,0.876994111966316,0.932719344797008,9659
1,549,0.0822831388880121,0.979497718981635,9620
1,550,0.974105239593615,0.0934617879167551,9693
1,551,0.537491299501648,0.282309919581086,9672
1,552,0.886775479434266,0.0328549761188542,9621
1,553,0.877246689970229,0.201809635924762,9582
1,554,0.308818033073589,0.89143358121205,9655
1,555,0.576978591840979,0.196170634508814,9709
1,556,0.129994063416811,0.312758914010773,9487
1,557,0.302293850704771,0.0878306154460041,9664
1,558,0.865362613424809,0.727216388529947,9630
1,559,0.595539141561028,0.764636694571674,9635
1,560,0.520442570916452,0.356403613056023,9600
1,561,0.229287762860129,0.569255844052718,9561
1,562,0.0263598251502487,0.133403711084571,9638
1,563,0.189111086631936,0.721989334930145,9665
1,564,0.61696453639729,0.381723376951536,9615
1,565,0.26675831835141,0.021144748996923,9678
1,566,0.42575563438263,0.911466319080257,9596
1,567,0.988353865944174,0.55369972566526,9620
1,568,0.749120027153194,0.498175944090818,9615
1,569,0.0413171711408829,0.312779374057919,9554
1,570,0.853047000132727,0.203959312131357,9701
1,571,0.691438933198508,0.817827796753049,9532
1,572,0.434545949931782,0.880594294144386,9638
1,573,0.904926675460209,0.385449973840474,9646
1,574,0.477558187245039,0.340047890930652,9713
1,575,0.45922826200695,0.254110757704161,9675
1,576,0.736260039158764,0.406539724062106,9549
1,577,0.558410756682864,0.416430877362017,9570
1,578,0.607842659258146,0.0358858630742849,9610
1,579,0.6855600512227,0.436419819012154,9613
1,580,0.0714650875137753,0.0414923160308968,9603
1,581,0.0783923740609412,0.452825854644102,9672
1,582,0.485394705664437,0.900414804775426,9637
1,583,0.936920591191897,0.945989739844926,9610
1,584,0.7075342900799,0.786848528393281,9723
1,585,0.838859750074423,0.825847545602679,9696
1,586,0.866488633433303,0.542010128991932,9609
1,587,0.734428504389667,0.315042576670565,9660
1,588,0.777603692620982,0.440770853175071,9674
1,589,0.468020562422573,0.350641559896423,9553
1,590,0.865780415932725,0.233983576229087,9488
1,591,0.468434533506326,0.81955854158314,9714
1,592,0.857285953427122,0.274199334495285,9496
1,593,0.273652903518161,0.557682860859702,9700
1,594,0.45469143083989,0.554308228310486,9598
1,595,0.0844702036625841,0.490025754759186,9672
1,596,0.63738281212072,0.921794364617248,9634
1,597,0.0631773810531249,0.572375155154565,9626
1,598,0.47796665944613,0.257746303594952,9647
1,599,0.454188019674451,0.957242219892081,9662
1,600,0.37252973199564,0.740872513155271,9652
1,601,0.0776748301256451,0.165387985675176,9622
1,602,0.73129598520489,0.561959931351436,9684
1,603,0.51974519860792,0.0798274078166233,9535
1,604,0.251763039734451,0.811350673253113,9643
1,605,0.881062948032815,0.490218052311375,9464
1,606,0.738366251699328,0.645069004345845,9491
1,607,0.108161300204571,0.943341152465429,9551
1,608,0.610124189031481,0.121302983597871,9660
1,609,0.821801206648721,0.938141962847916,9695
1,610,0.155340426155437,0.139203384935358,9650
1,611,0.414153196718331,0.218822526285544,9637
1,612,0.149024354014693,0.0197198469321692,9624
1,613,0.808115339597011,0.129874569948729,9574
1,614,0.858188339600991,0.89469799457753,9547
1,615,0.669932549229472,0.746224243491782,9626
1,616,0.62643820243617,0.655554036501831,9636
1,617,0.938517513741724,0.92796161795017,9700
1,618,0.0262686541331583,0.177060561237078,9647
1,619,0.431245459364882,0.113466041790066,9662
1,620,0.0870435516188971,0.0669829218132065,9658
1,621,0.230296864580144,0.823179487558146,9716
1,622,0.53912300141886,0.685676076212053,9714
1,623,0.485282562215519,0.00566826678136033,9703
1,624,0.0397779154749415,0.552957413908411,9600
1,625,0.486472732865188,0.876797630093172,9605
1,626,0.719857697783347,0.101396267962552,9592
1,627,0.888332362170669,0.219931211003842,9771
1,628,0.850786760981094,0.99863269390834,9651
1,629,0.968192068363953,0.198513055067145,9691
1,630,0.316960499620179,0.294736603165836,9613
1,631,0.50767374960589,0.422279228053967,9675
1,632,0.82669786518011,0.940321960189122,9522
1,633,0.129049765576797,0.68492323124112,9513
1,634,0.60586946803391,0.944096238320491,9700
1,635,0.375251071517043,0.72474546973114,9566
1,636,0.386494469766408,0.89704313331496,9633
1,637,0.713136728151715,0.747617994444514,9604
1,638,0.578466376808251,0.841978152426902,9670
1,639,0.205445248244094,0.48116562364239,9609
1,640,0.245061454284404,0.852378463869729,9622
1,641,0.957568339760914,0.667000840691635,9598
1,642,0.778217542957954,0.0562640258400973,9627
1,643,0.0770881963895991,0.0767296213530737,9619
1,644,0.227452933295591,0.143451755928336,9693
1,645,0.594599603441604,0.78812232818847,9533
1,646,0.522731127182504,0.470613061553691,9598
1,647,0.971916354810686,0.0841075049011493,9650
1,648,0.0734724817982296,0.844342847469939,9672
1,649,0.764840676370998,0.882139985028862,9582
1,650,0.936148223546101,0.479953141308734,9541
1,651,0.897241423446248,0.484341434405396,9619
1,652,0.142662786606232,0.679690250386022,9539
1,653,0.338965465088282,0.000866459562332842,9654
1,654,0.857873071579533,0.539202738049947,9618
1,655,0.776958834844626,0.11617684376011,9659
1,656,0.978624320078027,0.368011586144124,9713
1,657,0.971476294862762,0.596826785670897,9635
1,658,0.2942698315126,0.799153685130773,9628
1,659,0.871078946868532,0.83425483043739,9576
1,660,0.025785288425879,0.155546058593942,9588
1,661,0.0577828706513898,0.698061439463217,9776
1,662,0.25999805563751,0.31993283113279,9545
1,663,0.346487707484766,0.356342473972645,9642
1,664,0.746036259154183,0.189597859347085,9515
1,665,0.442405868949401,0.722256291259843,9664
1,666,0.140270177639231,0.0845625375959113,9623
1,667,0.0206831427001583,0.145375782698185,9571
1,668,0.125108052410328,0.884944809653202,9638
1,669,0.982819957830024,0.718330207905308,9538
1,670,0.983121459762423,0.334622293455289,9576
1,671,0.655961612305795,0.343392846914349,9502
1,672,0.911126254316331,0.759159071912881,9515
1,673,0.587355647028961,0.433058290886958,9609
1,674,0.941792116183565,0.750645415738179,9620
1,675,0.0419087913350152,0.42045802739686,9686
1,676,0.201511012451219,0.661148151309693,9519
1,677,0.913347852218831,0.78607183191283,9536
1,678,0.882125617238227,0.278088671441526,9546
1,679,0.0690437064354158,0.844736141964336,9603
1,680,0.849316968098116,0.64574210413373,9691
1,681,0.770743518594049,0.660565063902397,9547
1,682,0.233794897380201,0.151911367594957,9634
1,683,0.152214458535873,0.613840032205609,9564
1,684,0.121741826597351,0.276630299920785,9511
1,685,0.223617908658228,0.201923380596713,9651
1,686,0.0460523760938449,0.128970142149301,9615
1,687,0.521766084101635,0.392825477055101,9587
1,688,0.252191602381676,0.855640545201498,9610
1,689,0.320741977850429,0.887937691247642,9597
1,690,0.430407548945348,0.220515930260607,9667
1,691,0.926962105105309,0.756767826743459,9629
1,692,0.102469996715372,0.776170110894022,9718
1,693,0.917694079226213,0.903125230328433,9670
1,694,0.639434813523762,0.7472580861798,9568
1,695,0.314473221180141,0.535703883883153,9607
1,696,0.464151333554201,0.194793892512763,9533
1,697,0.0838802379518401,0.550060430765608,9562
1,698,0.59095144471949,0.800537565168696,9696
1,699,0.898268147271033,0.504436575349771,9686
1,700,0.0867950387867552,0.724684020593688,9425
1,701,0.000387110975940733,0.432744660272491,9694
1,702,0.788456560810385,0.937410042269293,9551
1,703,0.0145176986335721,0.0877092295957159,9677
1,704,0.772849165752183,0.756603461407338,9675
1,705,0.509746454079448,0.499280756049296,9614
1,706,0.484012870154809,0.443834754058386,9672
1,707,0.972364513022397,0.790696035546808,9656
1,708,0.0525701840481303,0.15405299557767,9676
1,709,0.243809001627505,0.28071214175247,9667
1,710,0.443956513110137,0.477612981976143,9612
1,711,0.958625506528842,0.348775696621797,9586
1,712,0.182295189839221,0.635854574960314,9774
1,713,0.0442451266085106,0.0729149125834736,9720
1,714,0.573905326520236,0.828824986655438,9648
1,715,0.782729519525335,0.975022382633413,9544
1,716,0.743261679596079,0.0291589161921856,9615
1,717,0.156102087322843,0.354410106250652,9247
1,718,0.830030264278829,0.313931488944149,9450
1,719,0.570529523625945,0.866804543360461,9729
1,720,0.863480887613065,0.856027853503234,9659
1,721,0.461122803438442,0.164006007541972,9660
1,722,0.884273244411806,0.570942755301591,9678
1,723,0.355198027941136,0.84398211374621,9618
1,724,0.204858998870003,0.248324954704335,9646
1,725,0.653262757901832,0.0849505784900835,9640
1,726,0.892055700252102,0.50874120369014,9650
1,727,0.409896483072724,0.113387215560933,9584
1,728,0.400002804577069,0.675438116437873,9516
1,729,0.958211576600046,0.49341437619439,9690
1,730,0.655979939392092,0.694723801930588,9679
1,731,0.907500528589549,0.541103576607493,9705
1,732,0.800739789536674,0.456724435988982,9741
1,733,0.485233398821863,0.930364726394584,9631
1,734,0.387394661309367,0.949089679552471,9613
1,735,0.96994991976242,0.638141316330519,9519
1,736,0.590967301388741,0.24933213857378,9522
1,737,0.898650379284124,0.952691998109943,9639
1,738,0.570947726944244,0.135503456262021,9609
1,739,0.9121180967053,0.00285861660762463,9566
1,740,0.382917437837598,0.438934396750441,9718
1,741,0.20318165663411,0.747493028674318,9666
1,742,0.711960904991095,0.654681526767086,9618
1,743,0.817114745551407,0.510839518023641,9733
1,744,0.272777148315551,0.211949241258292,9661
1,745,0.864415758101874,0.235514723299018,9642
1,746,0.602528678648168,0.122593792034625,9605
1,747,0.909848451723232,0.68873089364535,9602
1,748,0.282783884252096,0.723219464284228,9670
1,749,0.799432395611874,0.983098529273936,9630
1,750,0.30211447371724,0.275769069595976,9622
1,751,0.391726813167185,0.670671578477327,9619
1,752,0.162637324953222,0.500636864843094,9636
1,753,0.764544326432955,0.302409513650516,9583
1,754,0.05666874648609,0.327588593896878,9627
1,755,0.146621765023546,0.745460073144635,9608
1,756,0.71212018690445,0.118227074028348,9609
1,757,0.2184237069778,0.860552691742624,9656
1,758,0.670220291782836,0.43240314939659,9694
1,759,0.423866566604237,0.011461414137901,9650
1,760,0.139793876540072,0.272111478798327,9499
1,761,0.255013469549639,0.410961016496091,9704
1,762,0.722698344597723,0.173890931534976,9614
1,763,0.609098348617728,0.202455696826871,9494
1,764,0.258724655254915,0.923531479309469,9630
1,765,0.875402835979896,0.254286686425035,9629
1,766,0.568586637729636,0.444082801030076,9631
1,767,0.114415859235957,0.022311336134371,9705
1,768,0.537216018611451,0.152995474073571,9497
1,769,0.953179506785161,0.798137035300434,9613
1,770,0.184837654679468,0.729047544088198,9685
1,771,0.705032432733103,0.726908111176088,9457
1,772,0.0677562396141907,0.591716623832904,9566
1,773,0.961420903304318,0.633238020995359,9626
1,774,0.417294372907245,0.532866553914791,9608
1,775,0.802249913672978,0.592811973578725,9611
1,776,0.629715510450793,0.0166212687548683,9526
1,777,0.274298909740513,0.0110790561732954,9683
1,778,0.555835906831789,0.989430317981655,9749
1,779,0.624532976758065,0.805583814480427,9648
1,780,0.559469927500377,0.767060367718589,9609
1,781,0.866737957577216,0.10266618210865,9546
1,782,0.920995393145119,0.210381172036419,9664
1,783,0.723659465211089,0.271837014163627,9641
1,784,0.480328823619498,0.757992973943176,9676
1,785,0.513020771757694,0.673639918118281,9656
1,786,0.547367823218158,0.221358094111295,9578
1,787,0.189352918267052,0.407056828110673,9532
1,788,0.864262689159025,0.762407281748856,9513
1,789,0.0642785695422018,0.648834043885957,9642
1,790,0.934375332979814,0.248696892447889,9537
1,791,0.830013918126043,0.669893862695223,9599
1,792,0.477456729869957,0.531443311185341,9734
1,793,0.88225044056725,0.268882847352519,9594
1,794,0.790371319518698,0.588851919182288,9673
1,795,0.901293533467687,0.835932235476652,9612
1,796,0.480235273327528,0.347621269716182,9593
1,797,0.85662474361208,0.901914835945408,9606
1,798,0.422423474735033,0.95087835184914,9688
1,799,0.113753970877915,0.953576107988169,9569
1,800,0.03043157379919,0.201673542014211,9579
1,801,0.493660549360675,0.600834250111175,9618
1,802,0.0953592183798376,0.361552298624675,9604
1,803,0.488692167269447,0.468132189976766,9724
1,804,0.520594172850319,0.113740331452672,9638
1,805,0.576943970349056,0.487759638617564,9644
1,806,0.186875041762239,0.680297089587837,9607
1,807,0.961499539358508,0.180847032924629,9558
1,808,0.222725558214621,0.866335360700013,9612
1,809,0.609458946655862,0.468973585105609,9666
1,810,0.117883176717242,0.748402758853985,9708
1,811,0.58074962456897,0.73096989944064,9759
1,812,0.490595945853251,0.902767672503727,9572
1,813,0.330338713222933,0.347435935138404,9641
1,814,0.143641818182269,0.329184642302178,9594
1,815,0.309914762116224,0.714134928426574,9701
1,816,0.435552477281919,0.116460390574892,9641
1,817,0.151374775954125,0.83137801613605,9614
1,818,0.814897355505801,0.747069624569265,9644
1,819,0.324456839013331,0.444309634255186,9534
1,820,0.075718515126036,0.600584199241533,9617
1,821,0.964218352640645,0.0566592718186015,9673
1,822,0.516812051445386,0.180525759003264,9716
1,823,0.0609363519103765,0.269078393695592,9698
1,824,0.867121411674782,0.235394994507061,9610
1,825,0.95100216465272,0.423494499867611,9624
1,826,0.595615041233145,0.39980462236455,9643
1,827,0.0550074497392165,0.976956350600187,9666
1,828,0.114650241629112,0.522225176757329,9559
1,829,0.101989329982005,0.379909815780339,9526
1,830,0.0597624424798236,0.590343266088747,9680
1,831,0.912241092207015,0.734679464815533,9513
1,832,0.259632291496639,0.620033587645987,9694
1,833,0.958418625855592,0.435820948219901,9525
1,834,0.863147322044008,0.264771449420071,9623
1,835,0.998176438521419,0.327277338615303,9669
1,836,0.0337447346914366,0.313437777186935,9581
1,837,0.459796843251443,0.204517111446561,9623
1,838,0.302648168476814,0.857552898499557,9651
1,839,0.839729537016073,0.750244417707527,9679
1,840,0.211974706954,0.420228057973295,9663
1,841,0.688092373370614,0.720130308643496,9563
1,842,0.0971128765434063,0.896526402743814,9618
1,843,0.435511998599095,0.183622291122109,9618
1,844,0.858921084694722,0.617442619575049,9462
1,845,0.406099360078709,0.235230636741002,9670
1,846,0.717479327308241,0.900326351073745,9707
1,847,0.898236792239066,0.945339159713114,9553
1,848,0.188684335157765,0.843437265516747,9691
1,849,0.691963913151696,0.950772035839473,9643
1,850,0.918250886238876,0.157359911993598,9593
1,851,0.501461109126639,0.739240469318907,9660
1,852,0.732808851236935,0.665458144874843,9695
1,853,0.781959672468786,7.1503374368507e-05,9623
1,854,0.827476580037623,0.51107077096911,9633
1,855,0.00630243433147735,0.715308223712419,9508
1,856,0.530477366140657,0.685962775469006,9656
1,857,0.407597198059278,0.893411627593466,9625
1,858,0.170698062985112,0.864507334464762,9624
1,859,0.454825459331687,0.387247794731481,9580
1,860,0.899644448256554,0.913120176664731,9575
1,861,0.778621877953933,0.662797344975871,9625
1,862,0.0116031438710766,0.19686179006902,9727
1,863,0.927635058179737,0.136583955196715,9585
1,864,0.459488777900151,0.808488158947949,9540
1,865,0.520108528290482,0.0601031207178868,9464
1,866,0.888400366360897,0.931985969976713,9588
1,867,0.150959235449803,0.345899981018985,9597
1,868,0.503515011343489,0.525630039908993,9634
1,869,0.253127034189836,0.829211382143841,9608
1,870,0.859738183612428,0.877869747573831,9692
1,871,0.726441053335049,0.99825975321089,9711
1,872,0.385556020003331,0.905453726823687,9694
1,873,0.45424251657162,0.810208665123941,9604
1,874,0.419668690145171,0.517574375854623,9637
1,875,0.425367788777306,0.831524612924179,9673
1,876,0.54426807099829,0.956382744725117,9507
1,877,0.564486117286669,0.422042345199385,9643
1,878,0.680020156593817,0.135425312619821,9673
1,879,0.661797659538179,0.585625400383222,9461
1,880,0.84698647463795,0.904797095947318,9640
1,881,0.784529018961084,0.555503421102511,9705
1,882,0.918246209476433,0.642732239562513,9671
1,883,0.819878676115012,0.9512918037358,9491
1,884,0.789344037394459,0.117489612920268,9514
1,885,0.484704964574695,0.561831465628773,9643
1,886,0.283306684656174,0.812837667981169,9668
1,887,0.0385376111557542,0.382978147222908,9517
1,888,0.988626768402233,0.355818715148824,9599
1,889,0.262935295947425,0.0107277207656904,9570
1,890,0.319691684662929,0.997693454523422,9648
1,891,0.335989177259142,0.846859077095748,9723
1,892,0.863725918493596,0.921560368158732,9656
1,893,0.102044953747874,0.463175088665283,9592
1,894,0.978157783248292,0.315097028042413,9626
1,895,0.708923075669064,0.468102942278964,9602
1,896,0.509983795631893,0.503782602237993,9495
1,897,0.327295649168047,0.643307966066135,9611
1,898,0.487539371850448,0.67244387441993,9593
1,899,0.371749054470568,0.886884938701232,9584
1,900,0.550108149572714,0.428816065416633,9627
1,901,0.630510814788874,0.55103721067492,9649
1,902,0.632050072995385,0.464961378055424,9708
1,903,0.970924419089693,0.694743298673234,9628
1,904,0.206848449759347,0.726418057260138,9588
1,905,0.853202411411617,0.623455868000356,9540
1,906,0.239783122298398,0.120469436880184,9474
1,907,0.365173180860994,0.341868702652403,9464
1,908,0.703877464563091,0.40512922285001,9681
1,909,0.516619768718312,0.226006816493045,9639
1,910,0.863513263676329,0.95273882417924,9726
1,911,0.540020307554536,0.953944677603157,9717
1,912,0.99867460202497,0.484238134606589,9633
1,913,0.508276985647835,0.851908154849478,9655
1,914,0.680679573474194,0.388958289334795,9667
1,915,0.128137902907713,0.472544667965946,9642
1,916,0.695339143724889,0.706381569362126,9579
1,917,0.105428450957186,0.73880845463892,9525
1,918,0.391795235993619,0.31806610969516,9597
1,919,0.182189924414908,0.868297509565659,9560
1,920,0.204596298318853,0.686738967087476,9573
1,921,0.055973629141044,0.946232572474164,9540
1,922,0.130567268185453,0.311230720854148,9635
1,923,0.0587489510340586,0.00977480404429577,9607
1,924,0.426030321103443,0.223697224407251,9721
1,925,0.138786277772245,0.195711488850841,9614
1,926,0.938384182972918,0.35027466369575,9648
1,927,0.790826717187978,0.831365599388454,9524
1,928,0.188160998245144,0.898687089483821,9603
1,929,0.454226101664843,0.351810244301137,9531
1,930,0.19262478215455,0.420079853631615,9614
1,931,0.771407795222982,0.181022010730782,9646
1,932,0.732525712173999,0.895361085891953,9637
1,933,0.175476585005349,0.637504965687821,9648
1,934,0.739096446548687,0.412200909664347,9660
1,935,0.862551285340779,0.492286817499202,9637
1,936,0.662323402070292,0.67890102326102,9653
1,937,0.295930416965719,0.467400995954417,9614
1,938,0.769441076290643,0.817009433015639,9557
1,939,0.238949261894611,0.797761282360812,9626
1,940,0.433726925956262,0.205796326695875,9612
1,941,0.85046950084897,0.75702088684725,9546
1,942,0.885135486927084,0.404247564104508,9681
1,943,0.861892602432687,0.847994434742193,9607
1,944,0.0758911150777772,0.799028753034211,9591
1,945,0.0747808654159069,0.518724549896064,9587
1,946,0.346354122095344,0.253378837701989,9631
1,947,0.263822090640026,0.122011918983831,9657
1,948,0.234917940054875,0.620314924008891,9640
1,949,0.705835269537815,0.19955907770104,9668
1,950,0.815310966847753,0.450269539222843,9536
1,951,0.370175665900003,0.530217140164428,9614
1,952,0.852458165726332,0.54712322285523,9484
1,953,0.370184774787383,0.764525597434398,9651
1,954,0.725666740501919,0.609358751384453,9687
1,955,0.518873473941652,0.295291660722871,9700
1,956,0.0308482025258302,0.133911805007016,9436
1,957,0.660940341556677,0.862846515677143,9625
1,958,0.490587766041697,0.0900320621452149,9689
1,959,0.103662844068017,0.241761620539805,9674
1,960,0.686325295774607,0.665867917413176,9600
1,961,0.248136157698751,0.0076538950523778,9587
1,962,0.139631016632972,0.70197761229931,9602
1,963,0.21114713392194,0.322055787110382,9582
1,964,0.273883781175776,0.725989910013525,9710
1,965,0.678929552577094,0.910727194879467,9633
1,966,0.294974162076459,0.0624220468595972,9700
1,967,0.59542368515584,0.801575729698646,9542
1,968,0.45893867649617,0.470496415043068,9460
1,969,0.0783507851382262,0.11567160432337,9630
1,970,0.872102427140241,0.207768229750725,9438
1,971,0.139079483138155,0.671912838138027,9691
1,972,0.063869639260788,0.446700668729904,9662
1,973,0.832502470472211,0.825956664200736,9719
1,974,0.247235443165098,0.0407305451341513,9646
1,975,0.781793959701872,0.232240964074894,9506
1,976,0.126823447829521,0.793295592268836,9544
1,977,0.383652973364824,0.327102830982324,9572
1,978,0.374696093879458,0.883785132416769,9720
1,979,0.822480830168549,0.300302445531485,9569
1,980,0.144827042980596,0.632090605086491,9552
1,981,0.376389260707243,0.942572021781737,9612
1,982,0.157050891806517,0.920924639893738,9600
1,983,0.169357445636946,0.634934105715662,9643
1,984,0.799234536243655,0.802769702026734,9659
1,985,0.630119590982636,0.492459539477293,9539
1,986,0.851016229293941,0.574384611242731,9587
1,987,0.748859848235836,0.0105770312471192,9610
1,988,0.547488095692727,0.240625640601065,9631
1,989,0.55923652249621,0.433090514226067,9600
1,990,0.366041788466831,0.238081360213595,9700
1,991,0.055600176094172,0.457404450847001,9605
1,992,0.871071524328812,0.244893032073776,9636
1,993,0.525501669348095,0.741767763855222,9505
1,994,0.833889933893475,0.240369276610253,9610
1,995,0.994522866340574,0.375870752209475,9630
1,996,0.564047961105886,0.598836515141504,9594
1,997,0.557949624890421,0.455905632400993,9608
1,998,0.0454628846063574,0.00648894227929697,9532
1,999,0.432253477408552,0.822833529578517,9458
1,1000,0.0442760402564652,0.676817555740339,9630
1,1001,0.177508545139614,0.499154217396186,9686
1,1002,0.519382288914689,0.87986976487147,9702
1,1003,0.815901820305944,0.581212891475696,9593
1,1004,0.440954456356914,0.743157235015005,9644
1,1005,0.356832030195359,0.640607120881173,9650
1,1006,0.450236785548741,0.332116921797091,9718
1,1007,0.139075766264954,0.70498782136127,9649
1,1008,0.500462632038583,0.351485542751279,9662
1,1009,0.306499090513214,0.463173281064167,9565
1,1010,0.594263053868655,0.503338704202956,9434
1,1011,0.00959799162768426,0.209925500530865,9695
1,1012,0.348281372027091,0.16267110943984,9600
1,1013,0.78465421055152,0.960707353122083,9561
1,1014,0.673667349386847,0.888561246021653,9697
1,1015,0.0365387600758255,0.412525597184943,9672
1,1016,0.363204080328015,0.351107431779097,9622
1,1017,0.995792436211617,0.664502129408413,9600
1,1018,0.751562498888201,0.443197642626021,9611
1,1019,0.999903294685394,0.655444547025432,9630
1,1020,0.244955977943153,0.612047277324307,9566
1,1021,0.794585242644098,0.194600721950279,9576
1,1022,0.433737850173811,0.565067960603554,9642
1,1023,0.855903562831112,0.296909341850842,9660
1,1024,0.639745109276644,0.506307117950758,9685
1,1025,0.602105626096402,0.99233661154262,9584
1,1026,0.461529727844902,0.397626228789159,9615
1,1027,0.241155713757332,0.804155208204452,9624
1,1028,0.894731596689432,0.800748048915482,9712
1,1029,0.90730219421512,0.121999287362897,9634
1,1030,0.173923657059102,0.59360837071423,9648
1,1031,0.970737061538201,0.364513679894259,9489
1,1032,0.250893517918694,0.533064711126686,9444
1,1033,0.227094121414411,0.506640830097551,9654
1,1034,0.382892988335052,0.869190712118885,9707
1,1035,0.979303654050663,0.711653367490451,9662
1,1036,0.415456010377982,0.239567703617587,9637
1,1037,0.450641446168172,0.263299577057897,9631
1,1038,0.348211483753444,0.145664037572153,9566
1,1039,0.00867264765748524,0.00218354249710551,9688
1,1040,0.808330462083001,0.64521586297076,9661
1,1041,0.265706434882292,0.963750876756062,9695
1,1042,0.0761578154170623,0.897348206713607,9639
1,1043,0.295772918374862,0.137936808085141,9669
1,1044,0.699135748278731,0.7190089015739,9577
1,1045,0.634509828665702,0.981890054273397,9640
1,1046,0.77801937884294,0.880049113351962,9623
1,1047,0.2453656253034,0.0468730937945387,9588
1,1048,0.129857638487625,0.823882163380007,9595
1,1049,0.400134363636217,0.0852336261957262,9638
1,1050,0.231924136262968,0.269263855940785,9703
1,1051,0.629142844422232,0.985150773175373,9678
1,1052,0.216331281289803,0.710413066896408,9641
1,1053,0.582455336801393,0.0780017898230831,9526
1,1054,0.739760192187358,0.629959728016558,9504
1,1055,0.751173639162273,0.337213194196168,9559
1,1056,0.599572059587892,0.716969471843959,9593
1,1057,0.85908837075221,0.892368432552193,9565
1,1058,0.356599061294729,0.198865629229533,9630
1,1059,0.298567110684272,0.806167010162802,9647
1,1060,0.1790941956175,0.00674748258542515,9669
1,1061,0.845340036300813,0.988407928302796,9582
1,1062,0.969788622048056,0.222595386383171,9612
1,1063,0.711545515538851,0.659959824597104,9648
1,1064,0.697705468834894,0.501168468697467,9700
1,1065,0.209305474329915,0.724466306724759,9552
1,1066,0.972631075376111,0.767053955900148,9632
1,1067,0.520524023317139,0.463010442179849,9666
1,1068,0.935778062715844,0.84244540673777,9615
1,1069,0.887454779716772,0.546452579928634,9511
1,1070,0.0545427264953284,0.0918820961070203,9620
1,1071,0.15978422125853,0.332366301782185,9658
1,1072,0.772630485963724,0.144306815454643,9532
1,1073,0.873322048338313,0.319076402899255,9703
1,1074,0.403473732199609,0.111711020626381,9596
1,1075,0.156318308645161,0.0164118442897115,9475
1,1076,0.188241475967244,0.987739807720491,9537
1,1077,0.112663767431255,0.127318795979472,9684
1,1078,0.234945697288736,0.844699585759842,9694
1,1079,0.675246487818817,0.152919221602003,9685
1,1080,0.41656376534946,0.973083344900472,9561
1,1081,0.559698961246841,0.525908405015081,9665
1,1082,0.578163905080876,0.354492583791788,9641
1,1083,0.746231923278095,0.40872756325192,9620
1,1084,0.142966669102457,0.409629688924545,9660
1,1085,0.571784953805431,0.999467498061073,9550
1,1086,0.529389279523093,0.590791934409116,9604
1,1087,0.547016786134126,0.728619546957014,9554
1,1088,0.431472815765044,0.141218308579058,9709
1,1089,0.734497518819915,0.556684486686586,9644
1,1090,0.67729851375867,0.104592437668598,9599
1,1091,0.88016688091422,0.977919012552773,9712
1,1092,0.335156220238401,0.10722698938137,9586
1,1093,0.653433830196553,0.788315498719346,9592
1,1094,0.367249627167491,0.300826398446922,9529
1,1095,0.512718448979161,0.235599719768949,9674
1,1096,0.436647660025334,0.153962425175372,9615
1,1097,0.226641317785991,0.0208993591454515,9648
1,1098,0.741139584500315,0.984474628750431,9583
1,1099,0.632538878874656,0.690635634278055,9604
1,1100,0.459940078260014,0.907651351063161,9560
1,1101,0.803649741102399,0.542695346335205,9603
1,1102,0.899201354993598,0.812438252638097,9653
1,1103,0.394714500152861,0.601314278359733,9735
1,1104,0.942874651671041,0.832801904016413,9550
1,1105,0.0425152777526561,0.309037398042841,9628
1,1106,0.826575650265175,0.148246763880685,9666
1,1107,0.885739518269472,0.814839156909185,9638
1,1108,0.203932480266608,0.207855287676158,9630
1,1109,0.790983536397098,0.752908626917985,9612
1,1110,0.938572075067188,0.568601292218433,9625
1,1111,0.142903156299062,0.626946930845081,9637
1,1112,0.42432556586073,0.8983461733786,9694
1,1113,0.125817916908624,0.764196982006924,9636
1,1114,0.584123528540837,0.423300394459268,9627
1,1115,0.995431371206851,0.739551037993445,9617
1,1116,0.619854810905156,0.853819567937488,9487
1,1117,0.631067727498277,0.0760295360772434,9529
1,1118,0.324254836868461,0.263721760238982,9596
1,1119,0.869657620862094,0.410645051341824,9640
1,1120,0.777515504048779,0.55555876908252,9590
1,1121,0.42150422853184,0.121262115356127,9436
1,1122,0.707512146291389,0.702582013067697,9575
1,1123,0.293919525649311,0.278910430094239,9631
1,1124,0.267506537266221,0.321305257198304,9526
1,1125,0.125202935303689,0.911757983043162,9707
1,1126,0.546283400866566,0.602114400204803,9671
1,1127,0.911032617845957,0.058181530877055,9693
1,1128,0.0253809078342865,0.914250801465174,9664
1,1129,0.365961051581199,0.750191707069539,9472
1,1130,0.171512786016557,0.848786578841735,9637
1,1131,0.0652021099826282,0.434824204773775,9672
1,1132,0.0817141294406013,0.263555977934787,9691
1,1133,0.600202184432415,0.914219214172792,9674
1,1134,0.183738502010821,0.0316616329868222,9618
1,1135,0.798661109680581,0.731510570225967,9599
1,1136,0.852505212323244,0.507597544757731,9653
1,1137,0.312270866624868,0.961057216471897,9579
1,1138,0.262557175568053,0.181195478287282,9587
1,1139,0.327760591755109,0.914639490246406,9644
1,1140,0.257693958928815,0.0319534183414188,9660
1,1141,0.0411920735598353,0.685270126839406,9643
1,1142,0.508658908365793,0.367106650721722,9559
1,1143,0.830539569001722,0.965523434262938,9697
1,1144,0.510051783334176,0.0940565379966978,9666
1,1145,0.143428875730443,0.466192629865317,9690
1,1146,0.429519686237051,0.556794099575495,9637
1,1147,0.792294599913027,0.758149727464802,9586
1,1148,0.68469267876725,0.277149710467424,9550
1,1149,0.436097063349563,0.931134141854193,9686
1,1150,0.977726345553922,0.77929848347011,9575
1,1151,0.23548671145307,0.84137339086459,9624
1,1152,0.479089851160019,0.106894568159684,9673
1,1153,0.937838741895457,0.922018523882927,9545
1,1154,0.076238526265528,0.158359616933366,9686
1,1155,0.902497802974062,0.0361727259957416,9581
1,1156,0.204485925945068,0.96573537607036,9627
1,1157,0.170641848845512,0.877046119868333,9680
1,1158,0.460404030023707,0.498459110671163,9756
1,1159,0.038825516596808,0.115934537322874,9688
1,1160,0.387816637427843,0.573917185759806,9625
1,1161,0.859119469811408,0.916786690347232,9704
1,1162,0.166901524143666,0.37208553913156,9662
1,1163,0.869170660832173,0.452730570860934,9627
1,1164,0.882800779484705,0.16254498738381,9662
1,1165,0.43902005592794,0.304319612182948,9630
1,1166,0.363903045161606,0.41476535229466,9705
1,1167,0.652336209457343,0.946522767162402,9624
1,1168,0.789844489687493,0.758749061013378,9707
1,1169,0.339746494333042,0.325278328133019,9577
1,1170,0.589351569938007,0.96457250480694,9431
1,1171,0.388382223020089,0.191408825270846,9687
1,1172,0.408537505032891,0.839046228641099,9709
1,1173,0.329942248988194,0.671051622839428,9561
1,1174,0.153339270571548,0.386053006842109,9610
1,1175,0.174341281733274,0.353457159984149,9668
1,1176,0.939181670841433,0.262157040235656,9737
1,1177,0.095149830527379,0.645856974946261,9554
1,1178,0.309408311117652,0.944394460416292,9692
1,1179,0.231888467777529,0.973367497934131,9509
1,1180,0.657230768799803,0.832642823679069,9625
1,1181,0.859681892800507,0.685630805422163,9697
1,1182,0.967609436891434,0.942462158239789,9664
1,1183,0.183476327096932,0.829397816900035,9586
1,1184,0.394924044507256,0.110333606924634,9718
1,1185,0.278158807996667,0.993184571625273,9621
1,1186,0.697223155099149,0.186323037595512,9636
1,1187,0.463927919339783,0.325358338911278,9454
1,1188,0.0623957928537881,0.591049800839134,9545
1,1189,0.0501917162655183,0.633249897876691,9648
1,1190,0.509989698877,0.328476403748885,9565
1,1191,0.00280840372622488,0.554150776747065,9591
1,1192,0.447012523306974,0.277653381615152,9668
1,1193,0.860670895777883,0.967586428460762,9735
1,1194,0.397276033650536,0.0799012787632043,9673
1,1195,0.725895225140765,0.72945037604879,9589
1,1196,0.778549815152123,0.0156078741277054,9635
1,1197,0.585886093489738,0.045100083574936,9712
1,1198,0.111017160622045,0.146511932064184,9625
1,1199,0.504831691327079,0.0671494293806206,9578
1,1200,0.106399527167672,0.30139824342123,9631
1,1201,0.551037656106536,0.355444167188515,9504
1,1202,0.583659761096323,0.932030765040261,9621
1,1203,0.346959053062626,0.175831758090387,9707
1,1204,0.284350295492495,0.134654677001174,9643
1,1205,0.569511818431718,0.714614637160519,9550
1,1206,0.0686306449811968,0.00325081891428119,9609
1,1207,0.711298698167823,0.535304552812254,9696
1,1208,0.211337178623597,0.126806676766476,9602
1,1209,0.453217333531844,0.728604160067313,9723
1,1210,0.870222267477337,0.196925522306849,9552
1,1211,0.028778599836203,0.282207971160163,9711
1,1212,0.736202392558337,0.311184221968227,9647
1,1213,0.122762838357287,0.519511621267445,9480
1,1214,0.211270805203139,0.907334208590727,9519
1,1215,0.640996618876369,0.547808431465772,9733
1,1216,0.770062338344329,0.257197656952784,9616
1,1217,0.619192581479684,0.562836178530354,9579
1,1218,0.152812272396096,0.404755839276041,9740
1,1219,0.243571967431068,0.14957040776332,9610
1,1220,0.12613516480868,0.953508140018825,9536
1,1221,0.398150930643142,0.905676142998697,9562
1,1222,0.392315215977751,0.218170342758986,9741
1,1223,0.833604608300257,0.638127332109189,9611
1,1224,0.375920814052209,0.823128221874911,9640
1,1225,0.0324500941861002,0.300199131774166,9689
1,1226,0.527829657937015,0.851069856286258,9616
1,1227,0.0936898115608102,0.179752120637866,9720
1,1228,0.654636518046891,0.438318547002405,9602
1,1229,0.0334001093395922,0.0164134257851266,9688
1,1230,0.689116074821219,0.202003488895414,9616
1,1231,0.349797046812947,0.152139638260521,9659
1,1232,0.131193501961506,0.317906829195174,9580
1,1233,0.356037930718808,0.782439908045777,9519
1,1234,0.570746140383008,0.733836516076941,9652
1,1235,0.51423394280567,0.108244099685994,9604
1,1236,0.269454311915932,0.0280187729157962,9634
1,1237,0.274816582008242,0.217773400450263,9670
1,1238,0.544967312026216,0.0766984604881981,9634
1,1239,0.150892193689626,0.624672982837751,9637
1,1240,0.316072823335314,0.176709106960381,9696
1,1241,0.461579618817012,0.299348394265348,9617
1,1242,0.758853772832557,0.121833922750321,9715
1,1243,0.45340747622283,0.546194142907886,9594
1,1244,0.480756411970342,0.970012253026953,9668
1,1245,0.747159359717664,0.143897084491687,9754
1,1246,0.0562621653375497,0.0830921939447304,9709
1,1247,0.894055621189878,0.749810400086036,9594
1,1248,0.683945651028766,0.728105685727867,9755
1,1249,0.428511858048893,0.106639810013507,9591
1,1250,0.325907063745639,0.376713613649487,9652
1,1251,0.94567877909335,0.196279742762791,9586
1,1252,0.41132956977486,0.11089815035357,9726
1,1253,0.825207352508823,0.929297899531624,9490
1,1254,0.822204743670692,0.781522809783132,9660
1,1255,0.377504234323116,0.358518680561252,9719
1,1256,0.761186374246888,0.40490999539396,9534
1,1257,0.53480027352369,0.809488000230009,9561
1,1258,0.23046015148627,0.75822049952492,9652
1,1259,0.833580739498871,0.796559719706583,9618
1,1260,0.798246578985789,0.201739561009668,9697
1,1261,0.106299807962465,0.297764608232995,9500
1,1262,0.0460713741847281,0.467613755857152,9709
1,1263,0.623798636682122,0.389873106866267,9627
1,1264,0.480800139576731,0.567235686264483,9562
1,1265,0.938318048239196,0.618871727646336,9502
1,1266,0.345037464459731,0.498632100300647,9584
1,1267,0.122492093291176,0.553436412729426,9631
1,1268,0.662299237222948,0.805321702409172,9461
1,1269,0.428067437649992,0.138403536530751,9661
1,1270,0.719563554306246,0.594201306206793,9596
1,1271,0.938861862863757,0.262526331725958,9658
1,1272,0.549503727487354,0.358131270238629,9655
1,1273,0.407802030951755,0.912201631005243,9688
1,1274,0.575965638775039,0.95261875041503,9673
1,1275,0.588881861911218,0.158911325342397,9564
1,1276,0.421214066788623,0.66463208166527,9634
1,1277,0.566284373747235,0.0157990355083747,9531
1,1278,0.199887460076699,0.137657828439809,9755
1,1279,0.707175415026679,0.39448075521102,9740
1,1280,0.792927071007353,0.22887941947186,9567
1,1281,0.402319112200367,0.919901217136361,9695
1,1282,0.953813206714367,0.355653078115068,9600
1,1283,0.871039080856106,0.955873222686611,9576
1,1284,0.512803188934337,0.320863803985393,9630
1,1285,0.738409548757278,0.977547671041748,9587
1,1286,0.5223286228748,0.855749250127196,9741
1,1287,0.197242551610987,0.85979118692498,9652
1,1288,0.805067678175328,0.464571971653628,9771
1,1289,0.744525433391686,0.493851935903372,9640
1,1290,0.745591094913082,0.166487570626286,9558
1,1291,0.291814672898684,0.931239781597356,9568
1,1292,0.249404575504246,0.342766119440624,9709
1,1293,0.487237747208796,0.0555764786203015,9528
1,1294,0.950971330160217,0.359865093879728,9668
1,1295,0.392051608828972,0.999645710960921,9634
1,1296,0.127106876202763,0.0671660798984542,9571
1,1297,0.145245317912057,0.903120225164611,9685
1,1298,0.996263002018226,0.118897966467931,9508
1,1299,0.675820126566649,0.470884024150117,9666
1,1300,0.357143757842676,0.572671427974835,9614
1,1301,0.560880511536118,0.985323203485178,9626
1,1302,0.91297953179784,0.425760988521706,9654
1,1303,0.0984409074178797,0.659216496348465,9638
1,1304,0.338894162149049,0.972010291608094,9663
1,1305,0.838215255454034,0.0998856242074346,9627
1,1306,0.476633367060642,0.947368076781392,9682
1,1307,0.57368760528299,0.213895630183964,9611
1,1308,0.495325179768047,0.0776787112700767,9578
1,1309,0.400047500501722,0.573160071659651,9533
1,1310,0.75340050114467,0.415079390395055,9729
1,1311,0.832322303868638,0.0681189626557908,9680
1,1312,0.746458287074702,0.77699672344506,9624
1,1313,0.358902589910037,0.316351182119859,9669
1,1314,0.732896651345807,0.984454361841219,9695
1,1315,0.0334083745314534,0.371016057922225,9704
1,1316,0.707178215639025,0.929136047147343,9619
1,1317,0.758215593793819,0.449666287526293,9685
1,1318,0.772353313012701,0.37644747875743,9487
1,1319,0.3938667153545,0.246215822521417,9656
1,1320,0.799377277869184,0.286575187141751,9643
1,1321,0.314027964306496,0.2771602420853,9698
1,1322,0.259044208154514,0.699621990612864,9504
1,1323,0.0497729573130146,0.630320633220977,9561
1,1324,0.685961064483676,0.290306182205997,9716
1,1325,0.713129371386058,0.486604460367198,9595
1,1326,0.596593552976216,0.939554387855206,9655
1,1327,0.549175122337394,0.161951187634194,9690
1,1328,0.0880328157189488,0.0266807898222823,9614
1,1329,0.759991308905038,0.231516202557921,9590
1,1330,0.839820059834449,0.879867070055151,9624
1,1331,0.11788244254793,0.171169221373685,9573
1,1332,0.135352007792986,0.808030655938646,9654
1,1333,0.325561333158225,0.127727357529386,9530
1,1334,0.755676973077169,0.886664634248829,9695
1,1335,0.841703946427937,0.606457897579606,9675
1,1336,0.175429385698799,0.675075651716571,9588
1,1337,0.72068222369288,0.195713202331785,9632
1,1338,0.544907074430044,0.523727689127419,9626
1,1339,0.668724758256997,0.337247645991195,9726
1,1340,0.288101728889854,0.393307987741924,9544
1,1341,0.437774453148736,0.0362525530906726,9535
1,1342,0.199710340948545,0.0446147040854719,9672
1,1343,0.181288265252967,0.765659639948157,9570
1,1344,0.424844391814268,0.385840091471999,9616
1,1345,0.437326226042541,0.878324485392079,9499
1,1346,0.555547671664985,0.563849627273762,9722
1,1347,0.840240551172746,0.729070139457753,9660
1,1348,0.526529110999596,0.337779542378645,9656
1,1349,0.778891343045828,0.667508691618225,9631
1,1350,0.264727395277116,0.529471378436062,9519
1,1351,0.989099517432194,0.719454591224078,9477
1,1352,0.041275569878978,0.618649777769286,9566
1,1353,0.76765767195216,0.209486038021611,9716
1,1354,0.508768298377807,0.900494034835304,9591
1,1355,0.514234221782548,0.740601548974697,9616
1,1356,0.0760637023973209,0.107030690537788,9715
1,1357,0.555442951215767,0.587387337658753,9577
1,1358,0.432728953293199,0.456007567934225,9664
1,1359,0.222051031248322,0.181718063845647,9669
1,1360,0.7333637087742,0.445329510621073,9701
1,1361,0.792481743427203,0.60248131878552,9735
1,1362,0.308851112186443,0.514135943403777,9520
1,1363,0.404607401396661,0.894188695142633,9624
1,1364,0.84335306389933,0.534631448999111,9488
1,1365,0.335422922868243,0.656634569833838,9604
1,1366,0.193697564225888,0.441366688804984,9620
1,1367,0.0325060384603494,0.754038248658599,9598
1,1368,0.388928182826933,0.129820414753757,9655
1,1369,0.21496027746127,0.773371017090684,9659
1,1370,0.527741297536874,0.248586597954538,9698
1,1371,0.880126441797943,0.950595031851023,9645
1,1372,0.53919171380645,0.540563957305246,9641
1,1373,0.145890856785408,0.0554867575327458,9471
1,1374,0.718948681669804,0.129033258957878,9543
1,1375,0.574242374023086,0.575475979124102,9717
1,1376,0.043527465403289,0.344828459975909,9638
1,1377,0.469688630417438,0.194299999284596,9601
1,1378,0.925942615768579,0.191993504694421,9702
1,1379,0.697211358935194,0.305023996544883,9692
1,1380,0.663952450034963,0.754752112496558,9678
1,1381,0.578889792735689,0.710270937744289,9598
1,1382,0.890722733053439,0.923859018872787,9745
1,1383,0.986715737313941,0.502023467631657,9668
1,1384,0.537494066595563,0.532567726371764,9620
1,1385,0.0712318150332865,0.895952667991015,9638
1,1386,0.679770414108575,0.947273850494969,9610
1,1387,0.99875510490024,0.840624962828979,9579
1,1388,0.258988865302304,0.537898846645989,9680
1,1389,0.00040834110157229,0.386325819003698,9595
1,1390,0.0602705812745984,0.0728550420075838,9548
1,1391,0.770503876348595,0.778564979605138,9652
1,1392,0.303503790552971,0.883165173233983,9553
1,1393,0.145983871352077,0.861791024593042,9703
1,1394,0.830652252487052,0.46901783594346,9650
1,1395,0.250463409581429,0.100455173274798,9616
1,1396,0.442524308846312,0.677877680644542,9562
1,1397,0.00520298702359654,0.0861367919624026,9741
1,1398,0.47245166580864,0.33712069886372,9588
1,1399,0.7187052803151,0.689976157319419,9563
1,1400,0.435345250175759,0.329499505233905,9610
1,1401,0.254417366204727,0.680495420358914,9589
1,1402,0.714004461638967,0.475438541214375,9636
1,1403,0.0577885660837873,0.34930702179743,9654
1,1404,0.74035724207856,0.245935724078112,9564
1,1405,0.669620323291568,0.305573675368466,9653
1,1406,0.0213960035026789,0.582929526391368,9709
1,1407,0.496217836050085,0.436453140229182,9665
1,1408,0.510651156875994,0.302558294867715,9467
1,1409,0.888014316975355,0.860191881559155,9588
1,1410,0.42478486708588,0.789108008033836,9660
1,1411,0.233845212604497,0.634347951840341,9550
1,1412,0.624618138764581,0.172285898207848,9724
1,1413,0.547869259556723,0.911138450825029,9811
1,1414,0.00654682703572586,0.00875573405908035,9633
1,1415,0.806312584108367,0.475555154334542,9674
1,1416,0.691751509543924,0.0141283992124391,9712
1,1417,0.797837062198623,0.442372079802306,9628
1,1418,0.734753508433221,0.941283725811343,9661
1,1419,0.361018506102315,0.373207934430853,9723
1,1420,0.968461583048683,0.354599304984247,9676
1,1421,0.656295047267152,0.3141648881733,9636
1,1422,0.348591419439377,0.999982052794304,9705
1,1423,0.561904729085077,0.474199514807272,9649
1,1424,0.57266852710629,0.848108941756682,9606
1,1425,0.0631062734539304,0.986330782991455,9696
1,1426,0.29653013032119,0.660656981901221,9641
1,1427,0.656221429638801,0.372354452848526,9512
1,1428,0.968861646931869,0.184759724805223,9587
1,1429,0.476407894150354,0.777637339505838,9561
1,1430,0.597650663050586,0.554894940782952,9647
1,1431,0.399582496231829,0.481510036514863,9738
1,1432,0.627507329781908,0.74708594065273,9588
1,1433,0.0498867664033004,0.309518696992372,9507
1,1434,0.0181118009147149,0.0624497232445352,9578
1,1435,0.164930674785668,0.589707510013629,9619
1,1436,0.528723468540637,0.814971596459924,9561
1,1437,0.690624500084581,0.548493134455974,9592
1,1438,0.85235391168615,0.0675759228352188,9537
1,1439,0.773697511914458,0.812215065167906,9532
1,1440,0.982113046740702,0.777420482079849,9620
1,1441,0.16310704535641,0.115609255173802,9559
1,1442,0.985096633970974,0.917067420900033,9506
1,1443,0.170682202519048,0.107712291387813,9744
1,1444,0.526783967153654,0.829832693736787,9584
1,1445,0.471747627026117,0.859367057669744,9627
1,1446,0.279763558106501,0.0164163507923112,9648
1,1447,0.890954000769325,0.836052646552855,9672
1,1448,0.0956541802503711,0.982369318415887,9636
1,1449,0.690495777633542,0.847286495771028,9722
1,1450,0.815362903068065,0.515491561117564,9537
1,1451,0.376538279761681,0.936246845304027,9602
1,1452,0.556925798266671,0.278420735327516,9649
1,1453,0.737710239371689,0.399851870865468,9755
1,1454,0.612110247740676,0.412154699257649,9624
1,1455,0.0883039326029494,0.903205948163969,9496
1,1456,0.331682001669204,0.409905920004767,9592
1,1457,0.715761511001949,0.394147312140916,9676
1,1458,0.640099050079738,0.875060931677042,9555
1,1459,0.487378281927514,0.210980904872923,9672
1,1460,0.228331040838616,0.688704161293441,9542
1,1461,0.587180565593392,0.0771314730924464,9722
1,1462,0.382880745841657,0.685529877575239,9648
1,1463,0.993531394888707,0.535991026771247,9557
1,1464,0.00322195973322533,0.761969836252915,9603
1,1465,0.160552919765962,0.216440253921186,9618
1,1466,0.99305038818679,0.237662008656258,9619
1,1467,0.108808279887628,0.496507404225703,9485
1,1468,0.349809646754105,0.624618926736794,9743
1,1469,0.379339309853947,0.126535967404099,9538
1,1470,0.759578122061869,0.572156664348757,9727
1,1471,0.241454701707201,0.736629880542805,9634
1,1472,0.304703594135364,0.818861991958659,9762
1,1473,0.643282939376009,0.758859316860619,9587
1,1474,0.470476038974858,0.575668082418933,9646
1,1475,0.286965769354192,0.808756670905631,9674
1,1476,0.294937994760871,0.758143838079225,9607
1,1477,0.968895075007662,0.902060103555785,9636
1,1478,0.606629411344146,0.928392166486,9552
1,1479,0.75620174670005,0.590086363798674,9663
1,1480,0.914357526696832,0.733773983147174,9637
1,1481,0.848195553092993,0.786521569358849,9639
1,1482,0.867301138287913,0.965589242448284,9592
1,1483,0.267182117873552,0.578810446902063,9690
1,1484,0.656142633771097,0.967378219351824,9662
1,1485,0.927793954233154,0.901303695921386,9572
1,1486,0.00864119166018791,0.575419654727142,9679
1,1487,0.389484952210378,0.235663325629447,9703
1,1488,0.812908246215282,0.729586042991423,9614
1,1489,0.744880515800091,0.997034127078737,9744
1,1490,0.673233952622316,0.399037348483746,9648
1,1491,0.31090042095603,0.234400592896509,9689
1,1492,0.0608493267242943,0.767961486806217,9621
1,1493,0.242120039906432,0.142244702603095,9607
1,1494,0.593107236217232,0.514988534516999,9455
1,1495,0.910449701359101,0.676549303134089,9687
1,1496,0.547526600471724,0.454338685507391,9661
1,1497,0.836670018008888,0.862288731322518,9591
1,1498,0.259115237440136,0.413073880670146,9641
1,1499,0.974731477981314,0.501882382121429,9672
1,1500,0.237554294878355,0.0843601462488968,9589
1,1501,0.551388424217869,0.439916156625581,9713
1,1502,0.22402331113368,0.580365804646992,9652
1,1503,0.852726283456304,0.850522100504458,9661
1,1504,0.977014519969625,0.582010413043108,9530
1,1505,0.184351135998411,0.901969952220567,9583
1,1506,0.839395696182179,0.919157816471889,9594
1,1507,0.552901260348371,0.285777716237119,9600
1,1508,0.992502364839071,0.195595503221511,9484
1,1509,0.284000232792021,0.141715881478238,9567
1,1510,0.750108144279635,0.763137086525249,9554
1,1511,0.253671670343429,0.1337203141366,9699
1,1512,0.263669309098564,0.493674723261938,9459
1,1513,0.225425500030085,0.767851332819754,9578
1,1514,0.88222106982622,0.301366093360596,9647
1,1515,0.259174759273595,0.23372811894449,9574
1,1516,0.378801635477308,0.590750450378239,9561
1,1517,0.395754660627739,0.230064491667408,9692
1,1518,0.880254106198892,0.186938763888237,9556
1,1519,0.245955445357246,0.0280917908169525,9608
1,1520,0.0435178690344649,0.28662221485749,9624
1,1521,0.375381680703905,0.573750645575604,9647
1,1522,0.487987623797261,0.890516819591761,9609
1,1523,0.194001242908798,0.214845046822207,9511
1,1524,0.710892367394756,0.507304506893788,9514
1,1525,0.578678006144817,0.131912131350839,9627
1,1526,0.174748707517822,0.0591451458152398,9555
1,1527,0.623970907949577,0.291051697347931,9686
1,1528,0.0472432073183295,0.888839363346813,9650
1,1529,0.496113918885968,0.957278996337077,9569
1,1530,0.800551861607268,0.769363767643393,9730
1,1531,0.0259091404453214,0.571098711213154,9578
1,1532,0.845542492330359,0.0530964286112159,9667
1,1533,0.734251470676619,0.636882540723221,9700
1,1534,0.866928877310011,0.541712115872909,9716
1,1535,0.601568573546135,0.509209559875848,9471
1,1536,0.596385897372189,0.4876092290777,9565
1,1537,0.57137646617022,0.866676678381152,9580
1,1538,0.853588811719853,0.235694421024828,9584
1,1539,0.407212010327848,0.928865883024213,9595
1,1540,0.995935086808146,0.125976953446685,9636
1,1541,0.611715859231614,0.15656117872636,9696
1,1542,0.62782738084405,0.0829738726199321,9684
1,1543,0.0651986697360439,0.605874516279872,9728
1,1544,0.311569121040417,0.563602164269538,9580
1,1545,0.582420147052342,0.703098214301195,9698
1,1546,0.308626889416497,0.200675743540678,9565
1,1547,0.499911013164802,0.174473562027275,9587
1,1548,0.219168234557933,0.223493936647522,9513
1,1549,0.294992650385337,0.0530503693743169,9624
1,1550,0.537082722583412,0.927415471954883,9538
1,1551,0.827565763309125,0.0121036106574367,9739
1,1552,0.971966990796594,0.498425879346298,9674
1,1553,0.802651967669298,0.170156854852013,9542
1,1554,0.980190303588401,0.0150042187676632,9635
1,1555,0.145255198031129,0.99813927858701,9631
1,1556,0.879388909594203,0.859132703623638,9629
1,1557,0.775801722712034,0.576297783763439,9743
1,1558,0.759914980021249,0.420911892032875,9677
1,1559,0.323746147777423,0.112451092173727,9654
1,1560,0.547798093554935,0.251133370321257,9571
1,1561,0.656963466811688,0.218296899883425,9622
1,1562,0.431410303445189,0.414532946061116,9557
1,1563,0.752028791497817,0.0989255000542767,9581
1,1564,0.704075804554998,0.779982349845793,9619
1,1565,0.57414422540465,0.711790342460786,9607
1,1566,0.730809096169693,0.710293456958402,9562
1,1567,0.598099927837599,0.756244910273626,9700
1,1568,0.555328699663307,0.688874042695801,9653
1,1569,0.39258417868336,0.376163495307892,9654
1,1570,0.390088775535699,0.139550141530769,9645
1,1571,0.421181005662498,0.648426409117148,9663
1,1572,0.406588684813696,0.902867222779366,9629
1,1573,0.507633749222345,0.265288758184659,9634
1,1574,0.800327116897574,0.0252805251265576,9651
1,1575,0.653491224022151,0.0283151508610654,9605
1,1576,0.880816581652781,0.415013580656671,9569
1,1577,0.815104564872251,0.747276604649031,9470
1,1578,0.214935948016598,0.604510335023887,9628
1,1579,0.648831731354027,0.0813337894745981,9673
1,1580,0.354138292780846,0.233418906884718,9677
1,1581,0.877972785976923,0.415856905588999,9536
1,1582,0.132610436221975,0.444560569063144,9557
1,1583,0.473892607202314,0.0687497013246689,9594
1,1584,0.30879910812658,0.221050722256071,9522
1,1585,0.190916126333426,0.00593622849098523,9560
1,1586,0.0099238732506665,0.0865523664529696,9675
1,1587,0.165480147892053,0.806247662363341,9528
1,1588,0.611041650631862,0.445221177408099,9537
1,1589,0.851702336175665,0.431759599663873,9705
1,1590,0.0429173673639265,0.707904854105512,9688
1,1591,0.215924178550527,0.853981354528267,9703
1,1592,0.890151132300081,0.786859248083934,9610
1,1593,0.152461734964359,0.535067302649851,9621
1,1594,0.284217057604738,0.183104149058989,9613
1,1595,0.154485186393405,0.0455766568572156,9709
1,1596,0.224035500943519,0.898357049404851,9638
1,1597,0.530982177096264,0.00464906041421707,9572
1,1598,0.834085089151709,0.080596336195791,9649
1,1599,0.143316019089085,0.536284758805712,9680
1,1600,0.499152989678491,0.728204024133699,9503
1,1601,0.053456075869361,0.411930729168733,9652
1,1602,0.404728326410859,0.613774024016561,9612
1,1603,0.519668225296455,0.868944961633098,9593
1,1604,0.365980434690339,0.103437685018252,9700
1,1605,0.0372881024354096,0.322785282754563,9654
1,1606,0.585601837342115,0.994497176367811,9509
1,1607,0.984909674452733,0.634279897260345,9604
1,1608,0.816582632888946,0.95884367584872,9744
1,1609,0.41530702995553,0.833506722080321,9547
1,1610,0.0292008767288685,0.606440222242856,9662
1,1611,0.677264895020732,0.113872196668468,9659
1,1612,0.381419267345065,0.634587878561606,9685
1,1613,0.645059959534975,0.556776132143206,9685
1,1614,0.831566800152193,0.714332661056022,9623
1,1615,0.110972200893767,0.540896587234763,9639
1,1616,0.124185992641169,0.954655577114353,9575
1,1617,0.483838450850686,0.150036281726055,9580
1,1618,0.866993358701724,0.589697803669236,9641
1,1619,0.0222604428839471,0.675680907913774,9518
1,1620,0.556759914237785,0.517044316160468,9647
1,1621,0.861838463250181,0.226984985497564,9602
1,1622,0.76112226563969,0.409213690458537,9591
1,1623,0.301041365751354,0.692597337712165,9595
1,1624,0.292914680681356,0.984199118576885,9636
1,1625,0.994398002078343,0.965092110516172,9659
1,1626,0.580238935728702,0.725105817120726,9662
1,1627,0.690914582796869,0.0660511794482559,9660
1,1628,0.634324454442344,0.948684514207127,9667
1,1629,0.386377347369162,0.719226933605211,9691
1,1630,0.302917730213017,0.166001666376165,9577
1,1631,0.860352644774995,0.61517282517524,9466
1,1632,0.55028420772327,0.878514834558049,9696
1,1633,0.345877629119368,0.198357604047959,9528
1,1634,0.921700413240978,0.848994157883673,9548
1,1635,0.26046542913596,0.2308416021211,9588
1,1636,0.452208895998226,0.841484726942846,9595
1,1637,0.316710951451206,0.44762565885592,9608
1,1638,0.365197242380754,0.860092244241424,9593
1,1639,0.391791795712071,0.0372318532198379,9678
1,1640,0.766447452762233,0.245952389916659,9557
1,1641,0.132644109997939,0.422726604531976,9688
1,1642,0.589589726755125,0.822458857051478,9565
1,1643,0.0836848648205814,0.0734486884129066,9621
1,1644,0.48642691067647,0.00642270798691661,9613
1,1645,0.176447287207357,0.386511528112243,9553
1,1646,0.608907650584354,0.524895829119854,9606
1,1647,0.307966475601266,0.027523748238372,9592
1,1648,0.784469896319735,0.107643863969966,9559
1,1649,0.711318759663484,0.988885544237055,9618
1,1650,0.0971950937557429,0.00201503840642666,9664
1,1651,0.442801054369988,0.563571930345925,9539
1,1652,0.845119923679477,0.627662028678722,9543
1,1653,0.15416729569951,0.738577452608038,9614
1,1654,0.290026208104619,0.46061258474048,9435
1,1655,0.707146309742378,0.847484832250783,9662
1,1656,0.662656301101506,0.986348000095756,9628
1,1657,0.715542909824412,0.539165356537594,9768
1,1658,0.482048547647605,0.479929794282647,9696
1,1659,0.694693303973886,0.849187066703795,9549
1,1660,0.767152438847059,0.163687344830973,9618
1,1661,0.224968202017208,0.205754423408042,9525
1,1662,0.145199648057735,0.371553871791118,9515
1,1663,0.847767381068249,0.171800773822622,9683
1,1664,0.812173640811613,0.786288718620038,9564
1,1665,0.47047359657853,0.376040814154878,9648
1,1666,0.84587841053423,0.547260518881999,9726
1,1667,0.0472498077898925,0.866896012420316,9584
1,1668,0.259945413475718,0.00682735568984695,9654
1,1669,0.743332798029419,0.991493895488402,9604
1,1670,0.0797387287852555,0.0527392490430959,9565
1,1671,0.584653259918645,0.805778906004152,9503
1,1672,0.987225380746582,0.107039482202768,9643
1,1673,0.0903948232438475,0.647351400058112,9548
1,1674,0.467740258231319,0.420081002191572,9496
1,1675,0.964073204040539,0.270719344881569,9656
1,1676,0.603863242024935,0.17633569186653,9638
1,1677,0.519997001056093,0.254605103469031,9616
1,1678,0.625508190260965,0.276115835890847,9654
1,1679,0.852221018905758,0.767307269091027,9689
1,1680,0.16549935928623,0.0477206484038197,9552
1,1681,0.452725919883475,0.162194750359911,9637
1,1682,0.771951107893691,0.623343684590863,9632
1,1683,0.744244247505166,0.467420090008764,9632
1,1684,0.470023973093678,0.0660812371366368,9589
1,1685,0.622206389617909,0.0627125930201576,9672
1,1686,0.930665072357328,0.182018438895037,9658
1,1687,0.413071310667771,0.931478272718389,9614
1,1688,0.904376526098649,0.00832000049166667,9644
1,1689,0.216645509579348,0.864421695815658,9611
1,1690,0.278460032008721,0.677023243657899,9634
1,1691,0.924606097854364,0.135638578434269,9701
1,1692,0.897666869516677,0.159611310604532,9522
1,1693,0.380639653268928,0.113132834617832,9625
1,1694,0.109307252625612,0.600947003924314,9602
1,1695,0.637026107757637,0.834356958170606,9604
1,1696,0.652321950286547,0.481752087034684,9665
1,1697,0.822081278093191,0.295796535118224,9528
1,1698,0.11237169720518,0.67112876975607,9589
1,1699,0.951250647943591,0.406232698772009,9481
1,1700,0.998432403016466,0.803685080526434,9710
1,1701,0.172960199532098,0.252072596211227,9600
1,1702,0.124500528690647,0.234007208765382,9655
1,1703,0.675276245078229,0.0986863408153973,9588
1,1704,0.489645213826038,0.860037028653891,9627
1,1705,0.935362757713142,0.139558870829746,9532
1,1706,0.67251053519316,0.379080370695652,9621
1,1707,0.555901656532723,0.375338747008087,9604
1,1708,0.802670843348894,0.667683974398198,9674
1,1709,0.667149115875443,0.0629557517731822,9640
1,1710,0.284488517287116,0.965487124897281,9741
1,1711,0.339445353036695,0.224785606821652,9629
1,1712,0.108755991295719,0.16800372207047,9534
1,1713,0.722874410127102,0.513688454197871,9674
1,1714,0.161810093046353,0.434536774778855,9685
1,1715,0.369081676059037,0.698442635050639,9620
1,1716,0.165847846593991,0.352900599777324,9646
1,1717,0.498538253985987,0.0503856115494587,9584
1,1718,0.67459796845658,0.647258912643851,9538
1,1719,0.208969341275897,0.187271628173674,9561
1,1720,0.657608857834657,0.764168400951441,9716
1,1721,0.483307702398886,0.108127454970945,9722
1,1722,0.0187004711991006,0.766165769034792,9669
1,1723,0.345489632628561,0.313513409777618,9599
1,1724,0.35360913706563,0.228397439944962,9562
1,1725,0.373396396527937,0.300786466601665,9638
1,1726,0.461906187841157,0.0349870591830092,9720
1,1727,0.016374422127795,0.967380263933582,9605
1,1728,0.600495078829784,0.865259347477637,9537
1,1729,0.10122589951885,0.261847939285499,9639
1,1730,0.872877854501412,0.0162047235578046,9617
1,1731,0.384962216567175,0.761093280664975,9642
1,1732,0.740145925678439,0.113202738015014,9687
1,1733,0.49317152445987,0.361030720626051,9540
1,1734,0.363972034828106,0.377639772904948,9581
1,1735,0.766609959233475,0.36485540295507,9762
1,1736,0.290862382752499,0.0441249536186933,9587
1,1737,0.0966451112169202,0.215689450331382,9694
1,1738,0.550017016194062,0.0570622027841842,9715
1,1739,0.320760663927777,0.665359510626255,9644
1,1740,0.930099217753278,0.67177925221655,9658
1,1741,0.0821035470344692,0.321090657049586,9647
1,1742,0.410821773442613,0.550449266153066,9615
1,1743,0.824081617827557,0.461546402978114,9648
1,1744,0.805208247538329,0.748325047726336,9630
1,1745,0.663408869801251,0.803650210580423,9643
1,1746,0.844277963719121,0.77629331081657,9568
1,1747,0.778762549662293,0.28613166203727,9588
1,1748,0.16469887261911,0.919104736223844,9603
1,1749,0.960325826383569,0.558113918208439,9610
1,1750,0.518131118353912,0.649529592494681,9651
1,1751,0.0264247833337298,0.768060276841267,9564
1,1752,0.257726618462211,0.162263806295433,9537
1,1753,0.565941872934106,0.0425054676097411,9589
1,1754,0.263085987808013,0.973486041040628,9638
1,1755,0.620183105764749,0.578655113365545,9608
1,1756,0.875905568630876,0.659705024890022,9614
1,1757,0.360689571824059,0.352934601668232,9689
1,1758,0.248785672033077,0.575719727402795,9605
1,1759,0.129925683385159,0.352758571743958,9650
1,1760,0.687237742312196,0.397542647053351,9570
1,1761,0.679602538210516,0.705119438354466,9565
1,1762,0.300435659324965,0.467240439573615,9701
1,1763,0.652741180003073,0.983217537212978,9693
1,1764,0.341952332719131,0.342241268343887,9649
1,1765,0.494844935027191,0.679309269919177,9599
1,1766,0.403913077490746,0.561631388604911,9637
1,1767,0.326585694169938,0.135569739797587,9662
1,1768,0.703457889341914,0.626808872429657,9525
1,1769,0.178367485695483,0.643967882860304,9657
1,1770,0.684802669717276,0.837347905800697,9409
1,1771,0.972288549443054,0.375408365149607,9524
1,1772,0.367423321768441,0.0213550068698463,9611
1,1773,0.0136354800827984,0.78321476905789,9691
1,1774,0.0157786809670342,0.386575761025668,9431
1,1775,0.270977089354045,0.356803037824986,9570
1,1776,0.10157419893505,0.851375221120627,9694
1,1777,0.539973920838303,0.755046619210017,9662
1,1778,0.142878970023663,0.835591836377767,9637
1,1779,0.735081676055982,0.868847432060726,9678
1,1780,0.542140784993423,0.360369176677943,9656
1,1781,0.644146170977837,0.730811788345141,9604
1,1782,0.642129126961093,0.820066386020709,9500
1,1783,0.816569691799848,0.966591479579587,9596
1,1784,0.710966935920174,0.658901887220652,9690
1,1785,0.887145419342326,0.972470332650196,9496
1,1786,0.468744670328101,0.0653189344513301,9583
1,1787,0.99329126880037,0.0448823535125303,9532
1,1788,0.199778175080151,0.629788644534474,9575
1,1789,0.985802732686182,0.409958264709359,9645
1,1790,0.218524750381124,0.639723251512544,9708
1,1791,0.120182624618765,0.205248882438266,9662
1,1792,0.462176661593896,0.270315397650132,9678
1,1793,0.173825892593848,0.524476037561354,9671
1,1794,0.46536141625494,0.438718606413459,9610
1,1795,0.558430748576486,0.929617392348294,9692
1,1796,0.0549390862408298,0.0975399054652772,9572
1,1797,0.495181833535464,0.182580347946096,9665
1,1798,0.5995960185553,0.880973834320625,9640
1,1799,0.841526301181418,0.616198873226445,9596
1,1800,0.301620048603579,0.624262785871137,9612
1,1801,0.288637215396499,0.275676967062977,9651
1,1802,0.433285405878149,0.74027959402011,9562
1,1803,0.197872919042465,0.937426239830236,9559
1,1804,0.206457443679066,0.293963767522448,9609
1,1805,0.477232739741302,0.702118381866046,9505
1,1806,0.963957619658881,0.853465462928346,9637
1,1807,0.562582353954966,0.697084646098434,9663
1,1808,0.39126382900186,0.257256137562515,9513
1,1809,0.640068107475683,0.263777257347069,9562
1,1810,0.173216975156685,0.276861078434211,9682
1,1811,0.721310506819733,0.658502568436305,9622
1,1812,0.424163447805276,0.932719031466475,9727
1,1813,0.98670232426625,0.985342331612191,9542
1,1814,0.0543237500645024,0.141987996636012,9612
1,1815,0.473692090904662,0.802969869039443,9603
1,1816,0.768791356149434,0.678317298972429,9727
1,1817,0.500174680132598,0.453119310578023,9640
1,1818,0.710656941916458,0.914697710353929,9609
1,1819,0.0505333378228175,0.265108956132291,9604
1,1820,0.812534955931436,0.788056417773396,9584
1,1821,0.963192112343203,0.468382950247068,9620
1,1822,0.69255961003583,0.951365111877735,9384
1,1823,0.369706687446378,0.00421019850922636,9628
1,1824,0.0247968055110888,0.536774040968871,9555
1,1825,0.819424830536336,0.350856028300416,9643
1,1826,0.588421192534448,0.948380191220544,9537
1,1827,0.626812454714721,0.506999832527524,9594
1,1828,0.911317264117199,0.209587157586121,9692
1,1829,0.733047605130851,0.108244338566272,9569
1,1830,0.949458365008477,0.162161513324735,9568
1,1831,0.569670343701402,0.71359749726234,9700
1,1832,0.200835622916887,0.235725965164031,9635
1,1833,0.257065186926683,0.112600334369285,9586
1,1834,0.0118434445595644,0.621665044161918,9649
1,1835,0.213215523044646,0.879156712035101,9739
1,1836,0.249337934436134,0.607333395759983,9662
1,1837,0.82804412963643,0.381479978901512,9447
1,1838,0.356588132852643,0.71165509757575,9636
1,1839,0.546727249552807,0.790271422685126,9744
1,1840,0.325221509667533,0.459709725465033,9638
1,1841,0.776645013772241,0.978136786013303,9676
1,1842,0.0781557479673306,0.290125360748102,9610
1,1843,0.924884852326442,0.212535835127388,9701
1,1844,0.868432745162836,0.616366228192528,9524
1,1845,0.555467508686985,0.532312782930378,9664
1,1846,0.619238569464926,0.934121343541575,9592
1,1847,0.0411741113048175,0.454105700032463,9668
1,1848,0.190085480632435,0.0232083219530967,9644
1,1849,0.00154088578359317,0.502464728973651,9665
1,1850,0.638772550343617,0.898453236931511,9662
1,1851,0.48883214701441,0.0868370947783639,9649
1,1852,0.569574021695655,0.921438061712239,9597
1,1853,0.264730991880032,0.982048771208404,9690
1,1854,0.624917485325219,0.137139254287924,9681
1,1855,0.819345467913555,0.339670192020401,9606
1,1856,0.34400893905882,0.492669108396306,9613
1,1857,0.413711336425139,0.748834095623602,9589
1,1858,0.00258141056567636,0.0436291097827797,9649
1,1859,0.85269265911137,0.119788436541723,9618
1,1860,0.200288268878382,0.200485759973175,9475
1,1861,0.633593743792586,0.601977589103359,9656
1,1862,0.840195980864432,0.605184713118252,9666
1,1863,0.53676901938688,0.875858549185721,9633
1,1864,0.575745220164469,0.930218787913997,9664
1,1865,0.420865706363921,0.879103074738983,9694
1,1866,0.636479894469256,0.360603198782294,9550
1,1867,0.466950369174798,0.40484710093685,9662
1,1868,0.628485704412853,0.86635622739878,9609
1,1869,0.983813911056909,0.779179601768869,9705
1,1870,0.997283160567781,0.0408288418880444,9605
1,1871,0.230782315355187,0.0944343321461708,9648
1,1872,0.770851929866993,0.567372123495806,9695
1,1873,0.541359966981078,0.535820976164156,9696
1,1874,0.0696363070722346,0.103744600046839,9605
1,1875,0.00512970139442443,0.0447471596103589,9525
1,1876,0.897439538994669,0.832089893960072,9420
1,1877,0.532929792351462,0.672589966093649,9718
1,1878,0.850745674764791,0.400779440284216,9574
1,1879,0.483127556033833,0.675176184918368,9677
1,1880,0.109962413405447,0.151698960355295,9600
1,1881,0.969518687117664,0.902798960261169,9648
1,1882,0.116143683531267,0.495394260282514,9676
1,1883,0.456701256805451,0.74118526614288,9634
1,1884,0.97301143768836,0.643508927162915,9545
1,1885,0.581399305861785,0.429110667695091,9485
1,1886,0.297420845088762,0.509249865358838,9585
1,1887,0.130824603474155,0.248446813791162,9628
1,1888,0.00446700112210988,0.0524244192826777,9586
1,1889,0.219511019157531,0.168660149136542,9659
1,1890,0.836351576816857,0.829748618057569,9638
1,1891,0.92602070591224,0.894994595116936,9609
1,1892,0.277209637627259,0.982974273213233,9483
1,1893,0.569626608848438,0.505689100199595,9643
1,1894,0.333756211822195,0.38906565170632,9436
1,1895,0.544623358730254,0.54668602282973,9610
1,1896,0.408794773944826,0.10517657857999,9443
1,1897,0.787529240697313,0.930954092879164,9641
1,1898,0.576995364646639,0.829173801592278,9544
1,1899,0.484327205191697,0.404955173049566,9726
1,1900,0.589963671012263,0.960220054414074,9661
1,1901,0.154648043978968,0.331519770358352,9630
1,1902,0.242719715708781,0.892991808161258,9567
1,1903,0.452975929597843,0.63816857698632,9589
1,1904,0.993270861415714,0.342706084794793,9679
1,1905,0.326731475111021,0.659287417097289,9633
1,1906,0.686947812275837,0.905750043489796,9599
1,1907,0.0965021880505883,0.336539824706854,9592
1,1908,0.358711143346102,0.562805654541875,9602
1,1909,0.197178980688688,0.0378069835392176,9631
1,1910,0.508988824784101,0.870931341835419,9627
1,1911,0.44579991388865,0.709598913031111,9580
1,1912,0.161910779844865,0.155064777401334,9527
1,1913,0.744240022276853,0.256062422138579,9642
1,1914,0.299130159969426,0.77411405912703,9523
1,1915,0.311482116568502,0.267266463306836,9665
1,1916,0.4873354246804,0.113147509574604,9576
1,1917,0.748666035141531,0.24781395252284,9633
1,1918,0.221271434915447,0.0296656177425931,9535
1,1919,0.111563400988904,0.976564654928835,9597
1,1920,0.493599458024864,0.836778138103857,9572
1,1921,0.285725979826796,0.199408998204447,9604
1,1922,0.986159523818606,0.802061467050452,9593
1,1923,0.942164020843181,0.16242074838188,9647
1,1924,0.441081677309097,0.042955476637398,9642
1,1925,0.765779957928598,0.0865036336972456,9667
1,1926,0.546169445661927,0.436043382765614,9683
1,1927,0.867326736551495,0.575258844185211,9692
1,1928,0.156613384475486,0.0606767293544771,9644
1,1929,0.716115139198127,0.893363799622663,9789
1,1930,0.204104191745276,0.361801674045878,9600
1,1931,0.836704857030108,0.392914489802105,9612
1,1932,0.0582886525896211,0.624766122075444,9692
1,1933,0.304107714823125,0.280912492356346,9625
1,1934,0.87153126405751,0.309972945529385,9703
1,1935,0.750618528903298,0.399545865925098,9580
1,1936,0.229761928721366,0.14366529407423,9650
1,1937,0.3449189337785,0.334718444511233,9588
1,1938,0.987239859071185,0.4641529051425,9568
1,1939,0.367842918694769,0.39251360591429,9622
1,1940,0.84819353651528,0.186768696384612,9594
1,1941,0.898396137662282,0.317615628754202,9663
1,1942,0.704287728110208,0.614957599798244,9712
1,1943,0.707204597639721,0.418600195480534,9594
1,1944,0.642954191015914,0.979936088142333,9484
1,1945,0.213435120690247,0.272281690855582,9725
1,1946,0.731097896253841,0.201540845152224,9660
1,1947,0.139939623126989,0.374839076687578,9524
1,1948,0.62879348551921,0.457548089360728,9584
1,1949,0.807963991665845,0.176128534958126,9601
1,1950,0.713086985667738,0.278188815885873,9560
1,1951,0.0267444904558529,0.985263984905687,9711
1,1952,0.338644933896448,0.552715900618256,9659
1,1953,0.0894941052855124,0.0543479912417601,9637
1,1954,0.241360763325078,0.0866876045955994,9688
1,1955,0.0639312305040325,0.284970550603313,9645
1,1956,0.287994384412411,0.910040346730441,9592
1,1957,0.896002991092935,0.898604935183459,9419
1,1958,0.366062302650472,0.410964968083463,9555
1,1959,0.16682818322414,0.900866469854716,9628
1,1960,0.172490464896536,0.290070518019798,9653
1,1961,0.579228081702598,0.364093862515649,9725
1,1962,0.550566472588044,0.818103664436565,9695
1,1963,0.190743438048264,0.432690725484567,9585
1,1964,0.69255639119284,0.8967000634707,9654
1,1965,0.38918402609046,0.407601160338168,9622
1,1966,0.565741739415007,0.545641358471672,9583
1,1967,0.631149655393405,0.0763442703474606,9656
1,1968,0.692284087983386,0.206501958813991,9654
1,1969,0.889346673625613,0.435162355199176,9611
1,1970,0.0596699285785111,0.282697771407833,9541
1,1971,0.460822139268682,0.341166989403736,9585
1,1972,0.23057889588212,0.669077831249852,9594
1,1973,0.517037119862516,0.109734734613249,9561
1,1974,0.446164194916093,0.187817283776044,9590
1,1975,0.768685556075389,0.443534331070713,9609
1,1976,0.532974742922008,0.814911276345721,9573
1,1977,0.970154050036178,0.782900284850457,9577
1,1978,0.824352344223861,0.990001486114891,9615
1,1979,0.363080626106406,0.692792691463531,9541
1,1980,0.63512017392287,0.750317832435723,9619
1,1981,0.47640193121381,0.363987095022821,9622
1,1982,0.16323638956232,0.136089641319253,9731
1,1983,0.336282878998344,0.549132118547397,9645
1,1984,0.633325746445648,0.974058638957678,9603
1,1985,0.203467109813247,0.631416487171331,9709
1,1986,0.238537742018105,0.681825507899514,9649
1,1987,0.619884658225545,0.933953426956698,9619
1,1988,0.298163387268551,0.28865848205977,9714
1,1989,0.769139920488598,0.227077363559509,9514
1,1990,0.905130419373332,0.441820125670379,9610
1,1991,0.105186600993626,0.876551687708808,9699
1,1992,0.157987696628221,0.421855131522589,9553
1,1993,0.574898724507489,0.767945122829513,9681
1,1994,0.612239698022102,0.700635355461126,9662
1,1995,0.792983755681557,0.187422365836189,9659
1,1996,0.0422446758266297,0.909086115359848,9602
1,1997,0.0576417326110256,0.272750498340537,9662
1,1998,0.409260694173795,0.260556470576524,9649
1,1999,0.405952704480855,0.92062922645778,9634
1,2000,0.330306514175129,0.415829669947338,9646
