cell,part,role,n,k,null_cell,reps_in_file,reps_kept,identity_failures,max_identity_absdiff,no_pvalue,degenerate,lecessie_rejection,mcse,band_lo,band_hi,in_band,lecessie_size_adj,lecessie_null_crit,lecessie_null_level,edge_rejection,edge_size_adj,edge_null_crit,edge_null_level,median_sec,family_name,lecessie_only,edge_only,mcnemar_p,holm_p,lead_or_tie,null_in_band
stk_long_n500,A,alternative,500,,null_link_n500,500,500,0,5.55111512312578e-16,0,0,0.068,0.0112584190719657,0.0207596169655731,0.0792403830344269,,0.068,0.0505831221430375,0.05,0.096,0.12,0.0617357695612896,0.05,0.0599999999999987,Stukel symmetric family,19,33,0.0703942210670625,1,TRUE,TRUE
stk_long_n1000,A,alternative,1000,,null_link_n1000,500,500,0,6.66133814775094e-16,0,0,0.102,0.0135348439222623,0.0207596169655731,0.0792403830344269,,0.098,0.0456044768335207,0.05,0.148,0.14,0.0450471169053923,0.05,0.609999999999999,Stukel symmetric family,30,53,0.0152322018619947,0.304644037239894,TRUE,TRUE
stk_short_n500,A,alternative,500,,null_link_n500,500,500,0,5.55111512312578e-16,0,0,0.124,0.0147393351274744,0.0207596169655731,0.0792403830344269,,0.124,0.0505831221430375,0.05,0.476,0.546,0.0617357695612896,0.05,0.0600000000000023,Stukel symmetric family,22,198,1.36733922516193e-36,4.37548552051817e-35,TRUE,TRUE
stk_short_n1000,A,alternative,1000,,null_link_n1000,500,500,0,4.9960036108132e-16,0,0,0.32,0.0208614476966485,0.0207596169655731,0.0792403830344269,,0.296,0.0456044768335207,0.05,0.9,0.89,0.0450471169053923,0.05,0.589999999999996,Stukel symmetric family,3,293,6.79047329585725e-83,2.30876092059147e-81,TRUE,TRUE
stk_asym_n500,A,alternative,500,,null_link_n500,500,500,0,4.9960036108132e-16,0,0,0.784,0.0184034779321736,0.0207596169655731,0.0792403830344269,,0.784,0.0505831221430375,0.05,0.91,0.928,0.0617357695612896,0.05,0.0599999999999952,asymmetric links,7,70,3.52456942623517e-14,9.16388050821143e-13,TRUE,TRUE
stk_asym_n1000,A,alternative,1000,,null_link_n1000,500,500,0,2.63677968348475e-16,0,0,0.992,0.0039839678713564,0.0207596169655731,0.0792403830344269,,0.992,0.0456044768335207,0.05,1,0.998,0.0450471169053923,0.05,0.629999999999996,asymmetric links,0,4,0.125,1,TRUE,TRUE
cauchit_n500,A,alternative,500,,null_link_n500,500,500,0,5.55111512312578e-16,0,0,0.052,0.00992935043192655,0.0207596169655731,0.0792403830344269,,0.052,0.0505831221430375,0.05,0.12,0.148,0.0617357695612896,0.05,0.0600000000000023,symmetric tails,15,49,2.43645721629333e-05,0.000536020587584532,TRUE,TRUE
cauchit_n1000,A,alternative,1000,,null_link_n1000,500,500,0,6.66133814775094e-16,0,0,0.094,0.0130509769749241,0.0207596169655731,0.0792403830344269,,0.09,0.0456044768335207,0.05,0.254,0.24,0.0450471169053923,0.05,0.609999999999999,symmetric tails,20,100,5.50839085025403e-14,1.32201380406097e-12,TRUE,TRUE
t4_n500,A,alternative,500,,null_link_n500,500,500,0,6.66133814775094e-16,0,0,0.052,0.00992935043192655,0.0207596169655731,0.0792403830344269,,0.058,0.0505831221430375,0.05,0.054,0.062,0.0617357695612896,0.05,0.0600000000000023,symmetric tails,21,22,1,1,TRUE,TRUE
t4_n1000,A,alternative,1000,,null_link_n1000,500,500,0,6.66133814775094e-16,0,0,0.056,0.0102824121683582,0.0207596169655731,0.0792403830344269,,0.048,0.0456044768335207,0.05,0.08,0.076,0.0450471169053923,0.05,0.609999999999999,symmetric tails,18,30,0.111402891061019,1,TRUE,TRUE
loglog_n500,A,alternative,500,,null_link_n500,500,500,0,5.55111512312578e-16,0,0,0.228,0.0187625158227781,0.0207596169655731,0.0792403830344269,,0.23,0.0505831221430375,0.05,0.352,0.402,0.0617357695612896,0.05,0.0600000000000023,asymmetric links,24,86,2.23206731631999e-09,5.13375482753597e-08,TRUE,TRUE
loglog_n1000,A,alternative,1000,,null_link_n1000,500,500,0,5.55111512312578e-16,0,0,0.448,0.0222394244529844,0.0207596169655731,0.0792403830344269,,0.43,0.0456044768335207,0.05,0.714,0.686,0.0450471169053923,0.05,0.609999999999999,asymmetric links,10,143,2.69857746588263e-31,8.36559014423616e-30,TRUE,TRUE
loglog_base_n610,A,alternative,610,,null_base_n610,500,500,0,5.55111512312578e-16,0,0,0.266,0.0197607692157972,0.0207596169655731,0.0792403830344269,,0.286,0.0577194924364877,0.05,0.44,0.496,0.0604025529054404,0.05,0.120000000000005,asymmetric links,26,113,3.95734820051665e-14,9.89337050129162e-13,TRUE,TRUE
loglog_base_n1000,A,alternative,1000,,null_base_n1000,500,500,0,4.9960036108132e-16,0,0,0.472,0.0223255906976725,0.0207596169655731,0.0792403830344269,,0.488,0.056318662972825,0.05,0.736,0.72,0.0451362292555591,0.05,0.599999999999994,asymmetric links,14,146,6.95569773584724e-29,2.08670932075417e-27,TRUE,TRUE
cauchit_auc_n460,A,alternative,460,,null_auc_n460,500,500,0,5.55111512312578e-16,0,0,0.2,0.0178885438199983,0.0207596169655731,0.0792403830344269,,0.168,0.0373792912253423,0.05,0.47,0.458,0.0468840081148006,0.05,0.0500000000000114,symmetric tails,20,155,4.61751549651938e-27,1.29290433902543e-25,TRUE,TRUE
cauchit_auc_n760,A,alternative,760,,null_auc_n760,500,500,0,5.55111512312578e-16,0,0,0.316,0.020791536739741,0.0207596169655731,0.0792403830344269,,0.278,0.0403730445651327,0.05,0.654,0.642,0.047387569607576,0.05,0.22999999999999,symmetric tails,4,173,4.22301564175731e-46,1.39359516177991e-44,TRUE,TRUE
loglog_auc_n380,A,alternative,380,,null_auc_n380,500,500,0,5.55111512312578e-16,0,0,0.184,0.0173288199251998,0.0207596169655731,0.0792403830344269,,0.168,0.0464681484893196,0.05,0.356,0.31,0.0420918349073903,0.05,0.0300000000000011,asymmetric links,23,109,1.38657239320935e-14,3.74374546166524e-13,TRUE,TRUE
loglog_auc_n640,A,alternative,640,,null_auc_n640,500,500,0,5.27355936696949e-16,0,0,0.348,0.0213023942316351,0.0207596169655731,0.0792403830344269,,0.37,0.0565832492131516,0.05,0.606,0.682,0.0688332280506188,0.05,0.139999999999986,asymmetric links,14,143,4.22937053870802e-28,1.22651745622533e-26,TRUE,TRUE
loglog_e12_n1000,A,alternative,1000,,null_e12_n1000,500,500,0,5.55111512312578e-16,0,0,0.282,0.0201234191925726,0.0207596169655731,0.0792403830344269,,0.272,0.0465563310073709,0.05,0.352,0.402,0.0623875841811043,0.05,0.590000000000003,asymmetric links,32,67,0.000562208248357051,0.0118063732154981,TRUE,TRUE
crossover_n1000,A,alternative,1000,,null_crossover_n1000,500,500,0,6.66133814775094e-16,0,0,0.992,0.0039839678713564,0.0207596169655731,0.0792403830344269,,0.99,0.0453106875810123,0.05,0.074,0.066,0.0444607331974458,0.05,0.590000000000003,off-index,459,0,1.34357522151341e-138,4.70251327529693e-137,FALSE,TRUE
