cell,test,rejection,size_adj,missing
RQ_cloglog_clean_n1000,RQD.Huber,0.607,0.61,0
RQ_cloglog_clean_n1000,RQD.Mallows,0.607,0.61,0
RQ_cloglog_clean_n1000,EDGE.default,0.795,0.795,0
RQ_cloglog_clean_n1000,EDGE.G10,0.762,0.779,0
RQ_logit_C1_k1_n1000,RQD.Huber,0.071,,0
RQ_logit_C1_k1_n1000,RQD.Mallows,0.044,,0
RQ_logit_C1_k1_n1000,EDGE.default,0.045,,0
RQ_logit_C1_k1_n1000,EDGE.G10,0.05,,0
RQ_logit_C1_k10_n1000,RQD.Huber,0.205,,0
RQ_logit_C1_k10_n1000,RQD.Mallows,0.168,,0
RQ_logit_C1_k10_n1000,EDGE.default,0.081,,0
RQ_logit_C1_k10_n1000,EDGE.G10,0.063,,0
RQ_logit_C1_k2_n1000,RQD.Huber,0.087,,0
RQ_logit_C1_k2_n1000,RQD.Mallows,0.047,,0
RQ_logit_C1_k2_n1000,EDGE.default,0.048,,0
RQ_logit_C1_k2_n1000,EDGE.G10,0.049,,0
RQ_logit_C1_k5_n1000,RQD.Huber,0.153,,0
RQ_logit_C1_k5_n1000,RQD.Mallows,0.078,,0
RQ_logit_C1_k5_n1000,EDGE.default,0.053,,0
RQ_logit_C1_k5_n1000,EDGE.G10,0.046,,0
RQ_logit_C1b_k1_n1000,RQD.Huber,0.175,,0
RQ_logit_C1b_k1_n1000,RQD.Mallows,0.048,,0
RQ_logit_C1b_k1_n1000,EDGE.default,0.049,,0
RQ_logit_C1b_k1_n1000,EDGE.G10,0.047,,0
RQ_logit_C1b_k10_n1000,RQD.Huber,0.923,,0
RQ_logit_C1b_k10_n1000,RQD.Mallows,0.789,,0
RQ_logit_C1b_k10_n1000,EDGE.default,0.412,,0
RQ_logit_C1b_k10_n1000,EDGE.G10,0.192,,0
RQ_logit_C1b_k2_n1000,RQD.Huber,0.331,,0
RQ_logit_C1b_k2_n1000,RQD.Mallows,0.075,,0
RQ_logit_C1b_k2_n1000,EDGE.default,0.057,,0
RQ_logit_C1b_k2_n1000,EDGE.G10,0.056,,0
RQ_logit_C1b_k5_n1000,RQD.Huber,0.711,,0
RQ_logit_C1b_k5_n1000,RQD.Mallows,0.322,,0
RQ_logit_C1b_k5_n1000,EDGE.default,0.127,,0
RQ_logit_C1b_k5_n1000,EDGE.G10,0.081,,0
RQ_logit_clean_n1000,RQD.Huber,0.049,,0
RQ_logit_clean_n1000,RQD.Mallows,0.047,,0
RQ_logit_clean_n1000,EDGE.default,0.048,,0
RQ_logit_clean_n1000,EDGE.G10,0.046,,0
